,variant
19,E27M
26,E4T
43,D5S
104,T12M
218,D5P
238,M21L
273,D5W
276,M1W
314,E4V
425,V24I
429,E4Y
439,G38E
453,D61W
478,D5T
484,E4I
528,T58E
572,Q10H
580,E4P
590,I36D
614,E8K
616,I7A
634,D5I
639,D5H
679,T12C
703,D5Q
717,D5M
747,D5V
752,E27C
753,E8C
759,E4Q
763,T20H
777,E25Q
804,D5N
813,R23N
814,E4S
822,D5F
849,E4M
886,E27L
891,V55I
910,E4L
917,R23K
970,E8F
1028,S71K
1061,V31C
1076,E8H
1090,E4F
1128,D5Y
1129,E4H
1162,E4C
1172,Q10P
1219,S71C
1239,E4N
1242,K3F
1248,D5A
1267,E8Q
1284,E27Q
1294,E4A
1309,E4W
1316,D5L
1339,D5C
