variant,DMS_rich,activity,activity_scaled,activity_binary,activity_binary_90p,activity_binary_95p
M1A,0.07875,0.07875,0.2363403006967363,0,0,0
M1C,0.022,0.022,0.19471947194719472,0,0,0
M1D,0.034,0.034,0.20352035203520347,0,0,0
M1E,0.1155,0.1155,0.26329299596626327,0,0,0
M1F,0.059,0.059,0.22185551888522181,0,0,0
M1G,-0.00175,-0.00175,0.17730106343967728,0,0,0
M1H,0.1475,0.1475,0.28676200953428677,0,0,0
M1I,0.118,0.118,0.2651265126512651,0,0,0
M1K,0.1915,0.1915,0.319031903190319,0,0,0
M1L,0.080333333,0.080333333,0.23750152768610192,0,0,0
M1N,0.4075,0.4075,0.47744774477447743,0,0,0
M1P,-0.03775,-0.03775,0.1508984231756509,0,0,0
M1Q,0.1395,0.1395,0.2808947561422809,0,0,0
M1R,0.076333333,0.076333333,0.23456790099009897,0,0,0
M1S,0.052833333,0.052833333,0.21733284415108173,0,0,0
M1T,0.08725,0.08725,0.24257425742574254,0,0,0
M1V,0.21475,0.21475,0.33608360836083606,0,0,0
M1W,0.024,0.024,0.1961862852951962,0,0,0
M1Y,0.2365,0.2365,0.352035203520352,0,0,0
A2C,0.8935,0.8935,0.8338833883388338,0,0,0
A2D,1.0375,1.0375,0.9394939493949395,1,1,1
A2E,1.013,1.013,0.9215254858819214,1,1,1
A2F,1.0605,1.0605,0.9563623028969563,1,1,1
A2G,0.717,0.717,0.7044371103777043,0,0,0
A2H,1.0095,1.0095,0.918958562522919,1,1,1
A2I,1.057333333,1.057333333,0.9540398481848185,1,1,1
A2K,1.0695,1.0695,0.9629629629629628,1,1,1
A2L,1.022666667,1.022666667,0.9286150839750641,1,1,1
A2M,1.035,1.035,0.9376604327099375,1,1,1
A2N,1.0545,1.0545,0.9519618628529519,1,1,1
A2P,0.967,0.967,0.8877887788778877,0,0,0
A2Q,1.0185,1.0185,0.9255592225889254,1,1,1
A2R,0.981166667,0.981166667,0.8981787070040336,1,0,0
A2S,1.009166667,1.009166667,0.9187140938760542,1,1,1
A2T,1.01075,1.01075,0.9198753208654198,1,1,1
A2V,1.03275,1.03275,0.936010267693436,1,1,1
A2W,0.833,0.833,0.7895122845617895,0,0,0
A2Y,1.08,1.08,0.9706637330399707,1,1,1
K3A,0.6885,0.6885,0.6835350201686834,0,0,0
K3C,0.8355,0.8355,0.7913458012467912,0,0,0
K3D,0.7115,0.7115,0.7004033736707004,0,0,0
K3E,0.918,0.918,0.8518518518518517,0,0,0
K3F,0.905,0.905,0.8423175650898422,0,0,0
K3G,0.42875,0.42875,0.493032636596993,0,0,0
K3H,0.721,0.721,0.7073707370737072,0,0,0
K3I,0.985333333,0.985333333,0.9012345676567657,1,0,0
K3L,0.746,0.746,0.7257059039237257,0,0,0
K3M,0.203,0.203,0.3274660799413274,0,0,0
K3N,0.7785,0.7785,0.7495416208287494,0,0,0
K3P,0.91575,0.91575,0.85020168683535,0,0,0
K3Q,0.981,0.981,0.8980564723138978,1,0,0
K3R,0.7455,0.7455,0.7253392005867253,0,0,0
K3S,0.480833333,0.480833333,0.5312309006233955,0,0,0
K3T,0.786,0.786,0.755042170883755,0,0,0
K3V,0.8045,0.8045,0.7686101943527686,0,0,0
K3W,0.064,0.064,0.2255225522552255,0,0,0
K3Y,0.705,0.705,0.6956362302896955,0,0,0
E4A,0.853,0.853,0.8041804180418041,0,0,0
E4C,0.994,0.994,0.9075907590759075,1,0,0
E4D,0.992,0.992,0.906123945727906,1,0,0
E4F,1.0455,1.0455,0.9453612027869454,1,1,1
E4G,0.67675,0.67675,0.6749174917491748,0,0,0
E4H,0.989,0.989,0.9039237257059037,1,0,0
E4I,1.015666667,1.015666667,0.923481237257059,1,1,1
E4K,0.9915,0.9915,0.9057572423909057,1,0,0
E4L,0.9845,0.9845,0.9006233956729005,1,0,0
E4M,1.008,1.008,0.9178584525119178,1,1,0
E4N,1.0115,1.0115,0.9204253758709204,1,1,1
E4P,0.893,0.893,0.8335166850018335,0,0,0
E4Q,0.994,0.994,0.9075907590759075,1,0,0
E4R,0.810333333,0.810333333,0.7728883997066373,0,0,0
E4S,0.950833333,0.950833333,0.8759320374037401,0,0,0
E4T,0.997,0.997,0.9097909790979096,1,0,0
E4V,0.99775,0.99775,0.9103410341034102,1,0,0
E4W,0.666,0.666,0.6670333700036669,0,0,0
E4Y,1.017,1.017,0.9244591125779243,1,1,1
D5A,0.99075,0.99075,0.9052071873854052,1,0,0
D5C,1.0095,1.0095,0.918958562522919,1,1,1
D5E,1.029,1.029,0.9332599926659332,1,1,1
D5F,1.0485,1.0485,0.9475614228089475,1,1,1
D5G,0.8995,0.8995,0.8382838283828382,0,0,0
D5H,1.0125,1.0125,0.921158782544921,1,1,1
D5I,1.049,1.049,0.9479281261459478,1,1,1
D5K,1.0255,1.0255,0.9306930693069306,1,1,1
D5L,1.0235,1.0235,0.9292262559589292,1,1,1
D5M,1.038,1.038,0.9398606527319399,1,1,1
D5N,1.0465,1.0465,0.946094609460946,1,1,1
D5P,0.99025,0.99025,0.9048404840484047,1,0,0
D5Q,1.0295,1.0295,0.9336266960029336,1,1,1
D5R,0.849,0.849,0.8012467913458011,0,0,0
D5S,1.023666667,1.023666667,0.9293484906490649,1,1,1
D5T,1.024,1.024,0.9295929592959296,1,1,1
D5V,1.0095,1.0095,0.918958562522919,1,1,1
D5W,0.873,0.873,0.8188485515218188,0,0,0
D5Y,1.0605,1.0605,0.9563623028969563,1,1,1
N6A,0.7175,0.7175,0.7048038137147048,0,0,0
N6C,1.0025,1.0025,0.9138247158049138,1,1,0
N6D,1.0075,1.0075,0.9174917491749175,1,1,0
N6E,0.9795,0.9795,0.8969563623028969,0,0,0
N6F,1.012,1.012,0.9207920792079207,1,1,1
N6G,0.4595,0.4595,0.5155848918225155,0,0,0
N6H,1.007,1.007,0.917125045837917,1,1,0
N6I,1.011333333,1.011333333,0.9203031411807847,1,1,1
N6K,1.007,1.007,0.917125045837917,1,1,0
N6L,1.004333333,1.004333333,0.9151692944627795,1,1,0
N6M,0.976,0.976,0.8943894389438943,0,0,0
N6P,0.98125,0.98125,0.8982398239823981,1,0,0
N6Q,1.0045,1.0045,0.9152915291529152,1,1,0
N6R,0.853166667,0.853166667,0.8043026527319398,0,0,0
N6S,0.98,0.98,0.8973230656398973,0,0,0
N6T,1.003,1.003,0.914191419141914,1,1,0
N6V,0.9965,0.9965,0.9094242757609093,1,0,0
N6W,0.846,0.846,0.7990465713237989,0,0,0
N6Y,1.005,1.005,0.9156582324899155,1,1,0
I7A,0.82275,0.82275,0.7819948661532818,0,0,0
I7C,0.987,0.987,0.9024569123579023,1,0,0
I7D,0.9705,0.9705,0.8903557022368902,0,0,0
I7E,0.93,0.93,0.8606527319398606,0,0,0
I7F,1.0245,1.0245,0.9299596626329298,1,1,1
I7G,0.69125,0.69125,0.6855518885221854,0,0,0
I7H,0.9835,0.9835,0.8998899889988998,1,0,0
I7K,0.9795,0.9795,0.8969563623028969,0,0,0
I7L,0.9545,0.9545,0.8786211954528785,0,0,0
I7M,0.933,0.933,0.8628529519618628,0,0,0
I7N,0.9715,0.9715,0.891089108910891,0,0,0
I7P,0.79275,0.79275,0.7599926659332599,0,0,0
I7Q,0.948,0.948,0.8738540520718737,0,0,0
I7R,0.852666667,0.852666667,0.8039359493949395,0,0,0
I7S,0.9325,0.9325,0.8624862486248623,0,0,0
I7T,0.882,0.882,0.8254492115878254,0,0,0
I7V,0.8415,0.8415,0.7957462412907956,0,0,0
I7W,0.964,0.964,0.8855885588558855,0,0,0
I7Y,0.9845,0.9845,0.9006233956729005,1,0,0
E8A,0.77325,0.77325,0.7456912357902457,0,0,0
E8C,0.8985,0.8985,0.8375504217088374,0,0,0
E8D,0.896,0.896,0.8357169050238356,0,0,0
E8F,0.8785,0.8785,0.8228822882288227,0,0,0
E8G,0.7705,0.7705,0.7436743674367436,0,0,0
E8H,0.9105,0.9105,0.8463513017968461,0,0,0
E8I,0.908666667,0.908666667,0.8450067231389804,0,0,0
E8K,0.9385,0.9385,0.8668866886688668,0,0,0
E8L,0.8875,0.8875,0.8294829482948294,0,0,0
E8M,0.903,0.903,0.8408507517418408,0,0,0
E8N,0.9755,0.9755,0.8940227356068939,0,0,0
E8P,0.83225,0.83225,0.7889622295562888,0,0,0
E8Q,0.913,0.913,0.8481848184818481,0,0,0
E8R,0.7945,0.7945,0.7612761276127612,0,0,0
E8S,0.879666667,0.879666667,0.8237379295929592,0,0,0
E8T,0.90825,0.90825,0.8447011367803446,0,0,0
E8V,0.815,0.815,0.7763109644297762,0,0,0
E8W,0.781,0.781,0.7513751375137513,0,0,0
E8Y,0.9315,0.9315,0.8617528419508617,0,0,0
M9A,0.71225,0.71225,0.7009534286762009,0,0,0
M9C,0.6145,0.6145,0.6292629262926293,0,0,0
M9D,0.592,0.592,0.6127612761276127,0,0,0
M9E,0.6205,0.6205,0.6336633663366337,0,0,0
M9F,0.604,0.604,0.6215621562156214,0,0,0
M9G,0.63175,0.63175,0.6419141914191419,0,0,0
M9H,0.795,0.795,0.7616428309497615,0,0,0
M9I,0.771,0.771,0.7440410707737439,0,0,0
M9K,0.89,0.89,0.8313164649798311,0,0,0
M9L,0.7255,0.7255,0.7106710671067107,0,0,0
M9N,0.7675,0.7675,0.7414741474147413,0,0,0
M9P,0.5405,0.5405,0.5749908324165749,0,0,0
M9Q,0.776,0.776,0.7477081041437477,0,0,0
M9R,0.7785,0.7785,0.7495416208287494,0,0,0
M9S,0.7195,0.7195,0.7062706270627063,0,0,0
M9T,0.72225,0.72225,0.7082874954162082,0,0,0
M9V,0.649,0.649,0.6545654565456546,0,0,0
M9W,0.666,0.666,0.6670333700036669,0,0,0
M9Y,0.7245,0.7245,0.7099376604327098,0,0,0
Q10A,0.71325,0.71325,0.7016868353502016,0,0,0
Q10C,0.9315,0.9315,0.8617528419508617,0,0,0
Q10D,0.956,0.956,0.8797213054638796,0,0,0
Q10E,0.9765,0.9765,0.8947561422808946,0,0,0
Q10F,0.9015,0.9015,0.8397506417308397,0,0,0
Q10G,0.95775,0.95775,0.8810047671433808,0,0,0
Q10H,0.9025,0.9025,0.8404840484048404,0,0,0
Q10I,0.959,0.959,0.8819215254858818,0,0,0
Q10K,0.9455,0.9455,0.872020535386872,0,0,0
Q10L,0.952,0.952,0.8767876787678767,0,0,0
Q10M,0.934,0.934,0.8635863586358635,0,0,0
Q10N,0.943,0.943,0.87018701870187,0,0,0
Q10P,0.9205,0.9205,0.8536853685368535,0,0,0
Q10R,0.921666667,0.921666667,0.85454100990099,0,0,0
Q10S,0.902666667,0.902666667,0.840606283094976,0,0,0
Q10T,0.92725,0.92725,0.8586358635863585,0,0,0
Q10V,0.95625,0.95625,0.8799046571323799,0,0,0
Q10W,0.916,0.916,0.8503850385038503,0,0,0
Q10Y,0.9595,0.9595,0.8822882288228823,0,0,0
G11A,0.964,0.964,0.8855885588558855,0,0,0
G11C,0.903,0.903,0.8408507517418408,0,0,0
G11D,-0.2435,-0.2435,0.0,0,0,0
G11E,-0.0685,-0.0685,0.12834616795012832,0,0,0
G11F,0.257,0.257,0.367070040337367,0,0,0
G11H,0.042,0.042,0.20938760542720936,0,0,0
G11I,-0.118333333,-0.118333333,0.09179806894022735,0,0,0
G11K,-0.094,-0.094,0.10964429776310963,0,0,0
G11L,0.172333333,0.172333333,0.3049749416941694,0,0,0
G11M,0.548,0.548,0.5804913824715805,0,0,0
G11N,0.0085,0.0085,0.1848184818481848,0,0,0
G11P,0.024,0.024,0.1961862852951962,0,0,0
G11Q,-0.0415,-0.0415,0.1481481481481481,0,0,0
G11R,0.068166667,0.068166667,0.2285784136413641,0,0,0
G11S,0.906166667,0.906166667,0.8431732064539786,0,0,0
G11T,0.47575,0.47575,0.5275027502750274,0,0,0
G11V,0.647,0.647,0.6530986431976531,0,0,0
G11W,0.032,0.032,0.202053538687202,0,0,0
G11Y,0.077,0.077,0.23505683901723504,0,0,0
T12A,0.9815,0.9815,0.8984231756508984,1,0,0
T12C,0.7385,0.7385,0.7202053538687201,0,0,0
T12D,0.9625,0.9625,0.8844884488448843,0,0,0
T12E,0.9865,0.9865,0.902090209020902,1,0,0
T12F,0.982,0.982,0.8987898789878987,1,0,0
T12G,0.96225,0.96225,0.8843050971763843,0,0,0
T12H,0.97,0.97,0.8899889988998899,0,0,0
T12I,0.826666667,0.826666667,0.7848673758709204,0,0,0
T12K,0.9825,0.9825,0.899156582324899,1,0,0
T12L,0.925333333,0.925333333,0.8572301672167216,0,0,0
T12M,1.012,1.012,0.9207920792079207,1,1,1
T12N,0.9835,0.9835,0.8998899889988998,1,0,0
T12P,0.68375,0.68375,0.6800513384671799,0,0,0
T12Q,0.9725,0.9725,0.8918225155848917,0,0,0
T12R,0.977833333,0.977833333,0.8957340176017601,0,0,0
T12S,0.987666667,0.987666667,0.9029458503850385,1,0,0
T12V,0.95625,0.95625,0.8799046571323799,0,0,0
T12W,0.997,0.997,0.9097909790979096,1,0,0
T12Y,0.9795,0.9795,0.8969563623028969,0,0,0
V13A,0.97,0.97,0.8899889988998899,0,0,0
V13C,0.9695,0.9695,0.8896222955628896,0,0,0
V13D,-0.002,-0.002,0.1771177117711771,0,0,0
V13E,-0.105,-0.105,0.10157682434910158,0,0,0
V13F,0.0445,0.0445,0.21122112211221117,0,0,0
V13G,0.047,0.047,0.213054638797213,0,0,0
V13H,-0.016,-0.016,0.16685001833516683,0,0,0
V13I,0.971666667,0.971666667,0.8912113436010267,0,0,0
V13K,-0.0975,-0.0975,0.10707737440410706,0,0,0
V13L,0.938666667,0.938666667,0.8670089233590025,0,0,0
V13M,0.792,0.792,0.7594426109277594,0,0,0
V13N,0.8555,0.8555,0.8060139347268059,0,0,0
V13P,0.3115,0.3115,0.40704070407040693,0,0,0
V13Q,-0.0205,-0.0205,0.16354968830216354,0,0,0
V13R,-0.048666667,-0.048666667,0.14289206674000732,0,0,0
V13S,0.789333333,0.789333333,0.7574868595526217,0,0,0
V13T,0.95475,0.95475,0.8788045471213787,0,0,0
V13W,-0.038,-0.038,0.1507150715071507,0,0,0
V13Y,-0.1105,-0.1105,0.09754308764209754,0,0,0
L14A,0.95125,0.95125,0.8762376237623761,0,0,0
L14C,0.9565,0.9565,0.88008800880088,0,0,0
L14D,0.9495,0.9495,0.8749541620828749,0,0,0
L14E,0.965,0.965,0.8863219655298862,0,0,0
L14F,0.948,0.948,0.8738540520718737,0,0,0
L14G,0.9595,0.9595,0.8822882288228823,0,0,0
L14H,0.977,0.977,0.895122845617895,0,0,0
L14I,0.973333333,0.973333333,0.8924336875687569,0,0,0
L14K,0.959,0.959,0.8819215254858818,0,0,0
L14M,0.964,0.964,0.8855885588558855,0,0,0
L14N,0.969,0.969,0.8892555922258891,0,0,0
L14P,0.045,0.045,0.21158782544921154,0,0,0
L14Q,0.968,0.968,0.8885221855518884,0,0,0
L14R,0.957333333,0.957333333,0.8806991807847451,0,0,0
L14S,0.960166667,0.960166667,0.8827771668500183,0,0,0
L14T,0.96,0.96,0.8826549321598826,0,0,0
L14V,0.9555,0.9555,0.8793546021268793,0,0,0
L14W,0.973,0.973,0.8921892189218921,0,0,0
L14Y,0.9485,0.9485,0.8742207554088741,0,0,0
E15A,0.9415,0.9415,0.869086908690869,0,0,0
E15C,0.9605,0.9605,0.8830216354968828,0,0,0
E15D,0.9665,0.9665,0.8874220755408873,0,0,0
E15F,0.9755,0.9755,0.8940227356068939,0,0,0
E15G,0.97175,0.97175,0.8912724605793911,0,0,0
E15H,0.959,0.959,0.8819215254858818,0,0,0
E15I,0.948666667,0.948666667,0.8743429900990097,0,0,0
E15K,0.7635,0.7635,0.7385405207187383,0,0,0
E15L,0.8715,0.8715,0.8177484415108176,0,0,0
E15M,0.972,0.972,0.8914558122478914,0,0,0
E15N,0.9625,0.9625,0.8844884488448843,0,0,0
E15P,0.30625,0.30625,0.4031903190319031,0,0,0
E15Q,0.94,0.94,0.8679867986798678,0,0,0
E15R,0.773833333,0.773833333,0.7461190561056105,0,0,0
E15S,0.962666667,0.962666667,0.88461068353502,0,0,0
E15T,0.94675,0.94675,0.8729372937293729,0,0,0
E15V,0.93775,0.93775,0.8663366336633662,0,0,0
E15W,0.919,0.919,0.8525852585258525,0,0,0
E15Y,0.982,0.982,0.8987898789878987,1,0,0
T16A,0.989,0.989,0.9039237257059037,1,0,0
T16C,0.9885,0.9885,0.9035570223689035,1,0,0
T16D,0.98,0.98,0.8973230656398973,0,0,0
T16E,0.9285,0.9285,0.8595526219288594,0,0,0
T16F,0.9375,0.9375,0.8661532819948661,0,0,0
T16G,0.982,0.982,0.8987898789878987,1,0,0
T16H,0.9705,0.9705,0.8903557022368902,0,0,0
T16I,1.001,1.001,0.9127246057939126,1,1,0
T16K,1.045,1.045,0.9449944994499448,1,1,1
T16L,0.9935,0.9935,0.9072240557389072,1,0,0
T16M,1.025,1.025,0.9303263659699302,1,1,1
T16N,1.0095,1.0095,0.918958562522919,1,1,1
T16P,0.96725,0.96725,0.8879721305463879,0,0,0
T16Q,0.984,0.984,0.9002566923359002,1,0,0
T16R,0.997666667,0.997666667,0.9102799171250456,1,0,0
T16S,0.968333333,0.968333333,0.8887666541987531,0,0,0
T16V,0.98725,0.98725,0.9026402640264025,1,0,0
T16W,0.806,0.806,0.7697103043637697,0,0,0
T16Y,0.964,0.964,0.8855885588558855,0,0,0
L17A,0.96775,0.96775,0.8883388338833882,0,0,0
L17C,0.9735,0.9735,0.8925559222588925,0,0,0
L17D,0.9785,0.9785,0.8962229556288961,0,0,0
L17E,0.9775,0.9775,0.8954895489548954,0,0,0
L17F,0.9705,0.9705,0.8903557022368902,0,0,0
L17G,0.967,0.967,0.8877887788778877,0,0,0
L17H,0.9835,0.9835,0.8998899889988998,1,0,0
L17I,1.007666667,1.007666667,0.9176139838650531,1,1,0
L17K,1.034,1.034,0.9369270260359369,1,1,1
L17M,0.988,0.988,0.9031903190319032,1,0,0
L17N,1.006,1.006,0.9163916391639163,1,1,0
L17P,0.3895,0.3895,0.4642464246424642,0,0,0
L17Q,0.9395,0.9395,0.8676200953428675,0,0,0
L17R,0.962166667,0.962166667,0.8842439801980198,0,0,0
L17S,0.989833333,0.989833333,0.9045348976897689,1,0,0
L17T,0.97525,0.97525,0.8938393839383937,0,0,0
L17V,1.00475,1.00475,0.9154748808214155,1,1,0
L17W,0.955,0.955,0.8789878987898788,0,0,0
L17Y,0.9655,0.9655,0.8866886688668867,0,0,0
P18A,0.9285,0.9285,0.8595526219288594,0,0,0
P18C,0.948,0.948,0.8738540520718737,0,0,0
P18D,0.4855,0.4855,0.5346534653465346,0,0,0
P18E,0.528,0.528,0.5658232489915658,0,0,0
P18F,0.984,0.984,0.9002566923359002,1,0,0
P18G,0.8985,0.8985,0.8375504217088374,0,0,0
P18H,0.989,0.989,0.9039237257059037,1,0,0
P18I,0.997,0.997,0.9097909790979096,1,0,0
P18K,0.973,0.973,0.8921892189218921,0,0,0
P18L,0.981,0.981,0.8980564723138978,1,0,0
P18M,0.981,0.981,0.8980564723138978,1,0,0
P18N,0.9555,0.9555,0.8793546021268793,0,0,0
P18Q,0.972,0.972,0.8914558122478914,0,0,0
P18R,0.9165,0.9165,0.8507517418408506,0,0,0
P18S,0.959,0.959,0.8819215254858818,0,0,0
P18T,0.97225,0.97225,0.8916391639163914,0,0,0
P18V,0.98425,0.98425,0.9004400440044003,1,0,0
P18W,0.603,0.603,0.6208287495416208,0,0,0
P18Y,1.004,1.004,0.9149248258159148,1,1,0
N19A,0.998,0.998,0.9105243857719104,1,0,0
N19C,1.001,1.001,0.9127246057939126,1,1,0
N19D,0.99,0.99,0.9046571323799046,1,0,0
N19E,0.998,0.998,0.9105243857719104,1,0,0
N19F,1.0025,1.0025,0.9138247158049138,1,1,0
N19G,1.006,1.006,0.9163916391639163,1,1,0
N19H,1.0235,1.0235,0.9292262559589292,1,1,1
N19I,1.002,1.002,0.9134580124679134,1,1,0
N19K,1.0135,1.0135,0.9218921892189219,1,1,1
N19L,0.9925,0.9925,0.9064906490649064,1,0,0
N19M,1.0,1.0,0.9119911991199119,1,1,0
N19P,0.70075,0.70075,0.6925192519251925,0,0,0
N19Q,0.992,0.992,0.906123945727906,1,0,0
N19R,1.010666667,1.010666667,0.9198142038870553,1,1,1
N19S,0.995666667,0.995666667,0.9088131037770442,1,0,0
N19T,1.00275,1.00275,0.914008067473414,1,1,0
N19V,1.007,1.007,0.917125045837917,1,1,0
N19W,1.002,1.002,0.9134580124679134,1,1,0
N19Y,1.0035,1.0035,0.9145581224789145,1,1,0
T20A,0.972,0.972,0.8914558122478914,0,0,0
T20C,0.979,0.979,0.8965896589658964,0,0,0
T20D,0.881,0.881,0.8247158049138247,0,0,0
T20E,0.911,0.911,0.8467180051338467,0,0,0
T20F,0.971,0.971,0.8907224055738906,0,0,0
T20G,0.97175,0.97175,0.8912724605793911,0,0,0
T20H,0.9695,0.9695,0.8896222955628896,0,0,0
T20I,0.974666667,0.974666667,0.8934115636230289,0,0,0
T20K,0.945,0.945,0.8716538320498715,0,0,0
T20L,0.964333333,0.964333333,0.8858330275027502,0,0,0
T20M,0.968,0.968,0.8885221855518884,0,0,0
T20N,0.9255,0.9255,0.8573524019068572,0,0,0
T20P,0.94975,0.94975,0.8751375137513749,0,0,0
T20Q,0.971,0.971,0.8907224055738906,0,0,0
T20R,0.976166667,0.976166667,0.89451167363403,0,0,0
T20S,0.9805,0.9805,0.8976897689768976,1,0,0
T20V,1.001,1.001,0.9127246057939126,1,1,0
T20W,0.913,0.913,0.8481848184818481,0,0,0
T20Y,0.965,0.965,0.8863219655298862,0,0,0
M21A,0.98625,0.98625,0.9019068573524017,1,0,0
M21C,0.995,0.995,0.9083241657499082,1,0,0
M21D,0.949,0.949,0.8745874587458744,0,0,0
M21E,0.9695,0.9695,0.8896222955628896,0,0,0
M21F,0.9775,0.9775,0.8954895489548954,0,0,0
M21G,0.98975,0.98975,0.9044737807114044,1,0,0
M21H,0.9985,0.9985,0.9108910891089108,1,0,0
M21I,0.986666667,0.986666667,0.9022124437110377,1,0,0
M21K,1.0085,1.0085,0.9182251558489182,1,1,0
M21L,1.002333333,1.002333333,0.913702481114778,1,1,0
M21N,1.013,1.013,0.9215254858819214,1,1,1
M21P,0.11125,0.11125,0.2601760176017602,0,0,0
M21Q,0.993,0.993,0.9068573524019067,1,0,0
M21R,0.992333333,0.992333333,0.9063684143747707,1,0,0
M21S,0.995833333,0.995833333,0.9089353377337733,1,0,0
M21T,0.995,0.995,0.9083241657499082,1,0,0
M21V,0.9205,0.9205,0.8536853685368535,0,0,0
M21W,0.995,0.995,0.9083241657499082,1,0,0
M21Y,0.991,0.991,0.9053905390539052,1,0,0
F22A,1.0155,1.0155,0.9233590025669234,1,1,1
F22C,0.9975,0.9975,0.9101576824349101,1,0,0
F22D,0.239,0.239,0.3538687202053538,0,0,0
F22E,0.4255,0.4255,0.49064906490649063,0,0,0
F22G,1.01625,1.01625,0.9239090575724239,1,1,1
F22H,0.8895,0.8895,0.8309497616428309,0,0,0
F22I,0.853666667,0.853666667,0.8046693560689401,0,0,0
F22K,0.8385,0.8385,0.7935460212687935,0,0,0
F22L,0.881333333,0.881333333,0.8249602735606893,0,0,0
F22M,0.982,0.982,0.8987898789878987,1,0,0
F22N,0.995,0.995,0.9083241657499082,1,0,0
F22P,0.14825,0.14825,0.28731206453978725,0,0,0
F22Q,0.9945,0.9945,0.9079574624129079,1,0,0
F22R,0.875,0.875,0.8203153648698203,0,0,0
F22S,1.009166667,1.009166667,0.9187140938760542,1,1,1
F22T,0.98675,0.98675,0.9022735606894022,1,0,0
F22V,0.9475,0.9475,0.8734873487348734,0,0,0
F22W,0.956,0.956,0.8797213054638796,0,0,0
F22Y,0.984,0.984,0.9002566923359002,1,0,0
R23A,0.9835,0.9835,0.8998899889988998,1,0,0
R23C,0.9955,0.9955,0.9086908690869087,1,0,0
R23D,0.966,0.966,0.887055372203887,0,0,0
R23E,0.971,0.971,0.8907224055738906,0,0,0
R23F,0.9785,0.9785,0.8962229556288961,0,0,0
R23G,0.986,0.986,0.9017235056839017,1,0,0
R23H,0.9865,0.9865,0.902090209020902,1,0,0
R23I,1.007666667,1.007666667,0.9176139838650531,1,1,0
R23K,0.989,0.989,0.9039237257059037,1,0,0
R23L,1.004833333,1.004833333,0.91553599779978,1,1,0
R23M,0.989,0.989,0.9039237257059037,1,0,0
R23N,0.903,0.903,0.8408507517418408,0,0,0
R23P,0.96825,0.96825,0.8887055372203887,0,0,0
R23Q,0.9965,0.9965,0.9094242757609093,1,0,0
R23S,0.984833333,0.984833333,0.9008678643197652,1,0,0
R23T,0.981,0.981,0.8980564723138978,1,0,0
R23V,0.9905,0.9905,0.9050238357169049,1,0,0
R23W,0.978,0.978,0.8958562522918958,0,0,0
R23Y,0.996,0.996,0.9090575724239089,1,0,0
V24A,0.999,0.999,0.9112577924459111,1,0,0
V24C,1.004,1.004,0.9149248258159148,1,1,0
V24D,0.0325,0.0325,0.20242024202420242,0,0,0
V24E,0.092,0.092,0.24605793912724605,0,0,0
V24F,0.1165,0.1165,0.264026402640264,0,0,0
V24G,-0.04975,-0.04975,0.14209754308764205,0,0,0
V24H,0.079,0.079,0.2365236523652365,0,0,0
V24I,0.990666667,0.990666667,0.9051460704070406,1,0,0
V24K,-0.0315,-0.0315,0.15548221488815547,0,0,0
V24L,0.995333333,0.995333333,0.9085686343967729,1,0,0
V24M,0.917,0.917,0.8511184451778511,0,0,0
V24N,0.0065,0.0065,0.18335166850018333,0,0,0
V24P,0.06975,0.06975,0.22973964063072974,0,0,0
V24Q,-0.0555,-0.0555,0.13788045471213786,0,0,0
V24R,0.018833333,0.018833333,0.1923970172350568,0,0,0
V24S,0.609666667,0.609666667,0.6257181276127612,0,0,0
V24T,1.0045,1.0045,0.9152915291529152,1,1,0
V24W,-0.075,-0.075,0.12357902456912355,0,0,0
V24Y,-0.2425,-0.2425,0.0007334066740007339,0,0,0
E25A,0.9885,0.9885,0.9035570223689035,1,0,0
E25C,0.996,0.996,0.9090575724239089,1,0,0
E25D,0.9825,0.9825,0.899156582324899,1,0,0
E25F,0.9945,0.9945,0.9079574624129079,1,0,0
E25G,0.98925,0.98925,0.904107077374404,1,0,0
E25H,0.996,0.996,0.9090575724239089,1,0,0
E25I,1.003333333,1.003333333,0.9144358877887788,1,1,0
E25K,1.0115,1.0115,0.9204253758709204,1,1,1
E25L,0.986666667,0.986666667,0.9022124437110377,1,0,0
E25M,1.009,1.009,0.9185918591859185,1,1,1
E25N,0.982,0.982,0.8987898789878987,1,0,0
E25P,0.60225,0.60225,0.6202786945361202,0,0,0
E25Q,0.994,0.994,0.9075907590759075,1,0,0
E25R,1.001666667,1.001666667,0.9132135438210488,1,1,0
E25S,0.995,0.995,0.9083241657499082,1,0,0
E25T,0.994,0.994,0.9075907590759075,1,0,0
E25V,0.9935,0.9935,0.9072240557389072,1,0,0
E25W,0.98,0.98,0.8973230656398973,0,0,0
E25Y,1.0035,1.0035,0.9145581224789145,1,1,0
L26A,0.70975,0.70975,0.6991199119911989,0,0,0
L26C,0.7505,0.7505,0.7290062339567289,0,0,0
L26D,0.68,0.68,0.6773010634396772,0,0,0
L26E,0.616,0.616,0.6303630363036302,0,0,0
L26F,0.8405,0.8405,0.795012834616795,0,0,0
L26G,0.69625,0.69625,0.6892189218921893,0,0,0
L26H,0.6685,0.6685,0.6688668866886688,0,0,0
L26I,0.699,0.699,0.691235790245691,0,0,0
L26K,0.56,0.56,0.5892922625595893,0,0,0
L26M,0.826,0.826,0.7843784378437842,0,0,0
L26N,0.6915,0.6915,0.6857352401906857,0,0,0
L26P,0.5985,0.5985,0.6175284195086175,0,0,0
L26Q,0.615,0.615,0.6296296296296295,0,0,0
L26R,0.582833333,0.582833333,0.6060383813714704,0,0,0
L26S,0.657833333,0.657833333,0.6610438819215254,0,0,0
L26T,0.6545,0.6545,0.6585991932526585,0,0,0
L26V,0.73875,0.73875,0.7203887055372203,0,0,0
L26W,0.429,0.429,0.4932159882654932,0,0,0
L26Y,0.65,0.65,0.6552988632196552,0,0,0
E27A,0.849,0.849,0.8012467913458011,0,0,0
E27C,0.793,0.793,0.7601760176017601,0,0,0
E27D,0.8535,0.8535,0.8045471213788045,0,0,0
E27F,0.8125,0.8125,0.7744774477447744,0,0,0
E27G,0.81225,0.81225,0.7742940960762742,0,0,0
E27H,0.799,0.799,0.7645764576457644,0,0,0
E27I,0.835333333,0.835333333,0.7912235665566555,0,0,0
E27K,0.8315,0.8315,0.7884121745507883,0,0,0
E27L,0.844,0.844,0.7975797579757974,0,0,0
E27M,0.852,0.852,0.8034470113678033,0,0,0
E27N,0.8335,0.8335,0.7898789878987897,0,0,0
E27P,0.7235,0.7235,0.7092042537587092,0,0,0
E27Q,0.826,0.826,0.7843784378437842,0,0,0
E27R,0.819666667,0.819666667,0.7797335291529152,0,0,0
E27S,0.840833333,0.840833333,0.7952573032636596,0,0,0
E27T,0.8405,0.8405,0.795012834616795,0,0,0
E27V,0.86375,0.86375,0.812064539787312,0,0,0
E27W,0.776,0.776,0.7477081041437477,0,0,0
E27Y,0.8295,0.8295,0.7869453612027868,0,0,0
N28A,0.8705,0.8705,0.817015034836817,0,0,0
N28C,0.886,0.886,0.8283828382838283,0,0,0
N28D,0.8435,0.8435,0.7972130546387971,0,0,0
N28E,0.7545,0.7545,0.7319398606527319,0,0,0
N28F,0.7225,0.7225,0.7084708470847084,0,0,0
N28G,0.83275,0.83275,0.7893289328932892,0,0,0
N28H,0.8525,0.8525,0.8038137147048038,0,0,0
N28I,0.891333333,0.891333333,0.8322943403006966,0,0,0
N28K,0.9035,0.9035,0.8412174550788412,0,0,0
N28L,0.842166667,0.842166667,0.7962351793179316,0,0,0
N28M,0.849,0.849,0.8012467913458011,0,0,0
N28P,0.8205,0.8205,0.7803447011367803,0,0,0
N28Q,0.8445,0.8445,0.7979464613127979,0,0,0
N28R,0.888,0.888,0.8298496516318297,0,0,0
N28S,0.846,0.846,0.7990465713237989,0,0,0
N28T,0.78575,0.78575,0.7548588192152548,0,0,0
N28V,0.848,0.848,0.8005133846718003,0,0,0
N28W,0.736,0.736,0.7183718371837183,0,0,0
N28Y,0.726,0.726,0.711037770443711,0,0,0
G29A,0.9905,0.9905,0.9050238357169049,1,0,0
G29C,1.0005,1.0005,0.9123579024569123,1,1,0
G29D,0.994,0.994,0.9075907590759075,1,0,0
G29E,1.001,1.001,0.9127246057939126,1,1,0
G29F,1.001,1.001,0.9127246057939126,1,1,0
G29H,1.0085,1.0085,0.9182251558489182,1,1,0
G29I,0.970333333,0.970333333,0.8902334675467546,0,0,0
G29K,1.011,1.011,0.9200586725339199,1,1,1
G29L,0.9985,0.9985,0.9108910891089108,1,0,0
G29M,1.002,1.002,0.9134580124679134,1,1,0
G29N,0.9985,0.9985,0.9108910891089108,1,0,0
G29P,0.706,0.706,0.6963696369636962,0,0,0
G29Q,1.0005,1.0005,0.9123579024569123,1,1,0
G29R,1.006666667,1.006666667,0.9168805771910523,1,1,0
G29S,0.9985,0.9985,0.9108910891089108,1,0,0
G29T,1.00575,1.00575,0.916208287495416,1,1,0
G29V,0.981,0.981,0.8980564723138978,1,0,0
G29W,1.001,1.001,0.9127246057939126,1,1,0
G29Y,0.977,0.977,0.895122845617895,0,0,0
H30A,0.99475,0.99475,0.9081408140814081,1,0,0
H30C,1.001,1.001,0.9127246057939126,1,1,0
H30D,0.938,0.938,0.8665199853318665,0,0,0
H30E,0.9465,0.9465,0.8727539420608726,0,0,0
H30F,1.002,1.002,0.9134580124679134,1,1,0
H30G,0.9825,0.9825,0.899156582324899,1,0,0
H30I,0.990333333,0.990333333,0.9049016010267692,1,0,0
H30K,0.9925,0.9925,0.9064906490649064,1,0,0
H30L,0.984833333,0.984833333,0.9008678643197652,1,0,0
H30M,1.001,1.001,0.9127246057939126,1,1,0
H30N,0.9855,0.9855,0.9013568023469013,1,0,0
H30P,0.96875,0.96875,0.889072240557389,0,0,0
H30Q,0.987,0.987,0.9024569123579023,1,0,0
H30R,0.993166667,0.993166667,0.9069795870920424,1,0,0
H30S,0.983333333,0.983333333,0.8997677543087642,1,0,0
H30T,0.9845,0.9845,0.9006233956729005,1,0,0
H30V,1.00475,1.00475,0.9154748808214155,1,1,0
H30W,0.997,0.997,0.9097909790979096,1,0,0
H30Y,0.9865,0.9865,0.902090209020902,1,0,0
V31A,1.01325,1.01325,0.9217088375504217,1,1,1
V31C,1.02,1.02,0.9266593325999266,1,1,1
V31D,1.005,1.005,0.9156582324899155,1,1,0
V31E,0.9975,0.9975,0.9101576824349101,1,0,0
V31F,1.007,1.007,0.917125045837917,1,1,0
V31G,1.004,1.004,0.9149248258159148,1,1,0
V31H,1.0085,1.0085,0.9182251558489182,1,1,0
V31I,1.004333333,1.004333333,0.9151692944627795,1,1,0
V31K,1.0015,1.0015,0.9130913091309131,1,1,0
V31L,0.997333333,0.997333333,0.9100354477447744,1,0,0
V31M,0.998,0.998,0.9105243857719104,1,0,0
V31N,1.015,1.015,0.9229922992299229,1,1,1
V31P,0.992,0.992,0.906123945727906,1,0,0
V31Q,1.0025,1.0025,0.9138247158049138,1,1,0
V31R,1.011166667,1.011166667,0.9201809072240557,1,1,1
V31S,1.009166667,1.009166667,0.9187140938760542,1,1,1
V31T,1.00825,1.00825,0.918041804180418,1,1,0
V31W,1.012,1.012,0.9207920792079207,1,1,1
V31Y,1.007,1.007,0.917125045837917,1,1,0
V32A,0.922,0.922,0.8547854785478547,0,0,0
V32C,0.97,0.97,0.8899889988998899,0,0,0
V32D,0.059,0.059,0.22185551888522181,0,0,0
V32E,0.253,0.253,0.36413641364136407,0,0,0
V32F,0.9655,0.9655,0.8866886688668867,0,0,0
V32G,0.913,0.913,0.8481848184818481,0,0,0
V32H,0.9465,0.9465,0.8727539420608726,0,0,0
V32I,1.003333333,1.003333333,0.9144358877887788,1,1,0
V32K,0.8735,0.8735,0.8192152548588191,0,0,0
V32L,1.013666667,1.013666667,0.9220144239090575,1,1,1
V32M,0.988,0.988,0.9031903190319032,1,0,0
V32N,0.991,0.991,0.9053905390539052,1,0,0
V32P,0.772,0.772,0.7447744774477447,0,0,0
V32Q,0.9965,0.9965,0.9094242757609093,1,0,0
V32R,0.898666667,0.898666667,0.837672656398973,0,0,0
V32S,0.9545,0.9545,0.8786211954528785,0,0,0
V32T,0.997,0.997,0.9097909790979096,1,0,0
V32W,0.386,0.386,0.4616795012834616,0,0,0
V32Y,0.94,0.94,0.8679867986798678,0,0,0
T33A,0.98675,0.98675,0.9022735606894022,1,0,0
T33C,1.007,1.007,0.917125045837917,1,1,0
T33D,0.9815,0.9815,0.8984231756508984,1,0,0
T33E,0.9715,0.9715,0.891089108910891,0,0,0
T33F,0.9995,0.9995,0.9116244957829116,1,0,0
T33G,0.98225,0.98225,0.8989732306563988,1,0,0
T33H,1.012,1.012,0.9207920792079207,1,1,1
T33I,1.016,1.016,0.9237257059039237,1,1,1
T33K,1.006,1.006,0.9163916391639163,1,1,0
T33L,0.999166667,0.999166667,0.9113800271360468,1,0,0
T33M,0.998,0.998,0.9105243857719104,1,0,0
T33N,1.0095,1.0095,0.918958562522919,1,1,1
T33P,0.8025,0.8025,0.7671433810047671,0,0,0
T33Q,1.0045,1.0045,0.9152915291529152,1,1,0
T33R,1.002,1.002,0.9134580124679134,1,1,0
T33S,0.988,0.988,0.9031903190319032,1,0,0
T33V,1.00875,1.00875,0.9184085075174183,1,1,1
T33W,0.991,0.991,0.9053905390539052,1,0,0
T33Y,0.9805,0.9805,0.8976897689768976,1,0,0
A34C,1.001,1.001,0.9127246057939126,1,1,0
A34D,-0.0955,-0.0955,0.10854418775210853,0,0,0
A34E,0.038,0.038,0.2064539787312064,0,0,0
A34F,0.3525,0.3525,0.43711037770443706,0,0,0
A34G,1.01275,1.01275,0.9213421342134213,1,1,1
A34H,0.296,0.296,0.3956729006233956,0,0,0
A34I,0.709,0.709,0.6985698569856984,0,0,0
A34K,-0.0685,-0.0685,0.12834616795012832,0,0,0
A34L,0.760166667,0.760166667,0.7360958320498716,0,0,0
A34M,0.822,0.822,0.7814448111477813,0,0,0
A34N,0.803,0.803,0.7675100843417674,0,0,0
A34P,0.9735,0.9735,0.8925559222588925,0,0,0
A34Q,0.3235,0.3235,0.41584158415841577,0,0,0
A34R,0.0035,0.0035,0.18115144847818113,0,0,0
A34S,1.006833333,1.006833333,0.9170028111477815,1,1,0
A34T,0.98775,0.98775,0.9030069673634029,1,0,0
A34V,0.93875,0.93875,0.867070040337367,0,0,0
A34W,-0.155,-0.155,0.0649064906490649,0,0,0
A34Y,0.2055,0.2055,0.32929959662632924,0,0,0
H35A,0.9735,0.9735,0.8925559222588925,0,0,0
H35C,0.99,0.99,0.9046571323799046,1,0,0
H35D,0.661,0.661,0.6633663366336634,0,0,0
H35E,0.609,0.609,0.6252291895856252,0,0,0
H35F,1.0305,1.0305,0.9343601026769343,1,1,1
H35G,0.9875,0.9875,0.9028236156949028,1,0,0
H35I,0.987333333,0.987333333,0.9027013810047672,1,0,0
H35K,0.985,0.985,0.9009900990099008,1,0,0
H35L,0.999666667,0.999666667,0.9117467304730471,1,1,0
H35M,0.99,0.99,0.9046571323799046,1,0,0
H35N,0.987,0.987,0.9024569123579023,1,0,0
H35P,0.97875,0.97875,0.8964063072973963,0,0,0
H35Q,0.9895,0.9895,0.9042904290429042,1,0,0
H35R,1.0085,1.0085,0.9182251558489182,1,1,0
H35S,0.9765,0.9765,0.8947561422808946,0,0,0
H35T,0.9995,0.9995,0.9116244957829116,1,0,0
H35V,0.98975,0.98975,0.9044737807114044,1,0,0
H35W,0.978,0.978,0.8958562522918958,0,0,0
H35Y,1.007,1.007,0.917125045837917,1,1,0
I36A,0.9495,0.9495,0.8749541620828749,0,0,0
I36C,0.9985,0.9985,0.9108910891089108,1,0,0
I36D,0.2915,0.2915,0.39237257059039227,0,0,0
I36E,0.9335,0.9335,0.8632196552988631,0,0,0
I36F,0.533,0.533,0.5694902823615694,0,0,0
I36G,0.9245,0.9245,0.8566189952328565,0,0,0
I36H,0.6745,0.6745,0.6732673267326731,0,0,0
I36K,0.9745,0.9745,0.8932893289328931,0,0,0
I36L,1.003333333,1.003333333,0.9144358877887788,1,1,0
I36M,0.981,0.981,0.8980564723138978,1,0,0
I36N,0.961,0.961,0.8833883388338832,0,0,0
I36P,0.97575,0.97575,0.8942060872753941,0,0,0
I36Q,0.904,0.904,0.8415841584158414,0,0,0
I36R,0.9555,0.9555,0.8793546021268793,0,0,0
I36S,0.986,0.986,0.9017235056839017,1,0,0
I36T,0.99225,0.99225,0.9063072973964061,1,0,0
I36V,1.0025,1.0025,0.9138247158049138,1,1,0
I36W,0.319,0.319,0.4125412541254125,0,0,0
I36Y,0.454,0.454,0.5115511551155115,0,0,0
S37A,0.93775,0.93775,0.8663366336633662,0,0,0
S37C,0.983,0.983,0.8995232856618993,1,0,0
S37D,0.658,0.658,0.661166116611661,0,0,0
S37E,0.235,0.235,0.35093509350935087,0,0,0
S37F,0.1745,0.1745,0.30656398973230653,0,0,0
S37G,0.91675,0.91675,0.8509350935093508,0,0,0
S37H,0.8365,0.8365,0.792079207920792,0,0,0
S37I,0.801333333,0.801333333,0.7662877396406306,0,0,0
S37K,0.9425,0.9425,0.8698203153648697,0,0,0
S37L,0.54,0.54,0.5746241290795746,0,0,0
S37M,0.842,0.842,0.7961129446277959,0,0,0
S37N,0.987,0.987,0.9024569123579023,1,0,0
S37P,0.30975,0.30975,0.4057572423909057,0,0,0
S37Q,0.7935,0.7935,0.7605427209387604,0,0,0
S37R,0.9795,0.9795,0.8969563623028969,0,0,0
S37T,0.929,0.929,0.8599193252658599,0,0,0
S37V,0.76775,0.76775,0.7416574990832415,0,0,0
S37W,0.609,0.609,0.6252291895856252,0,0,0
S37Y,0.528,0.528,0.5658232489915658,0,0,0
G38A,0.83775,0.83775,0.7929959662632929,0,0,0
G38C,0.5055,0.5055,0.5493215988265492,0,0,0
G38D,0.2025,0.2025,0.3270993766043271,0,0,0
G38E,0.507,0.507,0.5504217088375504,0,0,0
G38F,0.8025,0.8025,0.7671433810047671,0,0,0
G38H,0.779,0.779,0.7499083241657498,0,0,0
G38I,0.359,0.359,0.44187752108544187,0,0,0
G38K,0.348,0.348,0.4338100476714337,0,0,0
G38L,0.322833333,0.322833333,0.41535264613127976,0,0,0
G38M,0.625,0.625,0.6369636963696369,0,0,0
G38N,0.6505,0.6505,0.6556655665566555,0,0,0
G38P,0.30725,0.30725,0.40392372570590396,0,0,0
G38Q,0.6075,0.6075,0.624129079574624,0,0,0
G38R,0.366166667,0.366166667,0.4471336024935826,0,0,0
G38S,0.427333333,0.427333333,0.4919936435643564,0,0,0
G38T,0.503,0.503,0.5474880821415474,0,0,0
G38V,0.601,0.601,0.6193619361936193,0,0,0
G38W,0.808,0.808,0.7711771177117711,0,0,0
G38Y,0.8815,0.8815,0.825082508250825,0,0,0
K39A,0.867,0.867,0.8144481114778144,0,0,0
K39C,0.833,0.833,0.7895122845617895,0,0,0
K39D,0.6695,0.6695,0.6696002933626696,0,0,0
K39E,0.742,0.742,0.7227722772277227,0,0,0
K39F,0.5785,0.5785,0.6028602860286029,0,0,0
K39G,0.79425,0.79425,0.761092775944261,0,0,0
K39H,0.863,0.863,0.8115144847818114,0,0,0
K39I,0.850666667,0.850666667,0.802469136046938,0,0,0
K39L,0.8745,0.8745,0.81994866153282,0,0,0
K39M,0.792,0.792,0.7594426109277594,0,0,0
K39N,0.8345,0.8345,0.7906123945727905,0,0,0
K39P,0.866,0.866,0.8137147048038136,0,0,0
K39Q,0.839,0.839,0.7939127246057939,0,0,0
K39R,0.961333333,0.961333333,0.883632807480748,0,0,0
K39S,0.871833333,0.871833333,0.8179929101576823,0,0,0
K39T,0.87075,0.87075,0.8171983865053171,0,0,0
K39V,0.895,0.895,0.834983498349835,0,0,0
K39W,0.566,0.566,0.5936927026035935,0,0,0
K39Y,0.3025,0.3025,0.4004400440044004,0,0,0
M40A,0.798,0.798,0.7638430509717639,0,0,0
M40C,0.9215,0.9215,0.8544187752108543,0,0,0
M40D,0.072,0.072,0.23138980564723136,0,0,0
M40E,0.17,0.17,0.3032636596993032,0,0,0
M40F,0.358,0.358,0.441144114411441,0,0,0
M40G,0.34225,0.34225,0.42959295929592956,0,0,0
M40H,0.313,0.313,0.40814081408140807,0,0,0
M40I,0.95,0.95,0.8753208654198752,0,0,0
M40K,0.206,0.206,0.32966629996332963,0,0,0
M40L,0.899666667,0.899666667,0.8384060630729739,0,0,0
M40N,0.414,0.414,0.48221488815548214,0,0,0
M40P,0.302,0.302,0.4000733406674,0,0,0
M40Q,0.488,0.488,0.5364869820315364,0,0,0
M40R,0.240833333,0.240833333,0.3552132988632196,0,0,0
M40S,0.602333333,0.602333333,0.6203398115144848,0,0,0
M40T,0.79575,0.79575,0.7621928859552621,0,0,0
M40V,0.93025,0.93025,0.8608360836083608,0,0,0
M40W,0.146,0.146,0.2856618995232856,0,0,0
M40Y,0.174,0.174,0.30619728639530613,0,0,0
R41A,0.84275,0.84275,0.7966629996332966,0,0,0
R41C,0.8465,0.8465,0.7994132746607994,0,0,0
R41D,0.4945,0.4945,0.5412541254125411,0,0,0
R41E,0.765,0.765,0.7396406307297395,0,0,0
R41F,0.914,0.914,0.8489182251558488,0,0,0
R41G,0.6675,0.6675,0.6681334800146681,0,0,0
R41H,0.9355,0.9355,0.8646864686468646,0,0,0
R41I,0.916333333,0.916333333,0.850629507150715,0,0,0
R41K,0.9295,0.9295,0.8602860286028602,0,0,0
R41L,0.926333333,0.926333333,0.8579635738907222,0,0,0
R41M,0.879,0.879,0.8232489915658232,0,0,0
R41N,0.856,0.856,0.8063806380638062,0,0,0
R41P,0.2745,0.2745,0.37990465713237986,0,0,0
R41Q,0.88,0.88,0.8239823982398239,0,0,0
R41S,0.854166667,0.854166667,0.8050360594059405,0,0,0
R41T,0.8595,0.8595,0.8089475614228089,0,0,0
R41V,0.907,0.907,0.8437843784378437,0,0,0
R41W,0.864,0.864,0.8122478914558121,0,0,0
R41Y,0.9,0.9,0.8386505317198385,0,0,0
K42A,0.91525,0.91525,0.8498349834983497,0,0,0
K42C,0.899,0.899,0.8379171250458378,0,0,0
K42D,0.843,0.843,0.7968463513017968,0,0,0
K42E,0.888,0.888,0.8298496516318297,0,0,0
K42F,0.908,0.908,0.8445177851118444,0,0,0
K42G,0.916,0.916,0.8503850385038503,0,0,0
K42H,0.917,0.917,0.8511184451778511,0,0,0
K42I,0.884333333,0.884333333,0.8271604935826916,0,0,0
K42L,0.892666667,0.892666667,0.8332722163549686,0,0,0
K42M,0.927,0.927,0.8584525119178584,0,0,0
K42N,0.893,0.893,0.8335166850018335,0,0,0
K42P,0.33025,0.33025,0.4207920792079207,0,0,0
K42Q,0.922,0.922,0.8547854785478547,0,0,0
K42R,0.973333333,0.973333333,0.8924336875687569,0,0,0
K42S,0.910666667,0.910666667,0.8464735364869819,0,0,0
K42T,0.8965,0.8965,0.836083608360836,0,0,0
K42V,0.88,0.88,0.8239823982398239,0,0,0
K42W,0.907,0.907,0.8437843784378437,0,0,0
K42Y,0.905,0.905,0.8423175650898422,0,0,0
N43A,0.90825,0.90825,0.8447011367803446,0,0,0
N43C,0.9435,0.9435,0.8705537220388705,0,0,0
N43D,0.591,0.591,0.612027869453612,0,0,0
N43E,0.6355,0.6355,0.6446644664466445,0,0,0
N43F,0.9675,0.9675,0.8881554822148882,0,0,0
N43G,0.847,0.847,0.7997799779977997,0,0,0
N43H,0.9915,0.9915,0.9057572423909057,1,0,0
N43I,0.643666667,0.643666667,0.6506539545287862,0,0,0
N43K,0.9085,0.9085,0.8448844884488447,0,0,0
N43L,0.845,0.845,0.7983131646497983,0,0,0
N43M,0.808,0.808,0.7711771177117711,0,0,0
N43P,0.386,0.386,0.4616795012834616,0,0,0
N43Q,0.6625,0.6625,0.6644664466446644,0,0,0
N43R,0.862166667,0.862166667,0.8109033127979464,0,0,0
N43S,0.91,0.91,0.8459845984598459,0,0,0
N43T,0.77,0.77,0.7433076640997432,0,0,0
N43V,0.78775,0.78775,0.7563256325632562,0,0,0
N43W,0.899,0.899,0.8379171250458378,0,0,0
N43Y,0.992,0.992,0.906123945727906,1,0,0
Y44A,0.7525,0.7525,0.7304730473047304,0,0,0
Y44C,0.8785,0.8785,0.8228822882288227,0,0,0
Y44D,0.62,0.62,0.6332966629996332,0,0,0
Y44E,0.728,0.728,0.7125045837917124,0,0,0
Y44F,1.12,1.12,1.0,1,1,1
Y44G,0.812,0.812,0.774110744407774,0,0,0
Y44H,0.961,0.961,0.8833883388338832,0,0,0
Y44I,0.948666667,0.948666667,0.8743429900990097,0,0,0
Y44K,1.0215,1.0215,0.9277594426109278,1,1,1
Y44L,0.920833333,0.920833333,0.8539298371837183,0,0,0
Y44M,0.908,0.908,0.8445177851118444,0,0,0
Y44N,1.0045,1.0045,0.9152915291529152,1,1,0
Y44P,0.76675,0.76675,0.740924092409241,0,0,0
Y44Q,1.0515,1.0515,0.9497616428309498,1,1,1
Y44R,0.927,0.927,0.8584525119178584,0,0,0
Y44S,0.967833333,0.967833333,0.8883999508617527,0,0,0
Y44T,0.8715,0.8715,0.8177484415108176,0,0,0
Y44V,0.768,0.768,0.7418408507517418,0,0,0
Y44W,0.965,0.965,0.8863219655298862,0,0,0
I45A,0.66975,0.66975,0.6697836450311696,0,0,0
I45C,0.7165,0.7165,0.704070407040704,0,0,0
I45D,0.685,0.685,0.680968096809681,0,0,0
I45E,0.7565,0.7565,0.7334066740007333,0,0,0
I45F,0.79,0.79,0.757975797579758,0,0,0
I45G,0.7065,0.7065,0.6967363403006966,0,0,0
I45H,0.758,0.758,0.7345067840117344,0,0,0
I45K,0.74,0.74,0.7213054638797213,0,0,0
I45L,0.768833333,0.768833333,0.7424520227356067,0,0,0
I45M,0.608,0.608,0.6244957829116243,0,0,0
I45N,0.8495,0.8495,0.8016134946828015,0,0,0
I45P,0.7715,0.7715,0.7444077741107442,0,0,0
I45Q,0.78,0.78,0.7506417308397506,0,0,0
I45R,0.7175,0.7175,0.7048038137147048,0,0,0
I45S,0.783333333,0.783333333,0.7530864195086173,0,0,0
I45T,0.7505,0.7505,0.7290062339567289,0,0,0
I45V,0.80525,0.80525,0.7691602493582691,0,0,0
I45W,0.713,0.713,0.7015034836817013,0,0,0
I45Y,0.8075,0.8075,0.7708104143747707,0,0,0
R46A,0.75725,0.75725,0.7339567290062339,0,0,0
R46C,0.7645,0.7645,0.7392739273927392,0,0,0
R46D,0.4175,0.4175,0.48478181151448474,0,0,0
R46E,0.5285,0.5285,0.5661899523285662,0,0,0
R46F,0.663,0.663,0.6648331499816649,0,0,0
R46G,0.77525,0.77525,0.7471580491382471,0,0,0
R46H,0.7875,0.7875,0.756142280894756,0,0,0
R46I,0.724333333,0.724333333,0.7098154257425742,0,0,0
R46K,0.893,0.893,0.8335166850018335,0,0,0
R46L,0.672166667,0.672166667,0.6715560447378071,0,0,0
R46M,0.732,0.732,0.7154382104877154,0,0,0
R46N,0.742,0.742,0.7227722772277227,0,0,0
R46P,0.47075,0.47075,0.5238357169050238,0,0,0
R46Q,0.738,0.738,0.7198386505317198,0,0,0
R46S,0.756166667,0.756166667,0.7331622053538687,0,0,0
R46T,0.72725,0.72725,0.7119545287862119,0,0,0
R46V,0.653,0.653,0.6574990832416575,0,0,0
R46W,0.178,0.178,0.3091309130913091,0,0,0
R46Y,0.7415,0.7415,0.7224055738907224,0,0,0
I47A,0.9345,0.9345,0.8639530619728638,0,0,0
I47C,0.96,0.96,0.8826549321598826,0,0,0
I47D,0.0235,0.0235,0.19581958195819582,0,0,0
I47E,0.1275,0.1275,0.27209387605427204,0,0,0
I47F,0.4765,0.4765,0.528052805280528,0,0,0
I47G,0.75175,0.75175,0.7299229922992299,0,0,0
I47H,0.3835,0.3835,0.45984598459845977,0,0,0
I47K,0.242,0.242,0.356068940227356,0,0,0
I47L,0.971833333,0.971833333,0.8913335775577557,0,0,0
I47M,0.892,0.892,0.8327832783278326,0,0,0
I47N,0.765,0.765,0.7396406307297395,0,0,0
I47P,0.83675,0.83675,0.7922625595892921,0,0,0
I47Q,0.42,0.42,0.48661532819948655,0,0,0
I47R,0.194666667,0.194666667,0.32135435790245687,0,0,0
I47S,0.926333333,0.926333333,0.8579635738907222,0,0,0
I47T,0.97275,0.97275,0.8920058672533919,0,0,0
I47V,0.94975,0.94975,0.8751375137513749,0,0,0
I47W,0.258,0.258,0.3678034470113678,0,0,0
I47Y,0.133,0.133,0.2761276127612761,0,0,0
L48A,0.891,0.891,0.832049871653832,0,0,0
L48C,0.9365,0.9365,0.8654198753208653,0,0,0
L48D,0.8495,0.8495,0.8016134946828015,0,0,0
L48E,0.8665,0.8665,0.8140814081408141,0,0,0
L48F,0.917,0.917,0.8511184451778511,0,0,0
L48G,0.89825,0.89825,0.8373670700403373,0,0,0
L48H,0.925,0.925,0.856985698569857,0,0,0
L48I,0.897,0.897,0.8364503116978365,0,0,0
L48K,0.9155,0.9155,0.85001833516685,0,0,0
L48M,0.959,0.959,0.8819215254858818,0,0,0
L48N,0.9345,0.9345,0.8639530619728638,0,0,0
L48P,0.37275,0.37275,0.45196186285295187,0,0,0
L48Q,0.946,0.946,0.8723872387238722,0,0,0
L48R,0.930166667,0.930166667,0.8607749666299962,0,0,0
L48S,0.9215,0.9215,0.8544187752108543,0,0,0
L48T,0.90475,0.90475,0.842134213421342,0,0,0
L48V,0.43825,0.43825,0.49999999999999994,0,0,0
L48W,0.917,0.917,0.8511184451778511,0,0,0
L48Y,0.9005,0.9005,0.8390172350568389,0,0,0
T49A,0.93125,0.93125,0.8615694902823614,0,0,0
T49C,0.923,0.923,0.8555188852218555,0,0,0
T49D,0.9025,0.9025,0.8404840484048404,0,0,0
T49E,0.9305,0.9305,0.8610194352768609,0,0,0
T49F,0.914,0.914,0.8489182251558488,0,0,0
T49G,0.932,0.932,0.862119545287862,0,0,0
T49H,0.923,0.923,0.8555188852218555,0,0,0
T49I,0.926,0.926,0.8577191052438576,0,0,0
T49K,0.944,0.944,0.8709204253758708,0,0,0
T49L,0.917,0.917,0.8511184451778511,0,0,0
T49M,0.969,0.969,0.8892555922258891,0,0,0
T49N,0.91,0.91,0.8459845984598459,0,0,0
T49P,0.937,0.937,0.8657865786578658,0,0,0
T49Q,0.916,0.916,0.8503850385038503,0,0,0
T49R,0.930166667,0.930166667,0.8607749666299962,0,0,0
T49S,0.9295,0.9295,0.8602860286028602,0,0,0
T49V,0.916,0.916,0.8503850385038503,0,0,0
T49W,0.952,0.952,0.8767876787678767,0,0,0
T49Y,0.907,0.907,0.8437843784378437,0,0,0
G50A,0.921,0.921,0.854052071873854,0,0,0
G50C,0.89,0.89,0.8313164649798311,0,0,0
G50D,0.9125,0.9125,0.8478181151448476,0,0,0
G50E,0.902,0.902,0.84011734506784,0,0,0
G50F,0.8925,0.8925,0.833149981664833,0,0,0
G50H,0.9015,0.9015,0.8397506417308397,0,0,0
G50I,0.877,0.877,0.8217821782178217,0,0,0
G50K,0.897,0.897,0.8364503116978365,0,0,0
G50L,0.8775,0.8775,0.822148881554822,0,0,0
G50M,0.893,0.893,0.8335166850018335,0,0,0
G50N,0.884,0.884,0.8269160249358268,0,0,0
G50P,0.8855,0.8855,0.8280161349468279,0,0,0
G50Q,0.8925,0.8925,0.833149981664833,0,0,0
G50R,0.9025,0.9025,0.8404840484048404,0,0,0
G50S,0.903,0.903,0.8408507517418408,0,0,0
G50T,0.8995,0.8995,0.8382838283828382,0,0,0
G50V,0.8895,0.8895,0.8309497616428309,0,0,0
G50W,0.882,0.882,0.8254492115878254,0,0,0
G50Y,0.891,0.891,0.832049871653832,0,0,0
D51A,0.825,0.825,0.7836450311697836,0,0,0
D51C,0.8415,0.8415,0.7957462412907956,0,0,0
D51E,0.893,0.893,0.8335166850018335,0,0,0
D51F,0.468,0.468,0.5218188485515218,0,0,0
D51G,0.724,0.724,0.7095709570957095,0,0,0
D51H,0.8115,0.8115,0.7737440410707737,0,0,0
D51I,0.426,0.426,0.49101576824349097,0,0,0
D51K,0.318,0.318,0.41180784745141175,0,0,0
D51L,0.331666667,0.331666667,0.4218310722405573,0,0,0
D51M,0.629,0.629,0.6398973230656398,0,0,0
D51N,0.8435,0.8435,0.7972130546387971,0,0,0
D51P,0.02825,0.02825,0.19930326365969928,0,0,0
D51Q,0.6995,0.6995,0.6916024935826915,0,0,0
D51R,0.313166667,0.313166667,0.4082630487715438,0,0,0
D51S,0.922333333,0.922333333,0.8550299471947194,0,0,0
D51T,0.6335,0.6335,0.6431976530986431,0,0,0
D51V,0.61675,0.61675,0.6309130913091308,0,0,0
D51W,0.197,0.197,0.323065639897323,0,0,0
D51Y,0.525,0.525,0.5636230289695635,0,0,0
K52A,0.951,0.951,0.8760542720938759,0,0,0
K52C,0.9615,0.9615,0.8837550421708837,0,0,0
K52D,0.942,0.942,0.8694536120278693,0,0,0
K52E,0.949,0.949,0.8745874587458744,0,0,0
K52F,0.955,0.955,0.8789878987898788,0,0,0
K52G,0.972,0.972,0.8914558122478914,0,0,0
K52H,0.963,0.963,0.8848551521818847,0,0,0
K52I,0.966,0.966,0.887055372203887,0,0,0
K52L,0.957333333,0.957333333,0.8806991807847451,0,0,0
K52M,0.979,0.979,0.8965896589658964,0,0,0
K52N,0.9735,0.9735,0.8925559222588925,0,0,0
K52P,0.96625,0.96625,0.8872387238723872,0,0,0
K52Q,0.9525,0.9525,0.8771543821048771,0,0,0
K52R,0.966333333,0.966333333,0.8872998408507516,0,0,0
K52S,0.9645,0.9645,0.8859552621928858,0,0,0
K52T,0.97125,0.97125,0.8909057572423908,0,0,0
K52V,0.95775,0.95775,0.8810047671433808,0,0,0
K52W,0.97,0.97,0.8899889988998899,0,0,0
K52Y,0.9545,0.9545,0.8786211954528785,0,0,0
V53A,0.95875,0.95875,0.8817381738173816,0,0,0
V53C,0.949,0.949,0.8745874587458744,0,0,0
V53D,0.058,0.058,0.22112211221122108,0,0,0
V53E,0.1835,0.1835,0.3131646497983131,0,0,0
V53F,0.2105,0.2105,0.3329666299963329,0,0,0
V53G,0.75125,0.75125,0.7295562889622295,0,0,0
V53H,-0.007,-0.007,0.17345067840117342,0,0,0
V53I,0.904,0.904,0.8415841584158414,0,0,0
V53K,0.024,0.024,0.1961862852951962,0,0,0
V53L,0.952166667,0.952166667,0.8769099134580124,0,0,0
V53M,0.755,0.755,0.7323065639897322,0,0,0
V53N,0.188,0.188,0.31646497983131644,0,0,0
V53P,0.47475,0.47475,0.5267693436010268,0,0,0
V53Q,0.1515,0.1515,0.28969563623028965,0,0,0
V53R,0.243166667,0.243166667,0.35692458159149243,0,0,0
V53S,0.691666667,0.691666667,0.6858574748808214,0,0,0
V53T,0.949,0.949,0.8745874587458744,0,0,0
V53W,0.286,0.286,0.38833883388338825,0,0,0
V53Y,0.165,0.165,0.29959662632929956,0,0,0
T54A,0.9935,0.9935,0.9072240557389072,1,0,0
T54C,0.9655,0.9655,0.8866886688668867,0,0,0
T54D,0.939,0.939,0.867253392005867,0,0,0
T54E,0.9465,0.9465,0.8727539420608726,0,0,0
T54F,0.955,0.955,0.8789878987898788,0,0,0
T54G,0.8985,0.8985,0.8375504217088374,0,0,0
T54H,0.9705,0.9705,0.8903557022368902,0,0,0
T54I,0.945,0.945,0.8716538320498715,0,0,0
T54K,0.934,0.934,0.8635863586358635,0,0,0
T54L,0.951833333,0.951833333,0.876665444077741,0,0,0
T54M,0.963,0.963,0.8848551521818847,0,0,0
T54N,0.94,0.94,0.8679867986798678,0,0,0
T54P,0.27675,0.27675,0.3815548221488815,0,0,0
T54Q,0.964,0.964,0.8855885588558855,0,0,0
T54R,0.977833333,0.977833333,0.8957340176017601,0,0,0
T54S,0.976833333,0.976833333,0.8950006109277593,0,0,0
T54V,0.97075,0.97075,0.8905390539053905,0,0,0
T54W,0.95,0.95,0.8753208654198752,0,0,0
T54Y,0.942,0.942,0.8694536120278693,0,0,0
V55A,0.9915,0.9915,0.9057572423909057,1,0,0
V55C,0.978,0.978,0.8958562522918958,0,0,0
V55D,0.059,0.059,0.22185551888522181,0,0,0
V55E,0.031,0.031,0.2013201320132013,0,0,0
V55F,0.895,0.895,0.834983498349835,0,0,0
V55G,0.40375,0.40375,0.47469746974697463,0,0,0
V55H,0.1605,0.1605,0.2962962962962963,0,0,0
V55I,0.916,0.916,0.8503850385038503,0,0,0
V55K,-0.0245,-0.0245,0.1606160616061606,0,0,0
V55L,0.958,0.958,0.8811881188118811,0,0,0
V55M,0.958,0.958,0.8811881188118811,0,0,0
V55N,0.483,0.483,0.5328199486615327,0,0,0
V55P,0.09925,0.09925,0.25137513751375135,0,0,0
V55Q,0.3555,0.3555,0.43931059772643927,0,0,0
V55R,0.0015,0.0015,0.17968463513017965,0,0,0
V55S,0.855833333,0.855833333,0.8062584033736705,0,0,0
V55T,0.982,0.982,0.8987898789878987,1,0,0
V55W,0.042,0.042,0.20938760542720936,0,0,0
V55Y,0.6015,0.6015,0.6197286395306196,0,0,0
E56A,0.987,0.987,0.9024569123579023,1,0,0
E56C,0.967,0.967,0.8877887788778877,0,0,0
E56D,0.979,0.979,0.8965896589658964,0,0,0
E56F,0.9395,0.9395,0.8676200953428675,0,0,0
E56G,0.96625,0.96625,0.8872387238723872,0,0,0
E56H,0.987,0.987,0.9024569123579023,1,0,0
E56I,0.947333333,0.947333333,0.8733651140447377,0,0,0
E56K,0.9745,0.9745,0.8932893289328931,0,0,0
E56L,0.959833333,0.959833333,0.8825326974697468,0,0,0
E56M,0.958,0.958,0.8811881188118811,0,0,0
E56N,0.982,0.982,0.8987898789878987,1,0,0
E56P,0.10625,0.10625,0.2565089842317565,0,0,0
E56Q,0.9915,0.9915,0.9057572423909057,1,0,0
E56R,0.963666667,0.963666667,0.8853440902090208,0,0,0
E56S,0.963,0.963,0.8848551521818847,0,0,0
E56T,0.96975,0.96975,0.8898056472313897,0,0,0
E56V,0.9795,0.9795,0.8969563623028969,0,0,0
E56W,0.955,0.955,0.8789878987898788,0,0,0
E56Y,0.9715,0.9715,0.891089108910891,0,0,0
L57A,0.9325,0.9325,0.8624862486248623,0,0,0
L57C,0.938,0.938,0.8665199853318665,0,0,0
L57D,0.269,0.269,0.3758709204253758,0,0,0
L57E,0.8235,0.8235,0.7825449211587824,0,0,0
L57F,0.887,0.887,0.8291162449578291,0,0,0
L57G,0.93825,0.93825,0.8667033370003666,0,0,0
L57H,0.8955,0.8955,0.8353502016868353,0,0,0
L57I,0.938333333,0.938333333,0.866764453978731,0,0,0
L57K,0.914,0.914,0.8489182251558488,0,0,0
L57M,0.968,0.968,0.8885221855518884,0,0,0
L57N,0.8875,0.8875,0.8294829482948294,0,0,0
L57P,0.9405,0.9405,0.8683535020168682,0,0,0
L57Q,0.95,0.95,0.8753208654198752,0,0,0
L57R,0.950333333,0.950333333,0.8755653340667399,0,0,0
L57S,0.908166667,0.908166667,0.8446400198019801,0,0,0
L57T,0.9435,0.9435,0.8705537220388705,0,0,0
L57V,0.9625,0.9625,0.8844884488448843,0,0,0
L57W,0.957,0.957,0.8804547121378803,0,0,0
L57Y,0.9315,0.9315,0.8617528419508617,0,0,0
T58A,0.9095,0.9095,0.8456178951228456,0,0,0
T58C,0.758,0.758,0.7345067840117344,0,0,0
T58D,0.8815,0.8815,0.825082508250825,0,0,0
T58E,0.909,0.909,0.8452511917858452,0,0,0
T58F,0.8225,0.8225,0.7818115144847818,0,0,0
T58G,0.863,0.863,0.8115144847818114,0,0,0
T58H,0.9305,0.9305,0.8610194352768609,0,0,0
T58I,0.942,0.942,0.8694536120278693,0,0,0
T58K,0.9045,0.9045,0.8419508617528418,0,0,0
T58L,0.842166667,0.842166667,0.7962351793179316,0,0,0
T58M,0.848,0.848,0.8005133846718003,0,0,0
T58N,0.952,0.952,0.8767876787678767,0,0,0
T58P,0.82475,0.82475,0.7834616795012833,0,0,0
T58Q,0.969,0.969,0.8892555922258891,0,0,0
T58R,0.902666667,0.902666667,0.840606283094976,0,0,0
T58S,0.789666667,0.789666667,0.7577313289328932,0,0,0
T58V,0.951,0.951,0.8760542720938759,0,0,0
T58W,0.916,0.916,0.8503850385038503,0,0,0
T58Y,0.912,0.912,0.8474514118078473,0,0,0
P59A,0.97425,0.97425,0.8931059772643929,0,0,0
P59C,0.9425,0.9425,0.8698203153648697,0,0,0
P59D,0.946,0.946,0.8723872387238722,0,0,0
P59E,0.9245,0.9245,0.8566189952328565,0,0,0
P59F,0.95,0.95,0.8753208654198752,0,0,0
P59G,0.9455,0.9455,0.872020535386872,0,0,0
P59H,0.9315,0.9315,0.8617528419508617,0,0,0
P59I,0.915666667,0.915666667,0.8501405698569856,0,0,0
P59K,0.931,0.931,0.8613861386138614,0,0,0
P59L,0.957666667,0.957666667,0.8809436501650164,0,0,0
P59M,0.977,0.977,0.895122845617895,0,0,0
P59N,0.943,0.943,0.87018701870187,0,0,0
P59Q,0.971,0.971,0.8907224055738906,0,0,0
P59R,0.943833333,0.943833333,0.8707981906857352,0,0,0
P59S,0.948333333,0.948333333,0.8740985207187384,0,0,0
P59T,0.965,0.965,0.8863219655298862,0,0,0
P59V,0.8995,0.8995,0.8382838283828382,0,0,0
P59W,0.95,0.95,0.8753208654198752,0,0,0
P59Y,0.9395,0.9395,0.8676200953428675,0,0,0
Y60A,0.93825,0.93825,0.8667033370003666,0,0,0
Y60C,0.9535,0.9535,0.8778877887788779,0,0,0
Y60D,0.905,0.905,0.8423175650898422,0,0,0
Y60E,0.931,0.931,0.8613861386138614,0,0,0
Y60F,0.942,0.942,0.8694536120278693,0,0,0
Y60G,0.883,0.883,0.8261826182618262,0,0,0
Y60H,0.964,0.964,0.8855885588558855,0,0,0
Y60I,0.962666667,0.962666667,0.88461068353502,0,0,0
Y60K,0.905,0.905,0.8423175650898422,0,0,0
Y60L,0.956166667,0.956166667,0.8798435401540153,0,0,0
Y60M,0.95,0.95,0.8753208654198752,0,0,0
Y60N,0.894,0.894,0.8342500916758341,0,0,0
Y60P,0.84775,0.84775,0.8003300330033003,0,0,0
Y60Q,0.9275,0.9275,0.8588192152548587,0,0,0
Y60R,0.884,0.884,0.8269160249358268,0,0,0
Y60S,0.9215,0.9215,0.8544187752108543,0,0,0
Y60T,0.92325,0.92325,0.8557022368903555,0,0,0
Y60V,0.96225,0.96225,0.8843050971763843,0,0,0
Y60W,0.936,0.936,0.865053171983865,0,0,0
D61A,0.96225,0.96225,0.8843050971763843,0,0,0
D61C,0.9535,0.9535,0.8778877887788779,0,0,0
D61E,0.8745,0.8745,0.81994866153282,0,0,0
D61F,0.934,0.934,0.8635863586358635,0,0,0
D61G,0.9535,0.9535,0.8778877887788779,0,0,0
D61H,0.9255,0.9255,0.8573524019068572,0,0,0
D61I,0.755,0.755,0.7323065639897322,0,0,0
D61K,0.482,0.482,0.532086541987532,0,0,0
D61L,0.819,0.819,0.7792445911257792,0,0,0
D61M,0.9,0.9,0.8386505317198385,0,0,0
D61N,0.9745,0.9745,0.8932893289328931,0,0,0
D61P,0.74425,0.74425,0.7244224422442243,0,0,0
D61Q,0.826,0.826,0.7843784378437842,0,0,0
D61R,0.637166667,0.637166667,0.6458868111477815,0,0,0
D61S,0.962166667,0.962166667,0.8842439801980198,0,0,0
D61T,0.96575,0.96575,0.8868720205353867,0,0,0
D61V,0.794,0.794,0.7609094242757609,0,0,0
D61W,0.908,0.908,0.8445177851118444,0,0,0
D61Y,0.9435,0.9435,0.8705537220388705,0,0,0
L62A,0.95125,0.95125,0.8762376237623761,0,0,0
L62C,0.962,0.962,0.884121745507884,0,0,0
L62D,0.9665,0.9665,0.8874220755408873,0,0,0
L62E,0.9585,0.9585,0.8815548221488814,0,0,0
L62F,0.9665,0.9665,0.8874220755408873,0,0,0
L62G,0.94525,0.94525,0.8718371837183717,0,0,0
L62H,0.9665,0.9665,0.8874220755408873,0,0,0
L62I,0.972666667,0.972666667,0.8919447502750274,0,0,0
L62K,0.9535,0.9535,0.8778877887788779,0,0,0
L62M,0.963,0.963,0.8848551521818847,0,0,0
L62N,0.941,0.941,0.8687202053538685,0,0,0
L62P,0.975,0.975,0.8936560322698935,0,0,0
L62Q,0.974,0.974,0.8929226255958929,0,0,0
L62R,0.956666667,0.956666667,0.8802102434910156,0,0,0
L62S,0.954333333,0.954333333,0.8784989607627428,0,0,0
L62T,0.9735,0.9735,0.8925559222588925,0,0,0
L62V,0.9695,0.9695,0.8896222955628896,0,0,0
L62W,0.948,0.948,0.8738540520718737,0,0,0
L62Y,0.959,0.959,0.8819215254858818,0,0,0
S63A,0.75,0.75,0.7286395306197286,0,0,0
S63C,0.833,0.833,0.7895122845617895,0,0,0
S63D,0.7875,0.7875,0.756142280894756,0,0,0
S63E,0.7805,0.7805,0.7510084341767509,0,0,0
S63F,0.831,0.831,0.788045471213788,0,0,0
S63G,0.84875,0.84875,0.801063439677301,0,0,0
S63H,0.835,0.835,0.7909790979097909,0,0,0
S63I,0.805333333,0.805333333,0.7692213663366335,0,0,0
S63K,0.8105,0.8105,0.773010634396773,0,0,0
S63L,0.793666667,0.793666667,0.7606649556288961,0,0,0
S63M,0.794,0.794,0.7609094242757609,0,0,0
S63N,0.8445,0.8445,0.7979464613127979,0,0,0
S63P,0.65125,0.65125,0.6562156215621561,0,0,0
S63Q,0.794,0.794,0.7609094242757609,0,0,0
S63R,0.836333333,0.836333333,0.7919569732306564,0,0,0
S63T,0.789,0.789,0.7572423909057572,0,0,0
S63V,0.78575,0.78575,0.7548588192152548,0,0,0
S63W,0.84,0.84,0.7946461312797944,0,0,0
S63Y,0.8355,0.8355,0.7913458012467912,0,0,0
K64A,0.76625,0.76625,0.7405573890722404,0,0,0
K64C,0.6705,0.6705,0.6703337000366703,0,0,0
K64D,0.3255,0.3255,0.41730839750641724,0,0,0
K64E,0.5475,0.5475,0.58012467913458,0,0,0
K64F,0.7255,0.7255,0.7106710671067107,0,0,0
K64G,0.691,0.691,0.6853685368536853,0,0,0
K64H,0.7675,0.7675,0.7414741474147413,0,0,0
K64I,0.833666667,0.833666667,0.7900012225889255,0,0,0
K64L,0.796666667,0.796666667,0.7628651756508984,0,0,0
K64M,0.843,0.843,0.7968463513017968,0,0,0
K64N,0.8475,0.8475,0.8001466813348,0,0,0
K64P,0.35175,0.35175,0.4365603226989366,0,0,0
K64Q,0.8615,0.8615,0.8104143747708104,0,0,0
K64R,0.829833333,0.829833333,0.7871898298496515,0,0,0
K64S,0.688,0.688,0.6831683168316831,0,0,0
K64T,0.83025,0.83025,0.7874954162082874,0,0,0
K64V,0.819,0.819,0.7792445911257792,0,0,0
K64W,0.773,0.773,0.7455078841217454,0,0,0
K64Y,0.7075,0.7075,0.6974697469746974,0,0,0
G65A,0.935,0.935,0.8643197653098643,0,0,0
G65C,0.9165,0.9165,0.8507517418408506,0,0,0
G65D,0.0695,0.0695,0.22955628896222954,0,0,0
G65E,-0.0085,-0.0085,0.17235056839017232,0,0,0
G65F,0.1675,0.1675,0.30143014301430143,0,0,0
G65H,0.0435,0.0435,0.21048771543821046,0,0,0
G65I,0.176,0.176,0.3076640997433076,0,0,0
G65K,-0.115,-0.115,0.09424275760909423,0,0,0
G65L,0.144333333,0.144333333,0.28443955482214883,0,0,0
G65M,0.634,0.634,0.6435643564356435,0,0,0
G65N,0.092,0.092,0.24605793912724605,0,0,0
G65P,0.34525,0.34525,0.43179317931793176,0,0,0
G65Q,0.0705,0.0705,0.23028969563623025,0,0,0
G65R,0.001333333,0.001333333,0.17956240044004398,0,0,0
G65S,0.905333333,0.905333333,0.8425620337367069,0,0,0
G65T,0.68675,0.68675,0.6822515584891822,0,0,0
G65V,0.93425,0.93425,0.8637697103043638,0,0,0
G65W,0.174,0.174,0.30619728639530613,0,0,0
G65Y,0.124,0.124,0.2695269526952695,0,0,0
R66A,0.3795,0.3795,0.4569123579024569,0,0,0
R66C,0.7655,0.7655,0.7400073340667398,0,0,0
R66D,0.035,0.035,0.2042537587092042,0,0,0
R66E,0.003,0.003,0.18078474514118076,0,0,0
R66F,0.7095,0.7095,0.6989365603226989,0,0,0
R66G,0.16175,0.16175,0.29721305463879716,0,0,0
R66H,0.2165,0.2165,0.3373670700403373,0,0,0
R66I,0.888,0.888,0.8298496516318297,0,0,0
R66K,0.881,0.881,0.8247158049138247,0,0,0
R66L,0.907666667,0.907666667,0.8442733164649797,0,0,0
R66M,0.784,0.784,0.7535753575357536,0,0,0
R66N,0.327,0.327,0.41840850751741837,0,0,0
R66P,0.3595,0.3595,0.44224422442244216,0,0,0
R66Q,0.1825,0.1825,0.31243124312431236,0,0,0
R66S,0.353,0.353,0.43747708104143745,0,0,0
R66T,0.77725,0.77725,0.7486248624862486,0,0,0
R66V,0.81475,0.81475,0.776127612761276,0,0,0
R66W,0.502,0.502,0.5467546754675467,0,0,0
R66Y,0.6795,0.6795,0.6769343601026769,0,0,0
I67A,0.98075,0.98075,0.8978731206453978,1,0,0
I67C,0.9585,0.9585,0.8815548221488814,0,0,0
I67D,-0.0265,-0.0265,0.15914924825815913,0,0,0
I67E,-0.0445,-0.0445,0.14594792812614593,0,0,0
I67F,0.5385,0.5385,0.5735240190685735,0,0,0
I67G,0.2655,0.2655,0.3733039970663733,0,0,0
I67H,0.039,0.039,0.20718738540520715,0,0,0
I67K,0.144,0.144,0.2841950861752841,0,0,0
I67L,0.9595,0.9595,0.8822882288228823,0,0,0
I67M,0.985,0.985,0.9009900990099008,1,0,0
I67N,0.1245,0.1245,0.26989365603226984,0,0,0
I67P,-0.00875,-0.00875,0.17216721672167215,0,0,0
I67Q,0.1055,0.1055,0.2559589292262559,0,0,0
I67R,0.081833333,0.081833333,0.23860163769710302,0,0,0
I67S,0.356166667,0.356166667,0.4397995357535753,0,0,0
I67T,0.95725,0.95725,0.8806380638063805,0,0,0
I67V,0.96925,0.96925,0.8894389438943894,0,0,0
I67W,-0.099,-0.099,0.10597726439310595,0,0,0
I67Y,0.111,0.111,0.2599926659332599,0,0,0
V68A,0.92825,0.92825,0.8593692702603594,0,0,0
V68C,0.9665,0.9665,0.8874220755408873,0,0,0
V68D,0.866,0.866,0.8137147048038136,0,0,0
V68E,0.938,0.938,0.8665199853318665,0,0,0
V68F,0.9935,0.9935,0.9072240557389072,1,0,0
V68G,0.936,0.936,0.865053171983865,0,0,0
V68H,0.9415,0.9415,0.869086908690869,0,0,0
V68I,0.977,0.977,0.895122845617895,0,0,0
V68K,0.9765,0.9765,0.8947561422808946,0,0,0
V68L,0.982333333,0.982333333,0.8990343476347633,1,0,0
V68M,0.964,0.964,0.8855885588558855,0,0,0
V68N,0.948,0.948,0.8738540520718737,0,0,0
V68P,0.70975,0.70975,0.6991199119911989,0,0,0
V68Q,0.952,0.952,0.8767876787678767,0,0,0
V68R,0.984,0.984,0.9002566923359002,1,0,0
V68S,0.956166667,0.956166667,0.8798435401540153,0,0,0
V68T,0.9565,0.9565,0.88008800880088,0,0,0
V68W,0.976,0.976,0.8943894389438943,0,0,0
V68Y,0.95,0.95,0.8753208654198752,0,0,0
F69A,0.82425,0.82425,0.783094976164283,0,0,0
F69C,0.807,0.807,0.7704437110377703,0,0,0
F69D,0.4165,0.4165,0.48404840484048395,0,0,0
F69E,0.7675,0.7675,0.7414741474147413,0,0,0
F69G,0.75275,0.75275,0.7306563989732306,0,0,0
F69H,0.9235,0.9235,0.8558855885588558,0,0,0
F69I,0.944,0.944,0.8709204253758708,0,0,0
F69K,0.934,0.934,0.8635863586358635,0,0,0
F69L,0.909833333,0.909833333,0.8458623637697101,0,0,0
F69M,0.837,0.837,0.7924459112577924,0,0,0
F69N,0.788,0.788,0.7565089842317565,0,0,0
F69P,0.15425,0.15425,0.29171250458379167,0,0,0
F69Q,0.8515,0.8515,0.803080308030803,0,0,0
F69R,0.933,0.933,0.8628529519618628,0,0,0
F69S,0.82,0.82,0.7799779977997798,0,0,0
F69T,0.86475,0.86475,0.8127979464613126,0,0,0
F69V,0.926,0.926,0.8577191052438576,0,0,0
F69W,0.879,0.879,0.8232489915658232,0,0,0
F69Y,0.9935,0.9935,0.9072240557389072,1,0,0
R70A,0.65275,0.65275,0.6573157315731573,0,0,0
R70C,0.598,0.598,0.6171617161716171,0,0,0
R70D,0.2985,0.2985,0.3975064173083975,0,0,0
R70E,0.149,0.149,0.2878621195452878,0,0,0
R70F,0.2945,0.2945,0.39457279061239453,0,0,0
R70G,0.51225,0.51225,0.5542720938760541,0,0,0
R70H,0.1375,0.1375,0.2794279427942794,0,0,0
R70I,0.474333333,0.474333333,0.5264637572423908,0,0,0
R70K,0.6205,0.6205,0.6336633663366337,0,0,0
R70L,0.630333333,0.630333333,0.6408751983865053,0,0,0
R70M,0.516,0.516,0.557022368903557,0,0,0
R70N,0.755,0.755,0.7323065639897322,0,0,0
R70P,0.10975,0.10975,0.25907590759075905,0,0,0
R70Q,0.2975,0.2975,0.3967730106343967,0,0,0
R70S,0.549666667,0.549666667,0.5817137271727172,0,0,0
R70T,0.56675,0.56675,0.5942427576090941,0,0,0
R70V,0.64025,0.64025,0.6481481481481481,0,0,0
R70W,0.254,0.254,0.3648698203153648,0,0,0
R70Y,0.3735,0.3735,0.45251191785845246,0,0,0
S71A,0.98075,0.98075,0.8978731206453978,1,0,0
S71C,1.0,1.0,0.9119911991199119,1,1,0
S71D,0.985,0.985,0.9009900990099008,1,0,0
S71E,0.959,0.959,0.8819215254858818,0,0,0
S71F,0.975,0.975,0.8936560322698935,0,0,0
S71G,0.99575,0.99575,0.9088742207554087,1,0,0
S71H,0.993,0.993,0.9068573524019067,1,0,0
S71I,0.978333333,0.978333333,0.8961007209387604,0,0,0
S71K,0.9895,0.9895,0.9042904290429042,1,0,0
S71L,0.988833333,0.988833333,0.9038014910157681,1,0,0
S71M,0.998,0.998,0.9105243857719104,1,0,0
S71N,0.9865,0.9865,0.902090209020902,1,0,0
S71P,0.95425,0.95425,0.8784378437843784,0,0,0
S71Q,0.971,0.971,0.8907224055738906,0,0,0
S71R,0.9955,0.9955,0.9086908690869087,1,0,0
S71T,0.98925,0.98925,0.904107077374404,1,0,0
S71V,0.99075,0.99075,0.9052071873854052,1,0,0
S71W,1.012,1.012,0.9207920792079207,1,1,1
S71Y,0.9665,0.9665,0.8874220755408873,0,0,0
R72A,0.95325,0.95325,0.8777044371103776,0,0,0
R72C,0.95,0.95,0.8753208654198752,0,0,0
R72D,0.8535,0.8535,0.8045471213788045,0,0,0
R72E,0.8435,0.8435,0.7972130546387971,0,0,0
R72F,0.875,0.875,0.8203153648698203,0,0,0
R72G,0.96375,0.96375,0.8854052071873852,0,0,0
R72H,0.925,0.925,0.856985698569857,0,0,0
R72I,0.836,0.836,0.7917125045837915,0,0,0
R72K,0.918,0.918,0.8518518518518517,0,0,0
R72L,0.884,0.884,0.8269160249358268,0,0,0
R72M,0.901,0.901,0.8393839383938393,0,0,0
R72N,0.891,0.891,0.832049871653832,0,0,0
R72P,0.9095,0.9095,0.8456178951228456,0,0,0
R72Q,0.925,0.925,0.856985698569857,0,0,0
R72S,0.923333333,0.923333333,0.8557633538687202,0,0,0
R72T,0.911,0.911,0.8467180051338467,0,0,0
R72V,0.90475,0.90475,0.842134213421342,0,0,0
R72W,0.924,0.924,0.8562522918958562,0,0,0
R72Y,0.8625,0.8625,0.8111477814448111,0,0,0
