variant,kcatOverKM_cMUP_M-1s-1,activity,activity_scaled,activity_binary,activity_binary_90p,activity_binary_95p
Q21G,2000000.0,2000000.0,0.37733381888716344,0,0,0
Q21V,2200000.0,2200000.0,0.41507116319703236,0,0,0
K22G,1600000.0,1600000.0,0.30185913026742567,0,0,0
K22V,1200000.0,1200000.0,0.22638444164768792,0,0,0
T23G,1400000.0,1400000.0,0.2641217859575568,0,0,0
T23V,1900000.0,1900000.0,0.358465146732229,0,0,0
N24G,1800000.0,1800000.0,0.3395964745772946,0,0,0
N24V,1400000.0,1400000.0,0.2641217859575568,0,0,0
A25G,2700000.0,2700000.0,0.5094145239717045,1,1,1
A25V,2000000.0,2000000.0,0.37733381888716344,0,0,0
V26A,730000.0,730000.0,0.13770168251949605,0,0,0
V26G,260000.0,260000.0,0.04901892339130418,0,0,0
P27G,430000.0,430000.0,0.08109566605469273,0,0,0
P27V,1500000.0,1500000.0,0.28299045811249124,0,0,0
R28G,1100000.0,1100000.0,0.2075157694927535,0,0,0
R28V,930000.0,930000.0,0.17543902682936494,0,0,0
P29G,190000.0,190000.0,0.035810852882850075,0,0,0
P29V,200000.0,200000.0,0.03769772009834352,0,0,0
K30G,1200000.0,1200000.0,0.22638444164768792,0,0,0
K30V,950000.0,950000.0,0.17921276126035182,0,0,0
L31G,5000.0,5000.0,0.0009038093962213598,0,0,0
L31V,1400000.0,1400000.0,0.2641217859575568,0,0,0
V32A,1400000.0,1400000.0,0.2641217859575568,0,0,0
V32G,730000.0,730000.0,0.13770168251949605,0,0,0
V33A,1900000.0,1900000.0,0.358465146732229,0,0,0
V33G,550000.0,550000.0,0.10373807264061406,0,0,0
G34A,1200000.0,1200000.0,0.22638444164768792,0,0,0
G34V,270000.0,270000.0,0.050905790606797625,0,0,0
L35G,24000.0,24000.0,0.004488857105658903,0,0,0
L35V,2000000.0,2000000.0,0.37733381888716344,0,0,0
V36A,1900000.0,1900000.0,0.358465146732229,0,0,0
V36G,780000.0,780000.0,0.14713601859696326,0,0,0
V37A,1800000.0,1800000.0,0.3395964745772946,0,0,0
V37G,1200000.0,1200000.0,0.22638444164768792,0,0,0
D38G,720000.0,720000.0,0.1358148153040026,0,0,0
D38V,600.0,600.0,7.358782140424432e-05,0,0,0
Q39G,1800000.0,1800000.0,0.3395964745772946,0,0,0
Q39V,46000.0,46000.0,0.00863996497974448,0,0,0
M40G,310000.0,310000.0,0.058453259468771404,0,0,0
M40V,70000.0,70000.0,0.013168446296928746,0,0,0
R41G,2900000.0,2900000.0,0.5471518682815735,1,1,1
R41V,1200000.0,1200000.0,0.22638444164768792,0,0,0
W42G,1400000.0,1400000.0,0.2641217859575568,0,0,0
W42V,2300000.0,2300000.0,0.4339398353519668,1,1,1
D43G,250000.0,250000.0,0.04713205617581074,0,0,0
D43V,240000.0,240000.0,0.0452451889603173,0,0,0
Y44G,860000.0,860000.0,0.16223095632091084,0,0,0
Y44V,1600000.0,1600000.0,0.30185913026742567,0,0,0
L45G,1000000.0,1000000.0,0.18864709733781904,0,0,0
L45V,620000.0,620000.0,0.11694614314906818,0,0,0
Y46G,400000.0,400000.0,0.0754350644082124,0,0,0
Y46V,1600000.0,1600000.0,0.30185913026742567,0,0,0
R47G,840000.0,840000.0,0.15845722188992395,0,0,0
R47V,1700000.0,1700000.0,0.32072780242236015,0,0,0
Y48G,310000.0,310000.0,0.058453259468771404,0,0,0
Y48V,270000.0,270000.0,0.050905790606797625,0,0,0
Y49G,1500000.0,1500000.0,0.28299045811249124,0,0,0
Y49V,1500000.0,1500000.0,0.28299045811249124,0,0,0
S50G,2100000.0,2100000.0,0.39620249104209787,0,0,0
S50V,1800000.0,1800000.0,0.3395964745772946,0,0,0
K51G,860000.0,860000.0,0.16223095632091084,0,0,0
K51V,820000.0,820000.0,0.15468348745893706,0,0,0
Y52G,840000.0,840000.0,0.15845722188992395,0,0,0
Y52V,2100000.0,2100000.0,0.39620249104209787,0,0,0
G53A,1200000.0,1200000.0,0.22638444164768792,0,0,0
G53V,610000.0,610000.0,0.11505927593357472,0,0,0
E54G,1900000.0,1900000.0,0.358465146732229,0,0,0
E54V,2000000.0,2000000.0,0.37733381888716344,0,0,0
G55A,2100000.0,2100000.0,0.39620249104209787,0,0,0
G55V,2400000.0,2400000.0,0.4528085075069012,0,0,0
G56A,720000.0,720000.0,0.1358148153040026,0,0,0
G56V,2000.0,2000.0,0.00033774923157332647,0,0,0
F57G,2200.0,2200.0,0.00037548657588319537,0,0,0
F57V,2000000.0,2000000.0,0.37733381888716344,0,0,0
K58G,870000.0,870000.0,0.16411782353640428,0,0,0
K58V,1100000.0,1100000.0,0.2075157694927535,0,0,0
R59G,210000.0,210000.0,0.03958458731383696,0,0,0
R59V,430000.0,430000.0,0.08109566605469273,0,0,0
M60G,390000.0,390000.0,0.07354819719271896,0,0,0
M60V,1700000.0,1700000.0,0.32072780242236015,0,0,0
L61G,1300000.0,1300000.0,0.24525311380262238,0,0,0
L61V,760000.0,760000.0,0.14336228416597638,0,0,0
N62G,1200000.0,1200000.0,0.22638444164768792,0,0,0
N62V,1500000.0,1500000.0,0.28299045811249124,0,0,0
T63G,2000000.0,2000000.0,0.37733381888716344,0,0,0
T63V,1200000.0,1200000.0,0.22638444164768792,0,0,0
G64A,160000.0,160000.0,0.030150251236369743,0,0,0
G64V,380.0,380.0,3.2076742663388546e-05,0,0,0
Y65G,600000.0,600000.0,0.11317240871808128,0,0,0
Y65V,1400000.0,1400000.0,0.2641217859575568,0,0,0
S66G,1100000.0,1100000.0,0.2075157694927535,0,0,0
S66V,1100000.0,1100000.0,0.2075157694927535,0,0,0
L67G,740000.0,740000.0,0.1395885497349895,0,0,0
L67V,1100000.0,1100000.0,0.2075157694927535,0,0,0
N68G,840000.0,840000.0,0.15845722188992395,0,0,0
N68V,230000.0,230000.0,0.043358321744823854,0,0,0
N69G,340000.0,340000.0,0.06411386111525173,0,0,0
N69V,710000.0,710000.0,0.13392794808850916,0,0,0
V70A,2400000.0,2400000.0,0.4528085075069012,1,1,1
V70G,62000.0,62000.0,0.011658952524533991,0,0,0
H71G,1500000.0,1500000.0,0.28299045811249124,0,0,0
H71V,1500000.0,1500000.0,0.28299045811249124,0,0,0
I72G,35000.0,35000.0,0.006564411042701692,0,0,0
I72V,1100000.0,1100000.0,0.2075157694927535,0,0,0
D73G,370000.0,370000.0,0.06977446276173206,0,0,0
D73V,250000.0,250000.0,0.04713205617581074,0,0,0
Y74G,170000.0,170000.0,0.03203711845186319,0,0,0
Y74V,1000000.0,1000000.0,0.18864709733781904,0,0,0
V75A,930000.0,930000.0,0.17543902682936494,0,0,0
V75G,290000.0,290000.0,0.05467952503778452,0,0,0
P76V,71000.0,71000.0,0.01335713301847809,0,0,0
T77G,260000.0,260000.0,0.04901892339130418,0,0,0
T77V,900000.0,900000.0,0.1697784251828846,0,0,0
V78A,2700000.0,2700000.0,0.5094145239717045,1,1,1
V78G,650000.0,650000.0,0.1226067447955485,0,0,0
T79G,1500.0,1500.0,0.0002434058707986543,0,0,0
T79S,220000.0,220000.0,0.04147145452933041,0,0,0
T79V,800.0,800.0,0.0001113251657141132,0,0,0
A80G,450000.0,450000.0,0.08486940048567962,0,0,0
A80V,200000.0,200000.0,0.03769772009834352,0,0,0
I81G,940000.0,940000.0,0.17732589404485838,0,0,0
I81V,1300000.0,1300000.0,0.24525311380262238,0,0,0
G82A,97000.0,97000.0,0.018262987778761047,0,0,0
G82V,1300.0,1300.0,0.0002056685264887854,0,0,0
H83G,310000.0,310000.0,0.058453259468771404,0,0,0
H83V,1800000.0,1800000.0,0.3395964745772946,0,0,0
T84G,1900000.0,1900000.0,0.358465146732229,0,0,0
S85G,1100000.0,1100000.0,0.2075157694927535,0,0,0
S85V,270000.0,270000.0,0.050905790606797625,0,0,0
I86G,180000.0,180000.0,0.03392398566735663,0,0,0
I86V,1600000.0,1600000.0,0.30185913026742567,0,0,0
F87G,2000000.0,2000000.0,0.37733381888716344,0,0,0
F87V,1700000.0,1700000.0,0.32072780242236015,0,0,0
T88G,260000.0,260000.0,0.04901892339130418,0,0,0
T88V,750000.0,750000.0,0.14147541695048294,0,0,0
G89A,770000.0,770000.0,0.14524915138146982,0,0,0
G89V,1300.0,1300.0,0.0002056685264887854,0,0,0
S90G,1100000.0,1100000.0,0.2075157694927535,0,0,0
S90V,270000.0,270000.0,0.050905790606797625,0,0,0
V91A,1000000.0,1000000.0,0.18864709733781904,0,0,0
V91G,95000.0,95000.0,0.017885614335662357,0,0,0
P92G,230000.0,230000.0,0.043358321744823854,0,0,0
P92V,120000.0,120000.0,0.022602782374395967,0,0,0
S93G,540000.0,540000.0,0.10185120542512062,0,0,0
S93V,55000.0,55000.0,0.01033814547368858,0,0,0
I94G,29000.0,29000.0,0.005432290713405626,0,0,0
I94V,1500000.0,1500000.0,0.28299045811249124,0,0,0
H95G,47000.0,47000.0,0.008828651701293825,0,0,0
H95V,480000.0,480000.0,0.09053000213215995,0,0,0
G96A,670000.0,670000.0,0.1263804792265354,0,0,0
G96V,2200.0,2200.0,0.00037548657588319537,0,0,0
I97G,1400.0,1400.0,0.00022453719864371985,0,0,0
I97V,1700000.0,1700000.0,0.32072780242236015,0,0,0
A98G,810000.0,810000.0,0.15279662024344362,0,0,0
A98V,1300000.0,1300000.0,0.24525311380262238,0,0,0
G99A,1000000.0,1000000.0,0.18864709733781904,0,0,0
G99V,140000.0,140000.0,0.026376516805382853,0,0,0
N100A,77000.0,77000.0,0.014489253347774157,0,0,0
N100G,270000.0,270000.0,0.050905790606797625,0,0,0
N100V,350000.0,350000.0,0.06600072833074518,0,0,0
D101G,1300000.0,1300000.0,0.24525311380262238,0,0,0
D101V,2300000.0,2300000.0,0.4339398353519668,1,1,1
W102G,1300.0,1300.0,0.0002056685264887854,0,0,0
W102V,57000.0,57000.0,0.01071551891678727,0,0,0
Y103G,280000.0,280000.0,0.052792657822291075,0,0,0
Y103V,1100000.0,1100000.0,0.2075157694927535,0,0,0
D104G,670000.0,670000.0,0.1263804792265354,0,0,0
D104V,1500000.0,1500000.0,0.28299045811249124,0,0,0
K105G,2100000.0,2100000.0,0.39620249104209787,0,0,0
K105V,2700000.0,2700000.0,0.5094145239717045,1,1,1
E106G,1300000.0,1300000.0,0.24525311380262238,0,0,0
E106V,600000.0,600000.0,0.11317240871808128,0,0,0
L107G,2100000.0,2100000.0,0.39620249104209787,0,0,0
L107V,1500000.0,1500000.0,0.28299045811249124,0,0,0
G108A,1300000.0,1300000.0,0.24525311380262238,0,0,0
G108V,1400000.0,1400000.0,0.2641217859575568,0,0,0
K109G,2600000.0,2600000.0,0.4905458518167701,1,1,1
K109V,1900000.0,1900000.0,0.358465146732229,0,0,0
S110G,1700000.0,1700000.0,0.32072780242236015,0,0,0
S110V,1700000.0,1700000.0,0.32072780242236015,0,0,0
V111A,1600000.0,1600000.0,0.30185913026742567,0,0,0
V111G,110000.0,110000.0,0.02071591515890252,0,0,0
Y112G,660000.0,660000.0,0.12449361201104195,0,0,0
Y112V,440000.0,440000.0,0.08298253327018618,0,0,0
C113G,1300000.0,1300000.0,0.24525311380262238,0,0,0
C113V,2500000.0,2500000.0,0.47167717966183564,1,1,1
T114G,250000.0,250000.0,0.04713205617581074,0,0,0
T114V,1400000.0,1400000.0,0.2641217859575568,0,0,0
S115G,1500000.0,1500000.0,0.28299045811249124,0,0,0
S115V,1100000.0,1100000.0,0.2075157694927535,0,0,0
D116G,18000.0,18000.0,0.0033567367763628372,0,0,0
D116V,210000.0,210000.0,0.03958458731383696,0,0,0
E117G,1800000.0,1800000.0,0.3395964745772946,0,0,0
E117V,1700000.0,1700000.0,0.32072780242236015,0,0,0
T118G,1900000.0,1900000.0,0.358465146732229,0,0,0
T118V,1600000.0,1600000.0,0.30185913026742567,0,0,0
V119A,1800000.0,1800000.0,0.3395964745772946,0,0,0
V119G,100000.0,100000.0,0.018829047943409078,0,0,0
Q120G,2000000.0,2000000.0,0.37733381888716344,0,0,0
Q120V,1500000.0,1500000.0,0.28299045811249124,0,0,0
P121G,1700000.0,1700000.0,0.32072780242236015,0,0,0
P121V,1000000.0,1000000.0,0.18864709733781904,0,0,0
V122A,1600000.0,1600000.0,0.30185913026742567,0,0,0
V122G,390000.0,390000.0,0.07354819719271896,0,0,0
G123A,1300000.0,1300000.0,0.24525311380262238,0,0,0
G123V,1900000.0,1900000.0,0.358465146732229,0,0,0
T124G,1700000.0,1700000.0,0.32072780242236015,0,0,0
T124V,2000000.0,2000000.0,0.37733381888716344,0,0,0
T125G,2300000.0,2300000.0,0.4339398353519668,0,0,0
T125V,1300000.0,1300000.0,0.24525311380262238,0,0,0
S126G,820000.0,820000.0,0.15468348745893706,0,0,0
S126V,1400000.0,1400000.0,0.2641217859575568,0,0,0
N127G,1500000.0,1500000.0,0.28299045811249124,0,0,0
N127V,1500000.0,1500000.0,0.28299045811249124,0,0,0
S128G,1900000.0,1900000.0,0.358465146732229,0,0,0
S128V,1200000.0,1200000.0,0.22638444164768792,0,0,0
V129A,1700000.0,1700000.0,0.32072780242236015,0,0,0
V129G,680000.0,680000.0,0.12826734644202883,0,0,0
G130A,2000000.0,2000000.0,0.37733381888716344,0,0,0
G130V,770000.0,770000.0,0.14524915138146982,0,0,0
Q131G,1500000.0,1500000.0,0.28299045811249124,0,0,0
H132G,1000000.0,1000000.0,0.18864709733781904,0,0,0
H132V,620000.0,620000.0,0.11694614314906818,0,0,0
S133G,1500000.0,1500000.0,0.28299045811249124,0,0,0
S133V,1300.0,1300.0,0.0002056685264887854,0,0,0
P134G,180000.0,180000.0,0.03392398566735663,0,0,0
P134V,1600000.0,1600000.0,0.30185913026742567,0,0,0
R135G,3200000.0,3200000.0,0.6037578847463767,1,1,1
R135V,1900000.0,1900000.0,0.358465146732229,0,0,0
N136G,860000.0,860000.0,0.16223095632091084,0,0,0
N136V,480000.0,480000.0,0.09053000213215995,0,0,0
L137G,360000.0,360000.0,0.06788759554623862,0,0,0
L137V,1500000.0,1500000.0,0.28299045811249124,0,0,0
W138G,470000.0,470000.0,0.0886431349166665,0,0,0
W138V,510000.0,510000.0,0.09619060377864029,0,0,0
S139G,490000.0,490000.0,0.09241686934765339,0,0,0
S139V,1700000.0,1700000.0,0.32072780242236015,0,0,0
T140G,540000.0,540000.0,0.10185120542512062,0,0,0
T140V,520000.0,520000.0,0.09807747099413373,0,0,0
T141G,780000.0,780000.0,0.14713601859696326,0,0,0
T141V,1500000.0,1500000.0,0.28299045811249124,0,0,0
V142A,1500000.0,1500000.0,0.28299045811249124,0,0,0
V142G,230000.0,230000.0,0.043358321744823854,0,0,0
T143G,850000.0,850000.0,0.1603440891054174,0,0,0
T143V,1200000.0,1200000.0,0.22638444164768792,0,0,0
D144G,240000.0,240000.0,0.0452451889603173,0,0,0
D144V,9500.0,9500.0,0.0017528996431934096,0,0,0
Q145G,1900000.0,1900000.0,0.358465146732229,0,0,0
Q145V,1600000.0,1600000.0,0.30185913026742567,0,0,0
L146G,140000.0,140000.0,0.026376516805382853,0,0,0
L146V,2300000.0,2300000.0,0.4339398353519668,1,1,1
G147A,980000.0,980000.0,0.18487336290683215,0,0,0
G147V,1200000.0,1200000.0,0.22638444164768792,0,0,0
L148G,200000.0,200000.0,0.03769772009834352,0,0,0
L148V,770000.0,770000.0,0.14524915138146982,0,0,0
A149G,1700000.0,1700000.0,0.32072780242236015,0,0,0
A149V,520000.0,520000.0,0.09807747099413373,0,0,0
T150G,1400000.0,1400000.0,0.2641217859575568,0,0,0
T150V,1200000.0,1200000.0,0.22638444164768792,0,0,0
N151G,170000.0,170000.0,0.03203711845186319,0,0,0
N151V,1300000.0,1300000.0,0.24525311380262238,0,0,0
F152G,430000.0,430000.0,0.08109566605469273,0,0,0
F152V,99000.0,99000.0,0.018640361221859733,0,0,0
T153G,1400000.0,1400000.0,0.2641217859575568,0,0,0
T153V,2000000.0,2000000.0,0.37733381888716344,0,0,0
S154G,1600000.0,1600000.0,0.30185913026742567,0,0,0
S154V,470000.0,470000.0,0.0886431349166665,0,0,0
K155G,630000.0,630000.0,0.11883301036456162,0,0,0
K155V,530000.0,530000.0,0.09996433820962718,0,0,0
V156A,1500000.0,1500000.0,0.28299045811249124,0,0,0
V156G,1300000.0,1300000.0,0.24525311380262238,0,0,0
V157A,550000.0,550000.0,0.10373807264061406,0,0,0
V157G,270000.0,270000.0,0.050905790606797625,0,0,0
G158A,810000.0,810000.0,0.15279662024344362,0,0,0
G158V,230000.0,230000.0,0.043358321744823854,0,0,0
V159A,1700000.0,1700000.0,0.32072780242236015,0,0,0
V159G,970000.0,970000.0,0.1829864956913387,0,0,0
S160G,1100000.0,1100000.0,0.2075157694927535,0,0,0
S160V,1300.0,1300.0,0.0002056685264887854,0,0,0
L161G,260000.0,260000.0,0.04901892339130418,0,0,0
L161V,2600000.0,2600000.0,0.4905458518167701,1,1,1
K162A,340.0,340.0,2.4529273801414773e-05,0,0,0
K162G,280.0,280.0,1.3208070508454108e-05,0,0,0
K162V,670.0,670.0,8.679589191269843e-05,0,0,0
D163G,310000.0,310000.0,0.058453259468771404,0,0,0
D163V,140000.0,140000.0,0.026376516805382853,0,0,0
R164A,260000.0,260000.0,0.04901892339130418,0,0,0
R164G,380000.0,380000.0,0.07166132997722552,0,0,0
R164V,240000.0,240000.0,0.0452451889603173,0,0,0
A165G,2400000.0,2400000.0,0.4528085075069012,0,0,0
A165V,58000.0,58000.0,0.010904205638336613,0,0,0
S166G,2300000.0,2300000.0,0.4339398353519668,0,0,0
S166V,2500000.0,2500000.0,0.47167717966183564,1,1,1
I167G,1200.0,1200.0,0.00018679985433385098,0,0,0
I167V,1400000.0,1400000.0,0.2641217859575568,0,0,0
L168G,100000.0,100000.0,0.018829047943409078,0,0,0
L168V,650000.0,650000.0,0.1226067447955485,0,0,0
P169G,410000.0,410000.0,0.07732193162370585,0,0,0
P169V,270000.0,270000.0,0.050905790606797625,0,0,0
A170G,1500000.0,1500000.0,0.28299045811249124,0,0,0
A170V,1200000.0,1200000.0,0.22638444164768792,0,0,0
G171A,170000.0,170000.0,0.03203711845186319,0,0,0
G171V,380.0,380.0,3.2076742663388546e-05,0,0,0
H172V,360000.0,360000.0,0.06788759554623862,0,0,0
N173G,730000.0,730000.0,0.13770168251949605,0,0,0
N173V,380000.0,380000.0,0.07166132997722552,0,0,0
P174G,230000.0,230000.0,0.043358321744823854,0,0,0
P174V,190000.0,190000.0,0.035810852882850075,0,0,0
T175G,680000.0,680000.0,0.12826734644202883,0,0,0
T175V,1800000.0,1800000.0,0.3395964745772946,0,0,0
G176A,1600000.0,1600000.0,0.30185913026742567,0,0,0
G176V,460000.0,460000.0,0.08675626770117306,0,0,0
A177G,400000.0,400000.0,0.0754350644082124,0,0,0
A177V,1300000.0,1300000.0,0.24525311380262238,0,0,0
F178G,18000.0,18000.0,0.0033567367763628372,0,0,0
F178V,1200000.0,1200000.0,0.22638444164768792,0,0,0
W179G,420.0,420.0,3.962421152536233e-05,0,0,0
W179V,46000.0,46000.0,0.00863996497974448,0,0,0
F180G,1100000.0,1100000.0,0.2075157694927535,0,0,0
F180V,1900000.0,1900000.0,0.358465146732229,0,0,0
D181G,340000.0,340000.0,0.06411386111525173,0,0,0
D181V,860000.0,860000.0,0.16223095632091084,0,0,0
D182G,1500000.0,1500000.0,0.28299045811249124,0,0,0
D182V,4100000.0,4100000.0,0.7735759341407867,1,1,1
T183G,1300000.0,1300000.0,0.24525311380262238,0,0,0
T183V,2100000.0,2100000.0,0.39620249104209787,0,0,0
T184G,1400000.0,1400000.0,0.2641217859575568,0,0,0
T184V,1000000.0,1000000.0,0.18864709733781904,0,0,0
G185A,2200000.0,2200000.0,0.41507116319703236,0,0,0
G185V,750000.0,750000.0,0.14147541695048294,0,0,0
K186G,1700000.0,1700000.0,0.32072780242236015,0,0,0
K186V,1900000.0,1900000.0,0.358465146732229,0,0,0
F187G,170000.0,170000.0,0.03203711845186319,0,0,0
F187V,500000.0,500000.0,0.09430373656314685,0,0,0
I188V,1900000.0,1900000.0,0.358465146732229,0,0,0
T189G,280000.0,280000.0,0.052792657822291075,0,0,0
S190G,400000.0,400000.0,0.0754350644082124,0,0,0
S190V,470.0,470.0,4.905854760282955e-05,0,0,0
T191G,2100000.0,2100000.0,0.39620249104209787,0,0,0
T191V,300000.0,300000.0,0.05656639225327796,0,0,0
Y192V,110000.0,110000.0,0.02071591515890252,0,0,0
Y193G,600.0,600.0,7.358782140424432e-05,0,0,0
Y193V,390000.0,390000.0,0.07354819719271896,0,0,0
T194G,2100000.0,2100000.0,0.39620249104209787,0,0,0
T194V,1100000.0,1100000.0,0.2075157694927535,0,0,0
K195G,2200000.0,2200000.0,0.41507116319703236,0,0,0
K195V,2000000.0,2000000.0,0.37733381888716344,0,0,0
E196G,2000000.0,2000000.0,0.37733381888716344,0,0,0
E196V,2100000.0,2100000.0,0.39620249104209787,0,0,0
L197G,310000.0,310000.0,0.058453259468771404,0,0,0
L197V,1300000.0,1300000.0,0.24525311380262238,0,0,0
P198G,750000.0,750000.0,0.14147541695048294,0,0,0
P198V,1900000.0,1900000.0,0.358465146732229,0,0,0
K199G,1900000.0,1900000.0,0.358465146732229,0,0,0
K199V,1700000.0,1700000.0,0.32072780242236015,0,0,0
W200G,61000.0,61000.0,0.011470265802984646,0,0,0
W200V,210000.0,210000.0,0.03958458731383696,0,0,0
V201A,1900000.0,1900000.0,0.358465146732229,0,0,0
V201G,370000.0,370000.0,0.06977446276173206,0,0,0
N202G,1800000.0,1800000.0,0.3395964745772946,0,0,0
N202V,1700000.0,1700000.0,0.32072780242236015,0,0,0
D203G,1700000.0,1700000.0,0.32072780242236015,0,0,0
D203V,1300000.0,1300000.0,0.24525311380262238,0,0,0
F204G,30000.0,30000.0,0.00562097743495497,0,0,0
F204V,970000.0,970000.0,0.1829864956913387,0,0,0
N205V,530000.0,530000.0,0.09996433820962718,0,0,0
N206G,1100000.0,1100000.0,0.2075157694927535,0,0,0
N206V,1400000.0,1400000.0,0.2641217859575568,0,0,0
K207G,2000000.0,2000000.0,0.37733381888716344,0,0,0
K207V,1300000.0,1300000.0,0.24525311380262238,0,0,0
N208G,1900000.0,1900000.0,0.358465146732229,0,0,0
N208V,2500000.0,2500000.0,0.47167717966183564,1,1,1
V209A,2300000.0,2300000.0,0.4339398353519668,0,0,0
V209G,1600000.0,1600000.0,0.30185913026742567,0,0,0
P210G,1200000.0,1200000.0,0.22638444164768792,0,0,0
P210V,730000.0,730000.0,0.13770168251949605,0,0,0
A211G,2200000.0,2200000.0,0.41507116319703236,0,0,0
A211V,2000000.0,2000000.0,0.37733381888716344,0,0,0
Q212G,2000000.0,2000000.0,0.37733381888716344,0,0,0
Q212V,1900000.0,1900000.0,0.358465146732229,0,0,0
L213G,2700000.0,2700000.0,0.5094145239717045,1,1,1
L213V,1500000.0,1500000.0,0.28299045811249124,0,0,0
V214A,1600000.0,1600000.0,0.30185913026742567,0,0,0
V214G,1600000.0,1600000.0,0.30185913026742567,0,0,0
A215G,2200000.0,2200000.0,0.41507116319703236,0,0,0
A215V,2400000.0,2400000.0,0.4528085075069012,0,0,0
N216G,2200000.0,2200000.0,0.41507116319703236,0,0,0
N216V,990000.0,990000.0,0.1867602301223256,0,0,0
G217A,220000.0,220000.0,0.04147145452933041,0,0,0
G217V,1900000.0,1900000.0,0.358465146732229,0,0,0
W218G,220000.0,220000.0,0.04147145452933041,0,0,0
W218V,430000.0,430000.0,0.08109566605469273,0,0,0
N219G,1400000.0,1400000.0,0.2641217859575568,0,0,0
N219V,1400000.0,1400000.0,0.2641217859575568,0,0,0
T220G,620000.0,620000.0,0.11694614314906818,0,0,0
T220V,1400000.0,1400000.0,0.2641217859575568,0,0,0
L221G,1400000.0,1400000.0,0.2641217859575568,0,0,0
L221V,1600000.0,1600000.0,0.30185913026742567,0,0,0
L222G,1200000.0,1200000.0,0.22638444164768792,0,0,0
L222V,1100000.0,1100000.0,0.2075157694927535,0,0,0
P223G,1400000.0,1400000.0,0.2641217859575568,0,0,0
P223V,1600000.0,1600000.0,0.30185913026742567,0,0,0
I224G,1400000.0,1400000.0,0.2641217859575568,0,0,0
I224V,740000.0,740000.0,0.1395885497349895,0,0,0
N225G,2500000.0,2500000.0,0.47167717966183564,0,0,0
N225V,1500000.0,1500000.0,0.28299045811249124,0,0,0
Q226G,1300000.0,1300000.0,0.24525311380262238,0,0,0
Q226V,1900000.0,1900000.0,0.358465146732229,0,0,0
Y227G,490000.0,490000.0,0.09241686934765339,0,0,0
Y227V,730000.0,730000.0,0.13770168251949605,0,0,0
T228G,740000.0,740000.0,0.1395885497349895,0,0,0
T228V,1100000.0,1100000.0,0.2075157694927535,0,0,0
E229G,890000.0,890000.0,0.16789155796739116,0,0,0
E229V,810000.0,810000.0,0.15279662024344362,0,0,0
S230G,740000.0,740000.0,0.1395885497349895,0,0,0
S230V,530000.0,530000.0,0.09996433820962718,0,0,0
S231G,1300000.0,1300000.0,0.24525311380262238,0,0,0
S231V,1000000.0,1000000.0,0.18864709733781904,0,0,0
E232G,1200000.0,1200000.0,0.22638444164768792,0,0,0
E232V,920000.0,920000.0,0.1735521596138715,0,0,0
D233G,450000.0,450000.0,0.08486940048567962,0,0,0
D233V,820000.0,820000.0,0.15468348745893706,0,0,0
N234G,1400000.0,1400000.0,0.2641217859575568,0,0,0
N234V,1300000.0,1300000.0,0.24525311380262238,0,0,0
V235A,2200000.0,2200000.0,0.41507116319703236,0,0,0
V235G,620000.0,620000.0,0.11694614314906818,0,0,0
E236G,1100000.0,1100000.0,0.2075157694927535,0,0,0
E236V,1200000.0,1200000.0,0.22638444164768792,0,0,0
W237G,1100000.0,1100000.0,0.2075157694927535,0,0,0
W237V,500000.0,500000.0,0.09430373656314685,0,0,0
E238G,410000.0,410000.0,0.07732193162370585,0,0,0
E238V,1000000.0,1000000.0,0.18864709733781904,0,0,0
G239A,930000.0,930000.0,0.17543902682936494,0,0,0
G239V,1100000.0,1100000.0,0.2075157694927535,0,0,0
L240G,2400000.0,2400000.0,0.4528085075069012,0,0,0
L240V,790000.0,790000.0,0.1490228858124567,0,0,0
L241G,540000.0,540000.0,0.10185120542512062,0,0,0
L241V,1400000.0,1400000.0,0.2641217859575568,0,0,0
G242A,920000.0,920000.0,0.1735521596138715,0,0,0
G242V,1000000.0,1000000.0,0.18864709733781904,0,0,0
S243G,1300000.0,1300000.0,0.24525311380262238,0,0,0
S243V,1100000.0,1100000.0,0.2075157694927535,0,0,0
K244G,790000.0,790000.0,0.1490228858124567,0,0,0
K244V,1200000.0,1200000.0,0.22638444164768792,0,0,0
K245G,1300000.0,1300000.0,0.24525311380262238,0,0,0
K245V,2700000.0,2700000.0,0.5094145239717045,0,0,0
T246G,460000.0,460000.0,0.08675626770117306,0,0,0
T246V,1600000.0,1600000.0,0.30185913026742567,0,0,0
P247G,590000.0,590000.0,0.11128554150258783,0,0,0
P247V,540000.0,540000.0,0.10185120542512062,0,0,0
T248G,440000.0,440000.0,0.08298253327018618,0,0,0
T248V,540000.0,540000.0,0.10185120542512062,0,0,0
F249G,340000.0,340000.0,0.06411386111525173,0,0,0
F249V,470000.0,470000.0,0.0886431349166665,0,0,0
P250G,750000.0,750000.0,0.14147541695048294,0,0,0
P250V,750000.0,750000.0,0.14147541695048294,0,0,0
Y251G,280000.0,280000.0,0.052792657822291075,0,0,0
Y251V,560000.0,560000.0,0.1056249398561075,0,0,0
T252G,2000000.0,2000000.0,0.37733381888716344,0,0,0
T252V,1500000.0,1500000.0,0.28299045811249124,0,0,0
D253G,1200000.0,1200000.0,0.22638444164768792,0,0,0
D253V,1300000.0,1300000.0,0.24525311380262238,0,0,0
L254G,1400000.0,1400000.0,0.2641217859575568,0,0,0
L254V,1600000.0,1600000.0,0.30185913026742567,0,0,0
A255G,1500000.0,1500000.0,0.28299045811249124,0,0,0
A255V,1300000.0,1300000.0,0.24525311380262238,0,0,0
K256G,1600000.0,1600000.0,0.30185913026742567,0,0,0
K256V,420000.0,420000.0,0.07920879883919929,0,0,0
D257G,2300000.0,2300000.0,0.4339398353519668,0,0,0
D257V,1700000.0,1700000.0,0.32072780242236015,0,0,0
Y258G,1900000.0,1900000.0,0.358465146732229,0,0,0
Y258V,1900000.0,1900000.0,0.358465146732229,0,0,0
E259G,1800000.0,1800000.0,0.3395964745772946,0,0,0
E259V,1700000.0,1700000.0,0.32072780242236015,0,0,0
A260G,2000000.0,2000000.0,0.37733381888716344,0,0,0
A260V,2000000.0,2000000.0,0.37733381888716344,0,0,0
K261G,880000.0,880000.0,0.16600469075189772,0,0,0
K261V,1400000.0,1400000.0,0.2641217859575568,0,0,0
K262G,1600000.0,1600000.0,0.30185913026742567,0,0,0
K262V,1300000.0,1300000.0,0.24525311380262238,0,0,0
G263A,1100000.0,1100000.0,0.2075157694927535,0,0,0
G263V,1100000.0,1100000.0,0.2075157694927535,0,0,0
L264G,1000000.0,1000000.0,0.18864709733781904,0,0,0
L264V,580000.0,580000.0,0.10939867428709439,0,0,0
I265G,740000.0,740000.0,0.1395885497349895,0,0,0
I265V,930000.0,930000.0,0.17543902682936494,0,0,0
R266G,2300000.0,2300000.0,0.4339398353519668,0,0,0
R266V,1600000.0,1600000.0,0.30185913026742567,0,0,0
T267G,2600000.0,2600000.0,0.4905458518167701,1,1,1
T267V,2100000.0,2100000.0,0.39620249104209787,0,0,0
T268V,2100000.0,2100000.0,0.39620249104209787,0,0,0
P269G,1400000.0,1400000.0,0.2641217859575568,0,0,0
P269V,2300000.0,2300000.0,0.4339398353519668,0,0,0
F270G,1400000.0,1400000.0,0.2641217859575568,0,0,0
F270V,2300000.0,2300000.0,0.4339398353519668,1,1,1
G271A,2000000.0,2000000.0,0.37733381888716344,0,0,0
G271V,1200000.0,1200000.0,0.22638444164768792,0,0,0
N272G,1100000.0,1100000.0,0.2075157694927535,0,0,0
N272V,450000.0,450000.0,0.08486940048567962,0,0,0
T273G,1100000.0,1100000.0,0.2075157694927535,0,0,0
T273V,2600000.0,2600000.0,0.4905458518167701,1,1,1
L274G,170000.0,170000.0,0.03203711845186319,0,0,0
L274V,1400000.0,1400000.0,0.2641217859575568,0,0,0
T275G,830000.0,830000.0,0.1565703546744305,0,0,0
T275V,1800000.0,1800000.0,0.3395964745772946,0,0,0
L276G,33000.0,33000.0,0.006187037599603003,0,0,0
L276V,1400000.0,1400000.0,0.2641217859575568,0,0,0
Q277G,1700000.0,1700000.0,0.32072780242236015,0,0,0
Q277V,1400000.0,1400000.0,0.2641217859575568,0,0,0
M278G,330000.0,330000.0,0.06222699389975829,0,0,0
M278V,1200000.0,1200000.0,0.22638444164768792,0,0,0
A279G,900000.0,900000.0,0.1697784251828846,0,0,0
A279V,1400000.0,1400000.0,0.2641217859575568,0,0,0
D280G,1900000.0,1900000.0,0.358465146732229,0,0,0
D280V,670000.0,670000.0,0.1263804792265354,0,0,0
A281G,1700000.0,1700000.0,0.32072780242236015,0,0,0
A281V,910000.0,910000.0,0.17166529239837805,0,0,0
A282G,860000.0,860000.0,0.16223095632091084,0,0,0
A282V,860000.0,860000.0,0.16223095632091084,0,0,0
I283G,49000.0,49000.0,0.009206025144392513,0,0,0
I283V,1400000.0,1400000.0,0.2641217859575568,0,0,0
D284G,1700000.0,1700000.0,0.32072780242236015,0,0,0
D284V,2000000.0,2000000.0,0.37733381888716344,0,0,0
G285A,2400000.0,2400000.0,0.4528085075069012,1,1,1
G285V,640000.0,640000.0,0.12071987758005506,0,0,0
N286G,2000000.0,2000000.0,0.37733381888716344,0,0,0
N286V,2600000.0,2600000.0,0.4905458518167701,1,1,1
Q287G,1500000.0,1500000.0,0.28299045811249124,0,0,0
Q287V,1800000.0,1800000.0,0.3395964745772946,0,0,0
M288G,200000.0,200000.0,0.03769772009834352,0,0,0
M288V,470000.0,470000.0,0.0886431349166665,0,0,0
G289A,1100000.0,1100000.0,0.2075157694927535,0,0,0
V290A,1600000.0,1600000.0,0.30185913026742567,0,0,0
V290G,1600000.0,1600000.0,0.30185913026742567,0,0,0
D291G,1900000.0,1900000.0,0.358465146732229,0,0,0
D291V,1500000.0,1500000.0,0.28299045811249124,0,0,0
D292G,1900000.0,1900000.0,0.358465146732229,0,0,0
D292V,1300000.0,1300000.0,0.24525311380262238,0,0,0
I293G,1700000.0,1700000.0,0.32072780242236015,0,0,0
I293V,900000.0,900000.0,0.1697784251828846,0,0,0
T294G,650000.0,650000.0,0.1226067447955485,0,0,0
T294V,1800000.0,1800000.0,0.3395964745772946,0,0,0
D295G,660000.0,660000.0,0.12449361201104195,0,0,0
D295V,160000.0,160000.0,0.030150251236369743,0,0,0
F296G,160000.0,160000.0,0.030150251236369743,0,0,0
F296V,980000.0,980000.0,0.18487336290683215,0,0,0
L297G,7600.0,7600.0,0.001394394872249655,0,0,0
L297V,1600000.0,1600000.0,0.30185913026742567,0,0,0
T298G,1200000.0,1200000.0,0.22638444164768792,0,0,0
T298V,2600000.0,2600000.0,0.4905458518167701,1,1,1
V299A,1000000.0,1000000.0,0.18864709733781904,0,0,0
V299G,14000.0,14000.0,0.0026019898901654594,0,0,0
N300G,3500000.0,3500000.0,0.66036390121118,1,1,1
N300V,130000.0,130000.0,0.02448964958988941,0,0,0
L301G,150000.0,150000.0,0.0282633840208763,0,0,0
L301V,610000.0,610000.0,0.11505927593357472,0,0,0
A302G,1700000.0,1700000.0,0.32072780242236015,0,0,0
A302V,290000.0,290000.0,0.05467952503778452,0,0,0
S303G,1700000.0,1700000.0,0.32072780242236015,0,0,0
S303V,890000.0,890000.0,0.16789155796739116,0,0,0
T304G,2800000.0,2800000.0,0.528283196126639,1,1,1
T304V,120000.0,120000.0,0.022602782374395967,0,0,0
D305G,100000.0,100000.0,0.018829047943409078,0,0,0
D305V,210.0,210.0,0.0,0,0,0
Y306G,5300000.0,5300000.0,1.0,1,1,1
Y306V,870000.0,870000.0,0.16411782353640428,0,0,0
V307A,2200000.0,2200000.0,0.41507116319703236,0,0,0
V307G,2000000.0,2000000.0,0.37733381888716344,0,0,0
G308A,640000.0,640000.0,0.12071987758005506,0,0,0
G308V,230000.0,230000.0,0.043358321744823854,0,0,0
H309G,320000.0,320000.0,0.06034012668426485,0,0,0
H309V,5200.0,5200.0,0.0009415467405312286,0,0,0
N310G,1300000.0,1300000.0,0.24525311380262238,0,0,0
N310V,1400000.0,1400000.0,0.2641217859575568,0,0,0
F311G,520000.0,520000.0,0.09807747099413373,0,0,0
F311V,790000.0,790000.0,0.1490228858124567,0,0,0
G312A,1000000.0,1000000.0,0.18864709733781904,0,0,0
G312V,28000.0,28000.0,0.0052436039918562815,0,0,0
P313G,1000000.0,1000000.0,0.18864709733781904,0,0,0
P313V,1700000.0,1700000.0,0.32072780242236015,0,0,0
N314G,1000000.0,1000000.0,0.18864709733781904,0,0,0
N314V,1900000.0,1900000.0,0.358465146732229,0,0,0
S315G,770000.0,770000.0,0.14524915138146982,0,0,0
S315V,410000.0,410000.0,0.07732193162370585,0,0,0
I316G,660000.0,660000.0,0.12449361201104195,0,0,0
I316V,1700000.0,1700000.0,0.32072780242236015,0,0,0
E317G,330000.0,330000.0,0.06222699389975829,0,0,0
E317V,550000.0,550000.0,0.10373807264061406,0,0,0
V318A,2000000.0,2000000.0,0.37733381888716344,0,0,0
V318G,1200000.0,1200000.0,0.22638444164768792,0,0,0
E319G,530000.0,530000.0,0.09996433820962718,0,0,0
E319V,660000.0,660000.0,0.12449361201104195,0,0,0
D320G,210000.0,210000.0,0.03958458731383696,0,0,0
D320V,160000.0,160000.0,0.030150251236369743,0,0,0
T321G,1900000.0,1900000.0,0.358465146732229,0,0,0
T321V,1700000.0,1700000.0,0.32072780242236015,0,0,0
Y322G,61000.0,61000.0,0.011470265802984646,0,0,0
Y322V,2400000.0,2400000.0,0.4528085075069012,1,1,1
L323G,590000.0,590000.0,0.11128554150258783,0,0,0
L323V,1800000.0,1800000.0,0.3395964745772946,0,0,0
R324G,980000.0,980000.0,0.18487336290683215,0,0,0
R324V,1600000.0,1600000.0,0.30185913026742567,0,0,0
L325G,22000.0,22000.0,0.004111483662560215,0,0,0
L325V,1100000.0,1100000.0,0.2075157694927535,0,0,0
D326G,17000.0,17000.0,0.0031680500548134927,0,0,0
D326V,700.0,700.0,9.245649355917875e-05,0,0,0
R327G,1900000.0,1900000.0,0.358465146732229,0,0,0
R327V,2100000.0,2100000.0,0.39620249104209787,0,0,0
D328G,1000000.0,1000000.0,0.18864709733781904,0,0,0
D328V,630000.0,630000.0,0.11883301036456162,0,0,0
L329G,2800.0,2800.0,0.000488698608812802,0,0,0
L329V,1600000.0,1600000.0,0.30185913026742567,0,0,0
A330G,2300000.0,2300000.0,0.4339398353519668,0,0,0
A330V,1700000.0,1700000.0,0.32072780242236015,0,0,0
D331G,1500000.0,1500000.0,0.28299045811249124,0,0,0
D331V,920000.0,920000.0,0.1735521596138715,0,0,0
F332G,7500.0,7500.0,0.0013755262000947207,0,0,0
F332V,1500000.0,1500000.0,0.28299045811249124,0,0,0
F333G,65000.0,65000.0,0.012225012689182024,0,0,0
F333V,1900000.0,1900000.0,0.358465146732229,0,0,0
N334G,1200000.0,1200000.0,0.22638444164768792,0,0,0
N334V,1400000.0,1400000.0,0.2641217859575568,0,0,0
N335G,1500000.0,1500000.0,0.28299045811249124,0,0,0
N335V,2100000.0,2100000.0,0.39620249104209787,0,0,0
L336G,4600.0,4600.0,0.000828334707601622,0,0,0
L336V,780000.0,780000.0,0.14713601859696326,0,0,0
D337G,140000.0,140000.0,0.026376516805382853,0,0,0
D337V,250000.0,250000.0,0.04713205617581074,0,0,0
K338G,1300000.0,1300000.0,0.24525311380262238,0,0,0
K338V,1800000.0,1800000.0,0.3395964745772946,0,0,0
K339G,950000.0,950000.0,0.17921276126035182,0,0,0
K339V,1100000.0,1100000.0,0.2075157694927535,0,0,0
V340A,1800000.0,1800000.0,0.3395964745772946,0,0,0
V340G,120000.0,120000.0,0.022602782374395967,0,0,0
G341A,620000.0,620000.0,0.11694614314906818,0,0,0
G341V,1000000.0,1000000.0,0.18864709733781904,0,0,0
K342G,1400000.0,1400000.0,0.2641217859575568,0,0,0
K342V,1900000.0,1900000.0,0.358465146732229,0,0,0
G343A,1900000.0,1900000.0,0.358465146732229,0,0,0
G343V,2000000.0,2000000.0,0.37733381888716344,0,0,0
N344G,1300000.0,1300000.0,0.24525311380262238,0,0,0
N344V,350000.0,350000.0,0.06600072833074518,0,0,0
Y345G,88000.0,88000.0,0.016564807284816945,0,0,0
Y345V,1400000.0,1400000.0,0.2641217859575568,0,0,0
L346G,470000.0,470000.0,0.0886431349166665,0,0,0
L346V,1900000.0,1900000.0,0.358465146732229,0,0,0
V347A,2200000.0,2200000.0,0.41507116319703236,0,0,0
V347G,1200000.0,1200000.0,0.22638444164768792,0,0,0
F348G,140000.0,140000.0,0.026376516805382853,0,0,0
F348V,680000.0,680000.0,0.12826734644202883,0,0,0
L349G,110000.0,110000.0,0.02071591515890252,0,0,0
L349V,670000.0,670000.0,0.1263804792265354,0,0,0
S350G,510000.0,510000.0,0.09619060377864029,0,0,0
S350V,890000.0,890000.0,0.16789155796739116,0,0,0
A351G,1100000.0,1100000.0,0.2075157694927535,0,0,0
A351V,1000000.0,1000000.0,0.18864709733781904,0,0,0
D352G,120000.0,120000.0,0.022602782374395967,0,0,0
D352V,460.0,460.0,4.7171680387336105e-05,0,0,0
H353G,1100.0,1100.0,0.00016793118217891653,0,0,0
H353V,930000.0,930000.0,0.17543902682936494,0,0,0
G354A,340000.0,340000.0,0.06411386111525173,0,0,0
G354V,1300.0,1300.0,0.0002056685264887854,0,0,0
A355G,1900000.0,1900000.0,0.358465146732229,0,0,0
A355V,430000.0,430000.0,0.08109566605469273,0,0,0
A356G,1800000.0,1800000.0,0.3395964745772946,0,0,0
A356V,1000000.0,1000000.0,0.18864709733781904,0,0,0
H357G,4800000.0,4800000.0,0.9056566392253278,1,1,1
H357V,800000.0,800000.0,0.15090975302795018,0,0,0
S358G,950000.0,950000.0,0.17921276126035182,0,0,0
S358V,680000.0,680000.0,0.12826734644202883,0,0,0
V359A,930000.0,930000.0,0.17543902682936494,0,0,0
V359G,610000.0,610000.0,0.11505927593357472,0,0,0
G360A,1200000.0,1200000.0,0.22638444164768792,0,0,0
G360V,690000.0,690000.0,0.13015421365752228,0,0,0
F361G,64000.0,64000.0,0.01203632596763268,0,0,0
F361V,450000.0,450000.0,0.08486940048567962,0,0,0
M362G,210000.0,210000.0,0.03958458731383696,0,0,0
M362V,220000.0,220000.0,0.04147145452933041,0,0,0
Q363G,890000.0,890000.0,0.16789155796739116,0,0,0
Q363V,2200000.0,2200000.0,0.41507116319703236,0,0,0
A364V,1600000.0,1600000.0,0.30185913026742567,0,0,0
H365G,540000.0,540000.0,0.10185120542512062,0,0,0
H365V,1300000.0,1300000.0,0.24525311380262238,0,0,0
K366G,540000.0,540000.0,0.10185120542512062,0,0,0
K366V,590000.0,590000.0,0.11128554150258783,0,0,0
M367G,140000.0,140000.0,0.026376516805382853,0,0,0
M367V,680000.0,680000.0,0.12826734644202883,0,0,0
P368G,340000.0,340000.0,0.06411386111525173,0,0,0
P368V,1200000.0,1200000.0,0.22638444164768792,0,0,0
T369G,2400000.0,2400000.0,0.4528085075069012,1,1,1
T369V,1600000.0,1600000.0,0.30185913026742567,0,0,0
G370A,420000.0,420000.0,0.07920879883919929,0,0,0
G370V,110000.0,110000.0,0.02071591515890252,0,0,0
F371G,250000.0,250000.0,0.04713205617581074,0,0,0
F371V,1300000.0,1300000.0,0.24525311380262238,0,0,0
F372G,930000.0,930000.0,0.17543902682936494,0,0,0
F372V,1400000.0,1400000.0,0.2641217859575568,0,0,0
V373A,1200000.0,1200000.0,0.22638444164768792,0,0,0
V373G,1000000.0,1000000.0,0.18864709733781904,0,0,0
E374G,2200000.0,2200000.0,0.41507116319703236,0,0,0
E374V,2100000.0,2100000.0,0.39620249104209787,0,0,0
D375G,880000.0,880000.0,0.16600469075189772,0,0,0
D375V,1100000.0,1100000.0,0.2075157694927535,0,0,0
M376G,460000.0,460000.0,0.08675626770117306,0,0,0
M376V,1600000.0,1600000.0,0.30185913026742567,0,0,0
K377G,1800000.0,1800000.0,0.3395964745772946,0,0,0
K377V,1400000.0,1400000.0,0.2641217859575568,0,0,0
K378G,1300000.0,1300000.0,0.24525311380262238,0,0,0
K378V,1700000.0,1700000.0,0.32072780242236015,0,0,0
E379G,1900000.0,1900000.0,0.358465146732229,0,0,0
E379V,2100000.0,2100000.0,0.39620249104209787,0,0,0
M380G,1400000.0,1400000.0,0.2641217859575568,0,0,0
M380V,1400000.0,1400000.0,0.2641217859575568,0,0,0
N381G,1400000.0,1400000.0,0.2641217859575568,0,0,0
N381V,580000.0,580000.0,0.10939867428709439,0,0,0
A382G,1400000.0,1400000.0,0.2641217859575568,0,0,0
A382V,1900000.0,1900000.0,0.358465146732229,0,0,0
K383G,1100000.0,1100000.0,0.2075157694927535,0,0,0
K383V,1600000.0,1600000.0,0.30185913026742567,0,0,0
L384G,1200000.0,1200000.0,0.22638444164768792,0,0,0
L384V,1200000.0,1200000.0,0.22638444164768792,0,0,0
K385G,1500000.0,1500000.0,0.28299045811249124,0,0,0
K385V,2100000.0,2100000.0,0.39620249104209787,0,0,0
Q386G,110000.0,110000.0,0.02071591515890252,0,0,0
Q386V,2200000.0,2200000.0,0.41507116319703236,0,0,0
K387G,840000.0,840000.0,0.15845722188992395,0,0,0
K387V,1800000.0,1800000.0,0.3395964745772946,0,0,0
F388G,410000.0,410000.0,0.07732193162370585,0,0,0
F388V,1700000.0,1700000.0,0.32072780242236015,0,0,0
G389A,1800000.0,1800000.0,0.3395964745772946,0,0,0
G389V,1100000.0,1100000.0,0.2075157694927535,0,0,0
A390G,1500000.0,1500000.0,0.28299045811249124,0,0,0
A390V,2100000.0,2100000.0,0.39620249104209787,0,0,0
D391G,1200000.0,1200000.0,0.22638444164768792,0,0,0
D391V,1300000.0,1300000.0,0.24525311380262238,0,0,0
N392G,1500000.0,1500000.0,0.28299045811249124,0,0,0
N392V,530000.0,530000.0,0.09996433820962718,0,0,0
I393G,1500000.0,1500000.0,0.28299045811249124,0,0,0
I394G,340000.0,340000.0,0.06411386111525173,0,0,0
I394V,2000000.0,2000000.0,0.37733381888716344,0,0,0
A395G,1400000.0,1400000.0,0.2641217859575568,0,0,0
A395V,2600000.0,2600000.0,0.4905458518167701,1,1,1
A396G,1200000.0,1200000.0,0.22638444164768792,0,0,0
A396V,1300000.0,1300000.0,0.24525311380262238,0,0,0
A397G,1200000.0,1200000.0,0.22638444164768792,0,0,0
A397V,2300000.0,2300000.0,0.4339398353519668,1,1,1
M398G,1100000.0,1100000.0,0.2075157694927535,0,0,0
M398V,1200000.0,1200000.0,0.22638444164768792,0,0,0
N399G,480000.0,480000.0,0.09053000213215995,0,0,0
N399V,830000.0,830000.0,0.1565703546744305,0,0,0
Y400G,3400000.0,3400000.0,0.6414952290562457,1,1,1
Y400V,2200000.0,2200000.0,0.41507116319703236,1,1,0
Q401G,1100000.0,1100000.0,0.2075157694927535,0,0,0
Q401V,830000.0,830000.0,0.1565703546744305,0,0,0
V402A,2200000.0,2200000.0,0.41507116319703236,0,0,0
V402G,850000.0,850000.0,0.1603440891054174,0,0,0
Y403G,430000.0,430000.0,0.08109566605469273,0,0,0
Y403V,1300000.0,1300000.0,0.24525311380262238,0,0,0
F404G,710000.0,710000.0,0.13392794808850916,0,0,0
F404V,2200000.0,2200000.0,0.41507116319703236,1,1,0
D405G,800000.0,800000.0,0.15090975302795018,0,0,0
D405V,1100000.0,1100000.0,0.2075157694927535,0,0,0
R406G,1400000.0,1400000.0,0.2641217859575568,0,0,0
R406V,2100000.0,2100000.0,0.39620249104209787,0,0,0
K407G,1600000.0,1600000.0,0.30185913026742567,0,0,0
K407V,1900000.0,1900000.0,0.358465146732229,0,0,0
V408A,2100000.0,2100000.0,0.39620249104209787,0,0,0
V408G,1400000.0,1400000.0,0.2641217859575568,0,0,0
L409G,390000.0,390000.0,0.07354819719271896,0,0,0
L409V,1300000.0,1300000.0,0.24525311380262238,0,0,0
A410G,1800000.0,1800000.0,0.3395964745772946,0,0,0
A410V,1700000.0,1700000.0,0.32072780242236015,0,0,0
D411G,1400000.0,1400000.0,0.2641217859575568,0,0,0
D411V,1700000.0,1700000.0,0.32072780242236015,0,0,0
S412G,1300000.0,1300000.0,0.24525311380262238,0,0,0
S412V,1900000.0,1900000.0,0.358465146732229,0,0,0
K413G,1600000.0,1600000.0,0.30185913026742567,0,0,0
K413V,2100000.0,2100000.0,0.39620249104209787,0,0,0
L414G,540000.0,540000.0,0.10185120542512062,0,0,0
L414V,920000.0,920000.0,0.1735521596138715,0,0,0
E415G,690000.0,690000.0,0.13015421365752228,0,0,0
E415V,1300000.0,1300000.0,0.24525311380262238,0,0,0
L416G,390000.0,390000.0,0.07354819719271896,0,0,0
L416V,510000.0,510000.0,0.09619060377864029,0,0,0
D417G,1100000.0,1100000.0,0.2075157694927535,0,0,0
D417V,1200000.0,1200000.0,0.22638444164768792,0,0,0
D418G,1300000.0,1300000.0,0.24525311380262238,0,0,0
D418V,2200000.0,2200000.0,0.41507116319703236,0,0,0
V419A,1500000.0,1500000.0,0.28299045811249124,0,0,0
V419G,530000.0,530000.0,0.09996433820962718,0,0,0
R420G,470000.0,470000.0,0.0886431349166665,0,0,0
R420V,920000.0,920000.0,0.1735521596138715,0,0,0
D421G,1400000.0,1400000.0,0.2641217859575568,0,0,0
D421V,960000.0,960000.0,0.18109962847584526,0,0,0
Y422G,870000.0,870000.0,0.16411782353640428,0,0,0
Y422V,1600000.0,1600000.0,0.30185913026742567,0,0,0
V423A,1600000.0,1600000.0,0.30185913026742567,0,0,0
V423G,630000.0,630000.0,0.11883301036456162,0,0,0
M424G,430000.0,430000.0,0.08109566605469273,0,0,0
M424V,1200000.0,1200000.0,0.22638444164768792,0,0,0
T425V,1300000.0,1300000.0,0.24525311380262238,0,0,0
E426G,1300000.0,1300000.0,0.24525311380262238,0,0,0
E426V,1800000.0,1800000.0,0.3395964745772946,0,0,0
L427G,250000.0,250000.0,0.04713205617581074,0,0,0
L427V,1400000.0,1400000.0,0.2641217859575568,0,0,0
K428G,570000.0,570000.0,0.10751180707160095,0,0,0
K428V,870000.0,870000.0,0.16411782353640428,0,0,0
K429G,1400000.0,1400000.0,0.2641217859575568,0,0,0
K429V,2000000.0,2000000.0,0.37733381888716344,0,0,0
E430G,930000.0,930000.0,0.17543902682936494,0,0,0
E430V,1400000.0,1400000.0,0.2641217859575568,0,0,0
P431G,1100000.0,1100000.0,0.2075157694927535,0,0,0
P431V,2100000.0,2100000.0,0.39620249104209787,0,0,0
S432G,1200000.0,1200000.0,0.22638444164768792,0,0,0
S432V,370000.0,370000.0,0.06977446276173206,0,0,0
V433A,1100000.0,1100000.0,0.2075157694927535,0,0,0
V433G,160000.0,160000.0,0.030150251236369743,0,0,0
L434G,350000.0,350000.0,0.06600072833074518,0,0,0
L434V,670000.0,670000.0,0.1263804792265354,0,0,0
Y435G,54000.0,54000.0,0.010149458752139236,0,0,0
Y435V,190000.0,190000.0,0.035810852882850075,0,0,0
V436A,1300000.0,1300000.0,0.24525311380262238,0,0,0
V436G,450000.0,450000.0,0.08486940048567962,0,0,0
L437G,410000.0,410000.0,0.07732193162370585,0,0,0
L437V,2100000.0,2100000.0,0.39620249104209787,0,0,0
S438G,760000.0,760000.0,0.14336228416597638,0,0,0
S438V,1100000.0,1100000.0,0.2075157694927535,0,0,0
T439G,370000.0,370000.0,0.06977446276173206,0,0,0
T439V,2000000.0,2000000.0,0.37733381888716344,0,0,0
D440G,1600000.0,1600000.0,0.30185913026742567,0,0,0
D440V,290000.0,290000.0,0.05467952503778452,0,0,0
E441G,1200000.0,1200000.0,0.22638444164768792,0,0,0
E441V,1400000.0,1400000.0,0.2641217859575568,0,0,0
I442G,160000.0,160000.0,0.030150251236369743,0,0,0
I442V,1100000.0,1100000.0,0.2075157694927535,0,0,0
W443G,1500000.0,1500000.0,0.28299045811249124,0,0,0
W443V,2000000.0,2000000.0,0.37733381888716344,0,0,0
E444G,1500000.0,1500000.0,0.28299045811249124,0,0,0
E444V,1500000.0,1500000.0,0.28299045811249124,0,0,0
S445G,230000.0,230000.0,0.043358321744823854,0,0,0
S445V,1500000.0,1500000.0,0.28299045811249124,0,0,0
S446G,510000.0,510000.0,0.09619060377864029,0,0,0
S446V,2100000.0,2100000.0,0.39620249104209787,0,0,0
I447G,11000.0,11000.0,0.002035929725517426,0,0,0
I447V,1500000.0,1500000.0,0.28299045811249124,0,0,0
P448G,76000.0,76000.0,0.014300566626224812,0,0,0
E449G,1100000.0,1100000.0,0.2075157694927535,0,0,0
E449V,1100000.0,1100000.0,0.2075157694927535,0,0,0
P450G,1900000.0,1900000.0,0.358465146732229,0,0,0
P450V,1900000.0,1900000.0,0.358465146732229,0,0,0
I451G,120000.0,120000.0,0.022602782374395967,0,0,0
I451V,1000000.0,1000000.0,0.18864709733781904,0,0,0
K452G,200000.0,200000.0,0.03769772009834352,0,0,0
K452V,150000.0,150000.0,0.0282633840208763,0,0,0
S453G,1500000.0,1500000.0,0.28299045811249124,0,0,0
S453V,1500000.0,1500000.0,0.28299045811249124,0,0,0
R454G,83000.0,83000.0,0.015621373677070224,0,0,0
R454V,81000.0,81000.0,0.015244000233971535,0,0,0
V455A,1700000.0,1700000.0,0.32072780242236015,0,0,0
V455G,200000.0,200000.0,0.03769772009834352,0,0,0
I456G,240000.0,240000.0,0.0452451889603173,0,0,0
I456V,1200000.0,1200000.0,0.22638444164768792,0,0,0
N457G,540000.0,540000.0,0.10185120542512062,0,0,0
N457V,180000.0,180000.0,0.03392398566735663,0,0,0
G458A,260000.0,260000.0,0.04901892339130418,0,0,0
G458V,320000.0,320000.0,0.06034012668426485,0,0,0
Y459G,22000.0,22000.0,0.004111483662560215,0,0,0
Y459V,560000.0,560000.0,0.1056249398561075,0,0,0
N460V,320000.0,320000.0,0.06034012668426485,0,0,0
W461G,180000.0,180000.0,0.03392398566735663,0,0,0
W461V,170000.0,170000.0,0.03203711845186319,0,0,0
K462G,1800000.0,1800000.0,0.3395964745772946,0,0,0
K462V,920000.0,920000.0,0.1735521596138715,0,0,0
R463G,250000.0,250000.0,0.04713205617581074,0,0,0
R463V,450000.0,450000.0,0.08486940048567962,0,0,0
S464G,1600000.0,1600000.0,0.30185913026742567,0,0,0
S464V,30000.0,30000.0,0.00562097743495497,0,0,0
G465A,240000.0,240000.0,0.0452451889603173,0,0,0
G465V,6400.0,6400.0,0.0011679708063904418,0,0,0
D466G,520000.0,520000.0,0.09807747099413373,0,0,0
D466V,1000000.0,1000000.0,0.18864709733781904,0,0,0
I467G,310000.0,310000.0,0.058453259468771404,0,0,0
I467V,940000.0,940000.0,0.17732589404485838,0,0,0
Q468G,2300000.0,2300000.0,0.4339398353519668,0,0,0
Q468V,600000.0,600000.0,0.11317240871808128,0,0,0
I469G,1300000.0,1300000.0,0.24525311380262238,0,0,0
I469V,810000.0,810000.0,0.15279662024344362,0,0,0
I470G,180000.0,180000.0,0.03392398566735663,0,0,0
I470V,480000.0,480000.0,0.09053000213215995,0,0,0
S471G,2300000.0,2300000.0,0.4339398353519668,0,0,0
S471V,1500000.0,1500000.0,0.28299045811249124,0,0,0
K472G,600000.0,600000.0,0.11317240871808128,0,0,0
K472V,370000.0,370000.0,0.06977446276173206,0,0,0
D473G,1800000.0,1800000.0,0.3395964745772946,0,0,0
D473V,620000.0,620000.0,0.11694614314906818,0,0,0
G474A,790000.0,790000.0,0.1490228858124567,0,0,0
G474V,290000.0,290000.0,0.05467952503778452,0,0,0
Y475G,220000.0,220000.0,0.04147145452933041,0,0,0
Y475V,720000.0,720000.0,0.1358148153040026,0,0,0
L476G,1300000.0,1300000.0,0.24525311380262238,0,0,0
L476V,1300000.0,1300000.0,0.24525311380262238,0,0,0
S477G,1500000.0,1500000.0,0.28299045811249124,0,0,0
S477V,700000.0,700000.0,0.13204108087301572,0,0,0
A478G,1300000.0,1300000.0,0.24525311380262238,0,0,0
A478V,1100000.0,1100000.0,0.2075157694927535,0,0,0
Y479G,2400000.0,2400000.0,0.4528085075069012,0,0,0
Y479V,1100000.0,1100000.0,0.2075157694927535,0,0,0
S480G,1600000.0,1600000.0,0.30185913026742567,0,0,0
S480V,960000.0,960000.0,0.18109962847584526,0,0,0
K481G,1800000.0,1800000.0,0.3395964745772946,0,0,0
K481V,1300000.0,1300000.0,0.24525311380262238,0,0,0
K482G,1100000.0,1100000.0,0.2075157694927535,0,0,0
K482V,1400000.0,1400000.0,0.2641217859575568,0,0,0
G483A,470000.0,470000.0,0.0886431349166665,0,0,0
G483V,940000.0,940000.0,0.17732589404485838,0,0,0
T484G,1600000.0,1600000.0,0.30185913026742567,0,0,0
T484V,840000.0,840000.0,0.15845722188992395,0,0,0
T485G,1300000.0,1300000.0,0.24525311380262238,0,0,0
T485V,660000.0,660000.0,0.12449361201104195,0,0,0
H486G,43000.0,43000.0,0.008073904815096447,0,0,0
H486V,6900.0,6900.0,0.001262314167165114,0,0,0
S487G,1300000.0,1300000.0,0.24525311380262238,0,0,0
S487V,1700000.0,1700000.0,0.32072780242236015,0,0,0
V488A,3200000.0,3200000.0,0.6037578847463767,1,1,1
V488G,2800000.0,2800000.0,0.528283196126639,1,1,1
W489G,360000.0,360000.0,0.06788759554623862,0,0,0
W489V,620000.0,620000.0,0.11694614314906818,0,0,0
N490G,1800000.0,1800000.0,0.3395964745772946,0,0,0
N490V,1000000.0,1000000.0,0.18864709733781904,0,0,0
S491G,890000.0,890000.0,0.16789155796739116,0,0,0
S491V,1000000.0,1000000.0,0.18864709733781904,0,0,0
Y492G,1300000.0,1300000.0,0.24525311380262238,0,0,0
Y492V,750000.0,750000.0,0.14147541695048294,0,0,0
D493G,750000.0,750000.0,0.14147541695048294,0,0,0
D493V,1200000.0,1200000.0,0.22638444164768792,0,0,0
S494G,830000.0,830000.0,0.1565703546744305,0,0,0
S494V,280000.0,280000.0,0.052792657822291075,0,0,0
H495G,1100.0,1100.0,0.00016793118217891653,0,0,0
H495V,210000.0,210000.0,0.03958458731383696,0,0,0
I496G,7500.0,7500.0,0.0013755262000947207,0,0,0
I496V,410000.0,410000.0,0.07732193162370585,0,0,0
P497G,220000.0,220000.0,0.04147145452933041,0,0,0
L498G,850000.0,850000.0,0.1603440891054174,0,0,0
L498V,560000.0,560000.0,0.1056249398561075,0,0,0
L499G,1100000.0,1100000.0,0.2075157694927535,0,0,0
L499V,980000.0,980000.0,0.18487336290683215,0,0,0
F500G,730.0,730.0,9.81170952056591e-05,0,0,0
F500V,460000.0,460000.0,0.08675626770117306,0,0,0
M501G,760000.0,760000.0,0.14336228416597638,0,0,0
M501V,1100000.0,1100000.0,0.2075157694927535,0,0,0
G502A,220000.0,220000.0,0.04147145452933041,0,0,0
G502V,1500.0,1500.0,0.0002434058707986543,0,0,0
W503G,560000.0,560000.0,0.1056249398561075,0,0,0
W503V,420000.0,420000.0,0.07920879883919929,0,0,0
G504A,1200000.0,1200000.0,0.22638444164768792,0,0,0
G504V,370000.0,370000.0,0.06977446276173206,0,0,0
I505G,180000.0,180000.0,0.03392398566735663,0,0,0
I505V,1900000.0,1900000.0,0.358465146732229,0,0,0
K506G,2300000.0,2300000.0,0.4339398353519668,0,0,0
K506V,1200000.0,1200000.0,0.22638444164768792,0,0,0
Q507G,1600000.0,1600000.0,0.30185913026742567,0,0,0
Q507V,1700000.0,1700000.0,0.32072780242236015,0,0,0
G508A,690000.0,690000.0,0.13015421365752228,0,0,0
G508V,240000.0,240000.0,0.0452451889603173,0,0,0
E509G,220000.0,220000.0,0.04147145452933041,0,0,0
E509V,570000.0,570000.0,0.10751180707160095,0,0,0
S510G,1200000.0,1200000.0,0.22638444164768792,0,0,0
S510V,180000.0,180000.0,0.03392398566735663,0,0,0
N511G,1700000.0,1700000.0,0.32072780242236015,0,0,0
N511V,2300000.0,2300000.0,0.4339398353519668,0,0,0
Q512G,980000.0,980000.0,0.18487336290683215,0,0,0
Q512V,1100000.0,1100000.0,0.2075157694927535,0,0,0
P513G,1300000.0,1300000.0,0.24525311380262238,0,0,0
P513V,880000.0,880000.0,0.16600469075189772,0,0,0
Y514G,180000.0,180000.0,0.03392398566735663,0,0,0
Y514V,730000.0,730000.0,0.13770168251949605,0,0,0
H515G,1800000.0,1800000.0,0.3395964745772946,0,0,0
H515V,1500000.0,1500000.0,0.28299045811249124,0,0,0
M516G,1600000.0,1600000.0,0.30185913026742567,0,0,0
M516V,640000.0,640000.0,0.12071987758005506,0,0,0
T517G,470000.0,470000.0,0.0886431349166665,0,0,0
T517V,180000.0,180000.0,0.03392398566735663,0,0,0
D518G,270000.0,270000.0,0.050905790606797625,0,0,0
D518V,18000.0,18000.0,0.0033567367763628372,0,0,0
I519G,160000.0,160000.0,0.030150251236369743,0,0,0
I519V,900000.0,900000.0,0.1697784251828846,0,0,0
A520G,1800000.0,1800000.0,0.3395964745772946,0,0,0
A520V,680000.0,680000.0,0.12826734644202883,0,0,0
P521G,810000.0,810000.0,0.15279662024344362,0,0,0
P521V,2100000.0,2100000.0,0.39620249104209787,0,0,0
T522G,28000.0,28000.0,0.0052436039918562815,0,0,0
T522V,230000.0,230000.0,0.043358321744823854,0,0,0
V523A,1100000.0,1100000.0,0.2075157694927535,0,0,0
V523G,1500.0,1500.0,0.0002434058707986543,0,0,0
S524G,1400000.0,1400000.0,0.2641217859575568,0,0,0
S524V,1000000.0,1000000.0,0.18864709733781904,0,0,0
S525G,850000.0,850000.0,0.1603440891054174,0,0,0
S525V,950000.0,950000.0,0.17921276126035182,0,0,0
L526G,220000.0,220000.0,0.04147145452933041,0,0,0
L526V,1600000.0,1600000.0,0.30185913026742567,0,0,0
L527G,140000.0,140000.0,0.026376516805382853,0,0,0
L527V,1500000.0,1500000.0,0.28299045811249124,0,0,0
K528G,150000.0,150000.0,0.0282633840208763,0,0,0
K528V,250000.0,250000.0,0.04713205617581074,0,0,0
I529G,220000.0,220000.0,0.04147145452933041,0,0,0
I529V,1300000.0,1300000.0,0.24525311380262238,0,0,0
Q530G,1700000.0,1700000.0,0.32072780242236015,0,0,0
Q530V,800000.0,800000.0,0.15090975302795018,0,0,0
F531G,2100000.0,2100000.0,0.39620249104209787,0,0,0
F531V,970000.0,970000.0,0.1829864956913387,0,0,0
P532G,1800000.0,1800000.0,0.3395964745772946,0,0,0
P532V,370000.0,370000.0,0.06977446276173206,0,0,0
S533G,1500000.0,1500000.0,0.28299045811249124,0,0,0
S533V,59000.0,59000.0,0.011092892359885958,0,0,0
G534A,2200000.0,2200000.0,0.41507116319703236,0,0,0
G534V,460000.0,460000.0,0.08675626770117306,0,0,0
A535G,2100000.0,2100000.0,0.39620249104209787,0,0,0
A535V,1100000.0,1100000.0,0.2075157694927535,0,0,0
V536A,1200000.0,1200000.0,0.22638444164768792,0,0,0
V536G,320000.0,320000.0,0.06034012668426485,0,0,0
G537A,120000.0,120000.0,0.022602782374395967,0,0,0
G537V,87000.0,87000.0,0.0163761205632676,0,0,0
K538G,2300000.0,2300000.0,0.4339398353519668,0,0,0
K538V,1900000.0,1900000.0,0.358465146732229,0,0,0
P539G,1600000.0,1600000.0,0.30185913026742567,0,0,0
P539V,1800000.0,1800000.0,0.3395964745772946,0,0,0
I540G,61000.0,61000.0,0.011470265802984646,0,0,0
I540V,790000.0,790000.0,0.1490228858124567,0,0,0
T541G,660000.0,660000.0,0.12449361201104195,0,0,0
T541V,1400000.0,1400000.0,0.2641217859575568,0,0,0
E542G,500000.0,500000.0,0.09430373656314685,0,0,0
E542V,810000.0,810000.0,0.15279662024344362,0,0,0
V543A,2200000.0,2200000.0,0.41507116319703236,0,0,0
V543G,880000.0,880000.0,0.16600469075189772,0,0,0
I544G,850000.0,850000.0,0.1603440891054174,0,0,0
I544V,620000.0,620000.0,0.11694614314906818,0,0,0
G545A,2200000.0,2200000.0,0.41507116319703236,0,0,0
G545V,2000000.0,2000000.0,0.37733381888716344,0,0,0
R546G,1900000.0,1900000.0,0.358465146732229,0,0,0
R546V,1300000.0,1300000.0,0.24525311380262238,0,0,0
WT,1400000.0,1400000.0,0.2641217859575568,0,0,0
