,variant,y_pred,y_actual,y_actual_scaled,y_actual_binary,dist_metric,std_predictions
0,D5F,1.0393250000000007,1.0485,0.9884225759768451,1.0,0.16964066161821542,0.0
1,D5I,1.0360750000000016,1.049,0.9889049686444765,1.0,0.18717755268586383,0.0
2,D5Y,1.032764166670001,1.0605,1.0,1.0,0.1846876846090713,0.0
3,D5N,1.032661666669999,1.0465,0.9864930053063193,1.0,0.13294031133017498,0.0
4,D5M,1.026923333339999,1.038,0.9782923299565847,1.0,0.17022251026797003,0.0
5,D5H,1.0188041666700003,,,,,0.0
6,E25K,1.0125975000099998,,,,,0.0
7,D5K,1.01079916668,,,,,0.0
8,E15K,1.01072583335,,,,,0.0
9,E4F,1.0099816666700003,1.0455,0.9855282199710566,1.0,0.18281571210198666,0.0
10,D5C,1.008221666670001,1.0095,0.9507959479015919,1.0,0.18393808485863158,0.0
11,D5V,1.0070025000000011,1.0095,0.9507959479015919,1.0,0.16066871807780594,0.0
12,D5L,1.004817499999999,1.0235,0.9643029425952726,1.0,0.15418027762476863,0.0
13,D5Q,1.0027674999999994,,,,,0.0
14,E4Y,0.9996383333399993,1.017,0.9580318379160636,1.0,0.18615644160958358,0.0
15,S71K,0.9974216666700001,,,,,0.0
16,E4N,0.995389999999999,1.0115,0.9527255185721177,1.0,0.12643588081368232,0.0
17,E27N,0.9953433333499998,,,,,0.0
18,E4Q,0.99276,0.994,0.9358417752050169,0.0,0.1222763701952787,0.0
19,D61N,0.9874524999999998,,,,,0.0
20,D5T,0.9871666666699997,,,,,0.0
21,E56K,0.9822583333499998,,,,,0.0
22,E4M,0.9820674999999993,1.008,0.9493487698986975,1.0,0.1434599712623271,0.0
23,E15N,0.9814350000199995,,,,,0.0
24,S71N,0.9798983333399996,,,,,0.0
25,E8N,0.9797091666900002,,,,,0.0
26,E27T,0.9797083333400002,,,,,0.0
27,E4I,0.9788791668700005,1.015666667,0.9567454577906417,1.0,0.2896177287794351,0.0
28,E4H,0.9785175000000005,0.989,0.9310178485287024,0.0,0.14790824142444287,0.0
29,E8K,0.9777991666700001,,,,,0.0
30,D5S,0.9774075000100001,,,,,0.0
31,S63K,0.9765291666699999,,,,,0.0
32,S71Q,0.9754466666699999,,,,,0.0
33,D61Y,0.97404416667,,,,,0.0
34,E25Q,0.9737849999999999,0.994,0.9358417752050169,0.0,0.08032645962601405,0.0
35,D5R,0.9732974999999996,,,,,0.0
36,R72K,0.9726200000100004,,,,,0.0
37,T16M,0.9719083333400002,,,,,0.0
38,D61H,0.9713766666699999,,,,,0.0
39,L48F,0.9707891666699997,,,,,0.0
40,E25H,0.9706125000000001,,,,,0.0
41,E15Q,0.9693966666799997,,,,,0.0
42,D5E,0.9676174999999999,,,,,0.0
43,E8M,0.9673658333399999,,,,,0.0
44,E56T,0.96718666667,,,,,0.0
45,T20M,0.9669091666699995,,,,,0.0
46,L14M,0.9659174999999999,,,,,0.0
47,E4K,0.9658608333500004,,,,,0.0
48,E15H,0.9656808333399997,,,,,0.0
49,S71C,0.9651825000000004,1.0,0.9416304872165943,1.0,0.1450409377723598,0.0
50,E4L,0.9646525000099987,0.9845,0.9266763145200193,0.0,0.21040952615903857,0.0
51,S63N,0.9622858333399997,,,,,0.0
52,E25T,0.9604758333399996,,,,,0.0
53,P18R,0.9604358333399995,,,,,0.0
54,T12K,0.9602691666700003,,,,,0.0
55,E4C,0.9602541666699999,0.994,0.9358417752050169,0.0,0.2333083455914217,0.0
56,S71F,0.9583616666700003,,,,,0.0
57,T33K,0.9579741666700002,,,,,0.0
58,E25M,0.95701666667,,,,,0.0
59,R23K,0.9566175000000005,0.989,0.9310178485287024,0.0,0.08802407113236133,0.0
60,D51S,0.9563825000200004,,,,,0.0
61,S71M,0.95551666667,,,,,0.0
62,E25R,0.9553441666699996,,,,,0.0
63,S71H,0.9548358333399998,,,,,0.0
64,S63G,0.9544874999999997,,,,,0.0
65,S37K,0.9544066666699998,,,,,0.0
66,D61M,0.9533766666700002,,,,,0.0
67,E4V,0.9533016666799996,0.99775,0.9394597202122528,0.0,0.24080323295552658,0.0
68,P18H,0.9529824999999998,,,,,0.0
69,E27M,0.9522933333399997,,,,,0.0
70,S37C,0.9518333333400005,,,,,0.0
71,S71L,0.9517691666699997,,,,,0.0
72,D51N,0.9514433333399999,,,,,0.0
73,T16K,0.95089833334,,,,,0.0
74,A34C,0.95032666667,,,,,0.0
75,D51K,0.9502724999999996,,,,,0.0
76,L57I,0.9498725000099997,,,,,0.0
77,R70K,0.9491341666700004,,,,,0.0
78,E27H,0.9484983333400001,,,,,0.0
79,E15T,0.9481558333400002,,,,,0.0
80,P18N,0.9452083333399998,,,,,0.0
81,E25V,0.9448924999999997,,,,,0.0
82,P18K,0.9445316666699998,,,,,0.0
83,WT Wild-type sequence,0.9444075,,,,,0.0
84,E56V,0.9443349999999999,,,,,0.0
85,V68K,0.9441591666699997,,,,,0.0
86,E15G,0.9430541666700002,,,,,0.0
87,S63C,0.94265750001,,,,,0.0
88,R66K,0.9424650000000002,,,,,0.0
89,E25C,0.9419158333399997,,,,,0.0
90,S37H,0.9416758333400003,,,,,0.0
91,E8V,0.9410900000100001,,,,,0.0
92,I36V,0.9408774999999998,,,,,0.0
93,D51H,0.9408550000099999,,,,,0.0
94,D51T,0.9406300000000001,,,,,0.0
95,T12N,0.9406216666699998,,,,,0.0
96,V31C,0.9404425,1.02,0.9609261939218524,1.0,0.16765380564884813,0.0
97,E27S,0.9401475000099998,,,,,0.0
98,T33R,0.9399016666699996,,,,,0.0
99,D51R,0.93944583334,,,,,0.0
100,T49M,0.93939916667,,,,,0.0
101,L62Y,0.9383741666699998,,,,,0.0
102,V55M,0.9378175000000002,,,,,0.0
103,V55C,0.9372933333399994,,,,,0.0
104,T58C,0.9371541666700002,,,,,0.0
105,S63H,0.93615916667,,,,,0.0
106,R72M,0.9358283333400002,,,,,0.0
107,V31K,0.9353983333500002,,,,,0.0
108,E15Y,0.9353950000099995,,,,,0.0
109,S63V,0.9348158333400005,,,,,0.0
110,D5G,0.9343033333400002,,,,,0.0
111,L62F,0.9340675000000002,,,,,0.0
112,D61S,0.9337333333400002,,,,,0.0
113,E27G,0.9334008333399999,,,,,0.0
114,E56R,0.9332199999999996,,,,,0.0
115,P18M,0.9331516666699998,,,,,0.0
116,S71T,0.9330891666699997,,,,,0.0
117,L57C,0.93305,,,,,0.0
118,E15R,0.9329900000099998,,,,,0.0
119,S37T,0.9329599999999999,,,,,0.0
120,P18G,0.9323300000100001,,,,,0.0
121,P59L,0.9321416666799999,,,,,0.0
122,M21K,0.9319016666699997,,,,,0.0
123,D61K,0.9318758333399999,,,,,0.0
124,L48Y,0.9317616666700002,,,,,0.0
125,T12H,0.9317225000100002,,,,,0.0
126,S63Y,0.9315399999999999,,,,,0.0
127,S63T,0.9314816666700003,,,,,0.0
128,S71G,0.9314716666699998,,,,,0.0
129,D51C,0.930335,,,,,0.0
130,I47V,0.92950666667,,,,,0.0
131,R46K,0.9290758333400001,,,,,0.0
132,S37Q,0.92904166667,,,,,0.0
133,T12M,0.9288150000000003,1.012,0.9532079112397491,1.0,0.1358890151218427,0.0
134,E27C,0.92873666668,,,,,0.0
135,R41K,0.9285950000000005,,,,,0.0
136,S71R,0.9285649999999999,,,,,0.0
137,M21C,0.9283083333400002,,,,,0.0
138,D61L,0.9277091666699998,,,,,0.0
139,E27P,0.9276516666799997,,,,,0.0
140,D61T,0.9275199999999999,,,,,0.0
141,Y44C,0.9273500000000002,,,,,0.0
142,E56N,0.9271316666699996,,,,,0.0
143,T16A,0.9262191666700005,,,,,0.0
144,T49C,0.92577666667,,,,,0.0
145,S37M,0.9257616666699998,,,,,0.0
146,L26F,0.9257525000000001,,,,,0.0
147,E4R,0.9257274999999997,,,,,0.0
148,E8T,0.9255358333399998,,,,,0.0
149,D61I,0.9254099999999998,,,,,0.0
150,E27Q,0.9251516666699999,,,,,0.0
151,D51F,0.9250674999999999,,,,,0.0
152,H35K,0.9246941666699999,,,,,0.0
153,L14V,0.9244741666699997,,,,,0.0
154,P59I,0.9242925000099997,,,,,0.0
155,E56M,0.9241991666699998,,,,,0.0
156,V31M,0.9237400000000001,,,,,0.0
157,E15S,0.9234533333400001,,,,,0.0
158,R66V,0.92342583334,,,,,0.0
159,D61V,0.9233924999999998,,,,,0.0
160,H35R,0.9231366666699995,,,,,0.0
161,V32I,0.9231250000100001,,,,,0.0
162,E8F,0.9229925000100002,,,,,0.0
163,D61G,0.922865,,,,,0.0
164,P18C,0.9222899999999999,,,,,0.0
165,L14C,0.9222216666699998,,,,,0.0
166,H35T,0.92204666667,,,,,0.0
167,E27K,0.9216966666700002,,,,,0.0
168,D51V,0.9216091666699995,,,,,0.0
169,D61E,0.92157416667,,,,,0.0
170,T49F,0.92154416668,,,,,0.0
171,P18F,0.9215075000000005,,,,,0.0
172,T12R,0.92135583334,,,,,0.0
173,T16Q,0.92130500001,,,,,0.0
174,M40C,0.9212483333400003,,,,,0.0
175,P18V,0.9211991666700001,,,,,0.0
176,E27A,0.9211850000099996,,,,,0.0
177,E8S,0.9209916666699998,,,,,0.0
178,E56I,0.92095666667,,,,,0.0
179,E25S,0.9203041666699997,,,,,0.0
180,E56D,0.9198700000000002,,,,,0.0
181,R66H,0.9198266666700001,,,,,0.0
182,S71A,0.9198124999999997,,,,,0.0
183,E8I,0.9197625000099999,,,,,0.0
184,E56C,0.9196616666699997,,,,,0.0
185,L48V,0.9191691666699999,,,,,0.0
186,I7K,0.9190416666700003,,,,,0.0
187,V53C,0.91893583334,,,,,0.0
188,E25F,0.9189291666699998,,,,,0.0
189,L62C,0.91848666667,,,,,0.0
190,S63R,0.9184866666699998,,,,,0.0
191,E56H,0.9184199999999997,,,,,0.0
192,L48I,0.9179041666700002,,,,,0.0
193,E56G,0.9178641666800001,,,,,0.0
194,V31I,0.91781750001,,,,,0.0
195,T58M,0.91769666667,,,,,0.0
196,E25Y,0.9170566666699999,,,,,0.0
197,L62V,0.9170325000000001,,,,,0.0
198,I67Y,0.9162816666700002,,,,,0.0
199,T20C,0.9162375000000001,,,,,0.0
200,P18T,0.9161883333399997,,,,,0.0
201,V31T,0.9159591666699999,,,,,0.0
202,I67V,0.9158916666699999,,,,,0.0
203,L17I,0.91549666667,,,,,0.0
204,T20L,0.9153566666700002,,,,,0.0
205,R41H,0.9150558333400004,,,,,0.0
206,E15D,0.9149675000000004,,,,,0.0
207,R72V,0.9149308333400004,,,,,0.0
208,E4T,0.9145291666699997,,,,,0.0
209,T49K,0.9142999999999994,,,,,0.0
210,T16N,0.9141633333499998,,,,,0.0
211,D61C,0.9141450000000002,,,,,0.0
212,R46H,0.9140408333400001,,,,,0.0
213,T16E,0.9137600000100004,,,,,0.0
214,E27V,0.9131783333400001,,,,,0.0
215,V32L,0.9128025000000004,,,,,0.0
216,T12Q,0.9123891666700001,,,,,0.0
217,T54K,0.91214916667,,,,,0.0
218,T16Y,0.9117925000100002,,,,,0.0
219,S71I,0.9117266666799999,,,,,0.0
220,T33Q,0.9116516666700007,,,,,0.0
221,R66M,0.9116408333400006,,,,,0.0
222,E8C,0.9115658333399993,0.8985,0.8437047756874095,0.0,0.16502966392237503,0.0
223,S63F,0.9112383333400003,,,,,0.0
224,V55I,0.9112033333400003,,,,,0.0
225,M40K,0.9111433333499996,,,,,0.0
226,S37F,0.9110566666700002,,,,,0.0
227,E56L,0.91085666667,,,,,0.0
228,S71V,0.91085083334,,,,,0.0
229,L26C,0.9105824999999999,,,,,0.0
230,T12Y,0.9104533333400002,,,,,0.0
231,M40H,0.9101916666700004,,,,,0.0
232,H30C,0.9100708333399997,,,,,0.0
233,R72G,0.9100266666700004,,,,,0.0
234,L57H,0.9099374999999996,,,,,0.0
235,D5A,0.9098975000099999,,,,,0.0
236,D61A,0.9097024999999995,,,,,0.0
237,E15M,0.9096391666799998,,,,,0.0
238,L48S,0.9096108333400003,,,,,0.0
239,L48K,0.90956666667,,,,,0.0
240,E8Q,0.9094516666699992,0.913,0.8576941630487217,0.0,0.10213712735007605,0.0
241,T20H,0.9092791666700003,,,,,0.0
242,T54N,0.9088158333399998,,,,,0.0
243,I7V,0.9087491666699998,,,,,0.0
244,T20V,0.9086041666700002,,,,,0.0
245,V13C,0.9085999999999997,,,,,0.0
246,K42H,0.9085266666699999,,,,,0.0
247,E25I,0.9084299999999997,,,,,0.0
248,D5P,0.9083083333399997,,,,,0.0
249,T54C,0.9080925000000002,,,,,0.0
250,T49G,0.9078300000100001,,,,,0.0
251,V31N,0.90770666668,,,,,0.0
252,V55F,0.9073241666700003,,,,,0.0
253,L14G,0.90732416667,,,,,0.0
254,I45V,0.9071033333399999,,,,,0.0
255,G38N,0.9066108333599999,,,,,0.0
256,V24I,0.9065841666700003,,,,,0.0
257,E27R,0.9061158333399999,,,,,0.0
258,V55L,0.9055766666699999,,,,,0.0
259,E8G,0.9047883333399999,,,,,0.0
260,L62H,0.9046166666699997,,,,,0.0
261,V31H,0.9045741666699998,,,,,0.0
262,D51A,0.9045391666699995,,,,,0.0
263,T20N,0.9045383333399997,,,,,0.0
264,N28S,0.9044416666700005,,,,,0.0
265,R23M,0.9044058333400002,,,,,0.0
266,T58K,0.9043675000000004,,,,,0.0
267,E8R,0.9042499999999996,,,,,0.0
268,T49Q,0.9041608333400003,,,,,0.0
269,P18A,0.9039599999999999,,,,,0.0
270,T33C,0.9036341666700003,,,,,0.0
271,N43G,0.9036116666699999,,,,,0.0
272,H35M,0.9034783333400002,,,,,0.0
273,G38A,0.9032091666700004,,,,,0.0
274,E25G,0.9031774999999999,,,,,0.0
275,L62S,0.9031733333399998,,,,,0.0
276,N43H,0.9023816666700004,,,,,0.0
277,L14K,0.9022050000000006,,,,,0.0
278,D51Y,0.9020150000099996,,,,,0.0
279,L26M,0.9018499999999996,,,,,0.0
280,D51I,0.9016991666699997,,,,,0.0
281,E15A,0.9016591666699996,,,,,0.0
282,S63P,0.9014975000000003,,,,,0.0
283,T20I,0.9014366666700004,,,,,0.0
284,Y44T,0.9010091666700001,,,,,0.0
285,R41G,0.9008175000100002,,,,,0.0
286,H30T,0.9005441666699996,,,,,0.0
287,N43K,0.9005200000000001,,,,,0.0
288,P59K,0.9002983333399994,,,,,0.0
289,T33S,0.9001025000000001,,,,,0.0
290,L48C,0.9000275000100002,,,,,0.0
291,S63L,0.8997683333400004,,,,,0.0
292,T33H,0.8997033333400004,,,,,0.0
293,R41N,0.8997008333499998,,,,,0.0
294,S71Y,0.8995091666699997,,,,,0.0
295,S71W,0.8991858333400002,,,,,0.0
296,T54S,0.8989375000000002,,,,,0.0
297,P59C,0.8985975000099998,,,,,0.0
298,P18I,0.8985275,,,,,0.0
299,V32F,0.8983325000100004,,,,,0.0
300,N28C,0.8982075,,,,,0.0
301,G38K,0.8981416666700005,,,,,0.0
302,E25A,0.8979341666699996,,,,,0.0
303,V31R,0.8978441666699994,,,,,0.0
304,R66G,0.8977325000000005,,,,,0.0
305,D61Q,0.8976416666699998,,,,,0.0
306,R23C,0.89760416667,,,,,0.0
307,T16R,0.8975091666699997,,,,,0.0
308,V68M,0.8973175000000001,,,,,0.0
309,G38T,0.8972491666700003,,,,,0.0
310,T54F,0.8971283333400001,,,,,0.0
311,L57Y,0.8971166666699999,,,,,0.0
312,E27D,0.8970383333399999,,,,,0.0
313,L48G,0.8967966666799999,,,,,0.0
314,G65K,0.8967241666699998,,,,,0.0
315,T54H,0.8964825000000002,,,,,0.0
316,V55Y,0.8962791666799997,,,,,0.0
317,L17M,0.8961399999999999,,,,,0.0
318,N43C,0.8960225000000003,,,,,0.0
319,A2N,0.8957600000199999,,,,,0.0
320,T16S,0.8952016666700001,,,,,0.0
321,T20K,0.8951174999999997,,,,,0.0
322,H30M,0.89488,,,,,0.0
323,D51L,0.8944891666699997,,,,,0.0
324,S37R,0.8944883333399996,,,,,0.0
325,Y44H,0.8943775,,,,,0.0
326,E25N,0.89432833334,,,,,0.0
327,G38R,0.8942491666700001,,,,,0.0
328,N43S,0.8942475000000003,,,,,0.0
329,E27F,0.8940616666699996,,,,,0.0
330,P18S,0.89401,,,,,0.0
331,P59F,0.8939566666700003,,,,,0.0
332,T54M,0.8935325000000002,,,,,0.0
333,T16V,0.8932825000000001,,,,,0.0
334,R70N,0.89320833334,,,,,0.0
335,H35S,0.8929124999999997,,,,,0.0
336,L48M,0.8928366666700002,,,,,0.0
337,D61R,0.8923716666699997,,,,,0.0
338,G65N,0.8923641666800001,,,,,0.0
339,A2K,0.8921966666700001,,,,,0.0
340,T58H,0.8920641666700003,,,,,0.0
341,S63M,0.8918949999999998,,,,,0.0
342,T58I,0.8916333333399997,,,,,0.0
343,L62I,0.89139666667,,,,,0.0
344,M9C,0.8910016666700004,,,,,0.0
345,S63W,0.8909141666700002,,,,,0.0
346,E4S,0.8907599999999999,,,,,0.0
347,G38C,0.8905491666700002,,,,,0.0
348,I7N,0.8902408333399997,,,,,0.0
349,T58Y,0.8901475000100002,,,,,0.0
350,R66Q,0.89013333334,,,,,0.0
351,E56S,0.8901199999999996,,,,,0.0
352,V53L,0.89002416667,,,,,0.0
353,N28T,0.8899916666700001,,,,,0.0
354,S71D,0.8899900000000001,,,,,0.0
355,T20Y,0.8899508333399999,,,,,0.0
356,Y44K,0.8898066666699996,,,,,0.0
357,P59Y,0.8898025000100002,,,,,0.0
358,R46T,0.8896833333400003,,,,,0.0
359,P18L,0.8895191666700001,,,,,0.0
360,T20A,0.8893500000000002,,,,,0.0
361,T58S,0.8892216666699998,,,,,0.0
362,H30F,0.8892041666700004,,,,,0.0
363,I7Y,0.8890575000000002,,,,,0.0
364,S37Y,0.8888550000000002,,,,,0.0
365,H30S,0.8887749999999996,,,,,0.0
366,R72H,0.88859916667,,,,,0.0
367,T12S,0.8885041666700001,,,,,0.0
368,T20F,0.8882491666700002,,,,,0.0
369,E27L,0.8882241666699998,,,,,0.0
370,M21F,0.8882091666700002,,,,,0.0
371,E27Y,0.8881599999999998,,,,,0.0
372,V31Y,0.8880583333399998,,,,,0.0
373,R41T,0.8880316666700001,,,,,0.0
374,E56W,0.8879891666699998,,,,,0.0
375,V68L,0.8877225000100002,,,,,0.0
376,L57F,0.8876125,,,,,0.0
377,E8A,0.8875524999999997,,,,,0.0
378,R72S,0.8875516666700004,,,,,0.0
379,G65H,0.88646916667,,,,,0.0
380,N28F,0.8864283333400003,,,,,0.0
381,V68F,0.8863866666700002,,,,,0.0
382,T58Q,0.8862958333400006,,,,,0.0
383,T58A,0.8862116666700001,,,,,0.0
384,V32C,0.8860766666699998,,,,,0.0
385,Q10K,0.8859825000000003,,,,,0.0
386,L48T,0.8858941666699998,,,,,0.0
387,K42G,0.8858300000000001,,,,,0.0
388,V55G,0.8857466666799995,,,,,0.0
389,R72A,0.88574666667,,,,,0.0
390,L17F,0.8856350000100002,,,,,0.0
391,T12I,0.8855783333500001,,,,,0.0
392,D51E,0.8853066666699996,,,,,0.0
393,L62Q,0.8852900000000002,,,,,0.0
394,T49V,0.8852458333400002,,,,,0.0
395,R72N,0.8852125000099998,,,,,0.0
396,R72L,0.8851091666700001,,,,,0.0
397,V31S,0.8850833333399997,,,,,0.0
398,I36C,0.8850416666700001,,,,,0.0
399,T12V,0.8848966666800001,,,,,0.0
400,L48H,0.8848516666700001,,,,,0.0
401,S37V,0.8846408333400002,,,,,0.0
402,V53F,0.8845391666700003,,,,,0.0
403,T20Q,0.8845141666700003,,,,,0.0
404,T58N,0.88431250001,,,,,0.0
405,M21H,0.8841675000000002,,,,,0.0
406,R72Q,0.8837241666700001,,,,,0.0
407,I36F,0.8836358333399997,,,,,0.0
408,T49Y,0.8834883333400002,,,,,0.0
409,R70H,0.8833799999999999,,,,,0.0
410,R41F,0.8832066666700003,,,,,0.0
411,D61F,0.8831399999999999,,,,,0.0
412,T54Y,0.8831333333400002,,,,,0.0
413,D61P,0.8825075,,,,,0.0
414,T54V,0.8824191666700003,,,,,0.0
415,R66T,0.8823550000000001,,,,,0.0
416,L48N,0.8823441666799997,,,,,0.0
417,G38H,0.88229583334,,,,,0.0
418,D61W,0.8819850000000004,0.908,0.8528702363724072,0.0,0.18281590254381538,0.0
419,H30A,0.8817824999999999,,,,,0.0
420,E56Y,0.8817791666699998,,,,,0.0
421,E8L,0.8817291666699996,,,,,0.0
422,S37G,0.88147166667,,,,,0.0
423,P18Y,0.8814566666700001,,,,,0.0
424,R41M,0.8813083333400001,,,,,0.0
425,K39G,0.8812475000000002,,,,,0.0
426,E15F,0.8811758333399999,,,,,0.0
427,V53I,0.88110166667,,,,,0.0
428,T16F,0.8805425,,,,,0.0
429,I7F,0.8804766666699999,,,,,0.0
430,R72C,0.8804766666699999,,,,,0.0
431,H30N,0.88044666667,,,,,0.0
432,R66F,0.8803875000000007,,,,,0.0
433,I67K,0.8799766666700003,,,,,0.0
434,E8D,0.87983166667,,,,,0.0
435,H35N,0.8798116666699998,,,,,0.0
436,I45C,0.87980333334,,,,,0.0
437,M21V,0.8796025000000002,,,,,0.0
438,R66L,0.8794925000000002,,,,,0.0
439,V68I,0.87936500001,,,,,0.0
440,R41S,0.8791041666700002,,,,,0.0
441,P59W,0.8789925000199997,,,,,0.0
442,N6H,0.8788666666699999,,,,,0.0
443,R66A,0.8788274999999999,,,,,0.0
444,T54L,0.87880333334,,,,,0.0
445,T58F,0.8787233333400001,,,,,0.0
446,A34M,0.8786683333499995,,,,,0.0
447,T20S,0.87843416667,,,,,0.0
448,M9Q,0.8782691666700001,,,,,0.0
449,R41C,0.8777124999999999,,,,,0.0
450,T54Q,0.8776116666700002,,,,,0.0
451,N6I,0.8776116666700001,,,,,0.0
452,H30G,0.8775599999999999,,,,,0.0
453,P59V,0.87740166667,,,,,0.0
454,V31L,0.8772991666699999,,,,,0.0
455,E56Q,0.8770674999999999,,,,,0.0
456,F69I,0.87690416667,,,,,0.0
457,R72I,0.8768591666700002,,,,,0.0
458,M9V,0.8768083333400001,,,,,0.0
459,T12F,0.8768000000100002,,,,,0.0
460,R70G,0.8765166666700004,,,,,0.0
461,H30K,0.8763899999999998,,,,,0.0
462,L62T,0.8763324999999997,,,,,0.0
463,Q10M,0.8761025000000001,,,,,0.0
464,T16G,0.8759650000100001,,,,,0.0
465,T54R,0.8753124999999996,,,,,0.0
466,T49H,0.8751741666699999,,,,,0.0
467,G65M,0.8751466666699997,,,,,0.0
468,L62N,0.8748224999999998,,,,,0.0
469,R23T,0.8747625000000001,,,,,0.0
470,R66C,0.87473166667,,,,,0.0
471,M40N,0.8745150000099998,,,,,0.0
472,G65T,0.8744325,,,,,0.0
473,T33M,0.8742408333399999,,,,,0.0
474,T58R,0.8742049999999996,,,,,0.0
475,P59H,0.8741041666799998,,,,,0.0
476,A34F,0.8739958333400001,,,,,0.0
477,D51Q,0.8738325000099999,,,,,0.0
478,G38M,0.8734700000000001,,,,,0.0
479,T58G,0.8733275000000001,,,,,0.0
480,M9N,0.8731383333399997,,,,,0.0
481,I47K,0.8730041666699995,,,,,0.0
482,N6K,0.8727324999999999,,,,,0.0
483,V13I,0.8726308333399999,,,,,0.0
484,G50N,0.87241583334,,,,,0.0
485,G38F,0.8723050000000002,,,,,0.0
486,M9H,0.8722608333399998,,,,,0.0
487,V32M,0.8717600000099999,,,,,0.0
488,L14I,0.8716316666700001,,,,,0.0
489,R41P,0.87156916667,,,,,0.0
490,S71P,0.8708241666700001,,,,,0.0
491,S37W,0.8707166666700004,,,,,0.0
492,R70T,0.8705924999999998,,,,,0.0
493,I67F,0.8705641666699999,,,,,0.0
494,T16I,0.8703416666699999,,,,,0.0
495,Q10N,0.8703116666699998,,,,,0.0
496,R66I,0.8701841666700004,,,,,0.0
497,Y44I,0.8699916666699998,,,,,0.0
498,N6F,0.8699741666699999,,,,,0.0
499,P59M,0.8693716666799999,,,,,0.0
500,T16L,0.8693,,,,,0.0
501,V31F,0.86929416667,,,,,0.0
502,L48R,0.8692433333399997,,,,,0.0
503,E25L,0.8692274999999998,,,,,0.0
504,Y44F,0.8691775000000002,,,,,0.0
505,L62K,0.8691516666700001,,,,,0.0
506,E27I,0.8690191666699997,,,,,0.0
507,L57R,0.8689216666699997,,,,,0.0
508,E8Y,0.8685566666800001,,,,,0.0
509,E8P,0.8683391666699998,,,,,0.0
510,N43F,0.8683341666700004,,,,,0.0
511,R66N,0.8682825000000001,,,,,0.0
512,G65S,0.86824,,,,,0.0
513,T58E,0.8682308333400006,0.909,0.8538350217076701,0.0,0.09709778355824002,0.0
514,R70M,0.86816333334,,,,,0.0
515,D51W,0.8680483333399995,,,,,0.0
516,R23V,0.8679508333400002,,,,,0.0
517,N28G,0.86791,,,,,0.0
518,V24L,0.86785166667,,,,,0.0
519,T33N,0.8677616666700001,,,,,0.0
520,R23H,0.8676241666700005,,,,,0.0
521,I47C,0.8676191666699999,,,,,0.0
522,E4D,0.8675025,,,,,0.0
523,S37A,0.8663275,,,,,0.0
524,M9K,0.8661683333400001,,,,,0.0
525,S63I,0.8660975000000001,,,,,0.0
526,G65Q,0.8660891666699999,,,,,0.0
527,P59A,0.8660466666699997,,,,,0.0
528,K42S,0.8656475,,,,,0.0
529,L62M,0.8655208333400001,,,,,0.0
530,Y60C,0.8653925000000001,,,,,0.0
531,Y60F,0.8652025000000001,,,,,0.0
532,T16H,0.8651725000099998,,,,,0.0
533,T58W,0.8649966666700003,,,,,0.0
534,R23A,0.8645675000000003,,,,,0.0
535,K42N,0.8644891666700002,,,,,0.0
536,L57V,0.8644524999999997,,,,,0.0
537,K39H,0.8643916666700001,,,,,0.0
538,M21N,0.8642858333399996,,,,,0.0
539,H30V,0.8642191666699999,,,,,0.0
540,G65P,0.8641891666699998,,,,,0.0
541,T49I,0.8641500000100001,,,,,0.0
542,F69Y,0.8639266666700003,,,,,0.0
543,L26T,0.8639041666699996,,,,,0.0
544,E56P,0.86378083334,,,,,0.0
545,M9T,0.8634316666699998,,,,,0.0
546,R23I,0.8632391666700002,,,,,0.0
547,R66P,0.8632050000000001,,,,,0.0
548,T58V,0.8631000000000002,,,,,0.0
549,Y60K,0.8630074999999997,,,,,0.0
550,D5W,0.86276,,,,,0.0
551,T20G,0.8623725,,,,,0.0
552,E15C,0.8620316666700001,,,,,0.0
553,A2P,0.8619633333400002,,,,,0.0
554,F69V,0.8618866666699999,,,,,0.0
555,N28M,0.8617550000000007,,,,,0.0
556,V55A,0.8615916666699996,,,,,0.0
557,M21L,0.8614341666700003,,,,,0.0
558,T49S,0.8612875000000001,,,,,0.0
559,T49L,0.86124750001,,,,,0.0
560,E56F,0.8610899999999998,,,,,0.0
561,K42C,0.8610225000000001,,,,,0.0
562,M21I,0.8605608333400001,,,,,0.0
563,G65C,0.8603641666700002,,,,,0.0
564,N28K,0.8600350000000002,,,,,0.0
565,T33A,0.8599891666700001,,,,,0.0
566,L17H,0.8598791666700001,,,,,0.0
567,L62W,0.8597,,,,,0.0
568,V31A,0.8594524999999994,,,,,0.0
569,R41Q,0.85942416667,,,,,0.0
570,K42T,0.8593875,,,,,0.0
571,V32Y,0.8593050000099994,,,,,0.0
572,L14F,0.8592875000000001,,,,,0.0
573,T54I,0.8591333333399999,,,,,0.0
574,R41A,0.8590141666700001,,,,,0.0
575,R70V,0.8590025000000001,,,,,0.0
576,P59S,0.8587283333399998,,,,,0.0
577,P59N,0.8586550000199996,,,,,0.0
578,S37D,0.8585458333399998,,,,,0.0
579,G38V,0.85845666667,,,,,0.0
580,N6L,0.8580650000099999,,,,,0.0
581,I47F,0.8578274999999997,,,,,0.0
582,N43V,0.8573766666700001,,,,,0.0
583,H35F,0.8573333333400001,,,,,0.0
584,E4G,0.8564450000099997,,,,,0.0
585,T16C,0.8563816666700003,,,,,0.0
586,L26V,0.8563808333399998,,,,,0.0
587,V31G,0.8553633333399996,,,,,0.0
588,M21Y,0.8553091666699999,,,,,0.0
589,M40V,0.8552541666700002,,,,,0.0
590,R23S,0.8550825000000001,,,,,0.0
591,N6Y,0.8547291666700002,,,,,0.0
592,E8H,0.8547066666699995,,,,,0.0
593,S37L,0.85465083334,,,,,0.0
594,T58L,0.8545891666699998,,,,,0.0
595,L14Y,0.85432416667,,,,,0.0
596,I47Y,0.8542700000099999,,,,,0.0
597,H30W,0.85407166667,,,,,0.0
598,M40T,0.8540391666699999,,,,,0.0
599,T49W,0.85401666667,,,,,0.0
600,M21T,0.8539841666699998,,,,,0.0
601,R66S,0.8538816666700001,,,,,0.0
602,S37N,0.8537150000099999,,,,,0.0
603,I7H,0.8536433333400002,,,,,0.0
604,V68R,0.8536324999999998,,,,,0.0
605,R72D,0.853485,,,,,0.0
606,L17V,0.8534750000000004,,,,,0.0
607,T49N,0.8532791666699996,,,,,0.0
608,L57M,0.8529649999999996,,,,,0.0
609,Q10R,0.8528925000099998,,,,,0.0
610,L48W,0.8528225,,,,,0.0
611,T58D,0.8527850000000002,,,,,0.0
612,A2S,0.8523258333399998,,,,,0.0
613,R72T,0.8523225000000001,,,,,0.0
614,M21R,0.8521766666699991,,,,,0.0
615,L57K,0.8520841666699998,,,,,0.0
616,P18W,0.8520825000000001,,,,,0.0
617,V13G,0.8520383333399997,,,,,0.0
618,F69K,0.85180000001,,,,,0.0
619,N28A,0.8516275000000002,,,,,0.0
620,T54A,0.8515691666700002,,,,,0.0
621,G50K,0.85127166667,,,,,0.0
622,L62G,0.8511941666699998,,,,,0.0
623,R23F,0.8511675,,,,,0.0
624,T16W,0.8511275,,,,,0.0
625,Y44N,0.8510891666699996,,,,,0.0
626,R23N,0.8509600000000005,0.903,0.8480463096960926,0.0,0.12416989950223596,0.0
627,M40Q,0.8508050000000003,,,,,0.0
628,M9G,0.8506683333399999,,,,,0.0
629,S37I,0.8503891666700001,,,,,0.0
630,M40L,0.8498783333400002,,,,,0.0
631,Y44V,0.8498699999999997,,,,,0.0
632,K64N,0.8498274999999998,,,,,0.0
633,G65A,0.8497950000000002,,,,,0.0
634,V24C,0.8497099999999996,,,,,0.0
635,K39V,0.8496049999999998,,,,,0.0
636,N28Y,0.8494466666700003,,,,,0.0
637,G50C,0.8494425000000001,,,,,0.0
638,M9R,0.8492508333400001,,,,,0.0
639,I45F,0.8491799999999999,,,,,0.0
640,L14T,0.8490949999999995,,,,,0.0
641,V55S,0.8487783333399999,,,,,0.0
642,Q10T,0.8484050000000005,,,,,0.0
643,L48Q,0.8483191666699997,,,,,0.0
644,Y60W,0.8481575000000001,,,,,0.0
645,Y60H,0.848065,,,,,0.0
646,R70S,0.8480399999999999,,,,,0.0
647,N43A,0.8479775,,,,,0.0
648,N43T,0.8479100000000002,,,,,0.0
649,A34V,0.84779416667,,,,,0.0
650,R46A,0.8476474999999999,,,,,0.0
651,V68N,0.8475616666799999,,,,,0.0
652,A2G,0.8474866666699998,,,,,0.0
653,N6Q,0.84747416667,,,,,0.0
654,Q10P,0.8472925000000001,0.9205,0.8649300530631934,0.0,0.18170630176872465,0.0
655,G65Y,0.8471075,,,,,0.0
656,H35V,0.8467841666700002,,,,,0.0
657,L26Y,0.8466699999999997,,,,,0.0
658,G65W,0.8466375,,,,,0.0
659,M40R,0.8463641666699998,,,,,0.0
660,G65F,0.8462691666700002,,,,,0.0
661,V68Q,0.8461091666700001,,,,,0.0
662,N6T,0.8457450000000002,,,,,0.0
663,H30L,0.8456400000000001,,,,,0.0
664,L14R,0.8454649999999999,,,,,0.0
665,M40Y,0.8454341666699996,,,,,0.0
666,G65D,0.8453525000000001,,,,,0.0
667,G38L,0.8449141666700001,,,,,0.0
668,R23Q,0.8448375,,,,,0.0
669,G38S,0.8448316666700001,,,,,0.0
670,L57W,0.8446949999999996,,,,,0.0
671,K64C,0.8446824999999998,,,,,0.0
672,R46S,0.84467166667,,,,,0.0
673,K52Y,0.84446666667,,,,,0.0
674,F22L,0.8441341666699996,,,,,0.0
675,V68S,0.8439291666699998,,,,,0.0
676,N28R,0.8439025,,,,,0.0
677,M40G,0.8437441666699997,,,,,0.0
678,Y60L,0.8435249999999997,,,,,0.0
679,K39M,0.843485,,,,,0.0
680,R41Y,0.8432966666700001,,,,,0.0
681,K39F,0.8431241666700001,,,,,0.0
682,K42R,0.8429899999999998,,,,,0.0
683,F69H,0.8428866666699997,,,,,0.0
684,A34G,0.8427641666699999,,,,,0.0
685,L14Q,0.8427325000000002,,,,,0.0
686,H35W,0.8425016666700003,,,,,0.0
687,V55T,0.8424641666699995,,,,,0.0
688,Q10S,0.8422325000000002,,,,,0.0
689,Y60I,0.8421499999999998,,,,,0.0
690,L57A,0.8420249999999997,,,,,0.0
691,R70C,0.8418599999999996,,,,,0.0
692,V68Y,0.8416816666799999,,,,,0.0
693,P59R,0.8416058333499998,,,,,0.0
694,I67L,0.84151166667,,,,,0.0
695,R46F,0.8414541666700002,,,,,0.0
696,N6V,0.8411541666700001,,,,,0.0
697,K64S,0.8411449999999998,,,,,0.0
698,R66Y,0.84079250001,,,,,0.0
699,R72F,0.8407841666800004,,,,,0.0
700,E15V,0.8403225000100002,,,,,0.0
701,L14H,0.8402691666700002,,,,,0.0
702,Y44S,0.840265,,,,,0.0
703,L62P,0.8402549999999998,,,,,0.0
704,G50R,0.8399099999999997,,,,,0.0
705,N19H,0.8398458333400001,,,,,0.0
706,R70F,0.8397666666700002,,,,,0.0
707,T33E,0.83936416667,,,,,0.0
708,L57P,0.8391974999999998,,,,,0.0
709,G38I,0.8388441666700001,,,,,0.0
710,K39T,0.8387999999999997,,,,,0.0
711,N28E,0.8386591666700002,,,,,0.0
712,E15W,0.8384733333399994,,,,,0.0
713,L14S,0.838465,,,,,0.0
714,K42L,0.8383125,,,,,0.0
715,M21S,0.8381541666699998,,,,,0.0
716,N28L,0.8381075000000002,,,,,0.0
717,N43M,0.8380550000000001,,,,,0.0
718,K39Y,0.83789,,,,,0.0
719,T54W,0.83775750001,,,,,0.0
720,R70I,0.8376041666700001,,,,,0.0
721,E56A,0.8375124999999995,,,,,0.0
722,K64L,0.8374300000000002,,,,,0.0
723,M40I,0.8373866666700002,,,,,0.0
724,T16D,0.8373691666699998,,,,,0.0
725,V68C,0.8371566666699999,,,,,0.0
726,N6S,0.8371291666700001,,,,,0.0
727,R23L,0.83709166667,,,,,0.0
728,R66W,0.8370141666699997,,,,,0.0
729,K39R,0.83667,,,,,0.0
730,P59G,0.8365391666699997,,,,,0.0
731,V68A,0.8365316666699999,,,,,0.0
732,M9A,0.8363391666699996,,,,,0.0
733,T58P,0.8359574999999999,,,,,0.0
734,N43R,0.8358774999999996,,,,,0.0
735,R72W,0.83587166667,,,,,0.0
736,N43L,0.8358275000000001,,,,,0.0
737,N28H,0.8357258333400001,,,,,0.0
738,E8W,0.83533916667,,,,,0.0
739,N19K,0.8349724999999999,,,,,0.0
740,T12L,0.8347650000100006,,,,,0.0
741,V68T,0.8347199999999998,,,,,0.0
742,T54G,0.8345374999999997,,,,,0.0
743,G65V,0.83446666667,,,,,0.0
744,R72Y,0.83439833334,,,,,0.0
745,R70W,0.83436166667,,,,,0.0
746,T33F,0.8341566666700004,,,,,0.0
747,N43I,0.8339616666699997,,,,,0.0
748,K42F,0.8338175,,,,,0.0
749,T20W,0.83365166667,,,,,0.0
750,L62R,0.8336399999999999,,,,,0.0
751,S63A,0.8336075,,,,,0.0
752,K42P,0.8332725000000001,,,,,0.0
753,V68G,0.8332566666700002,,,,,0.0
754,E25D,0.8332549999999999,,,,,0.0
755,Y44M,0.8332316666699998,,,,,0.0
756,S71E,0.8331666666700001,,,,,0.0
757,K64F,0.8329900000000002,,,,,0.0
758,E4A,0.8329349999999995,,,,,0.0
759,T12W,0.8329150000100002,,,,,0.0
760,I45L,0.8328991666699997,,,,,0.0
761,L26I,0.8328041666699998,,,,,0.0
762,L48P,0.8327491666700003,,,,,0.0
763,L26S,0.8326941666699994,,,,,0.0
764,A34L,0.8326108333399997,,,,,0.0
765,K64V,0.8323674999999998,,,,,0.0
766,V31Q,0.8322816666700001,,,,,0.0
767,N28W,0.83226666667,,,,,0.0
768,F22I,0.8321458333399999,,,,,0.0
769,M9F,0.8321441666700001,,,,,0.0
770,N43Y,0.8316825000000001,,,,,0.0
771,F69L,0.8316041666699998,,,,,0.0
772,M21A,0.8314499999999997,,,,,0.0
773,L57Q,0.8309774999999999,,,,,0.0
774,Y44L,0.8304333333399997,,,,,0.0
775,A2T,0.8303100000099995,,,,,0.0
776,R70L,0.829495,,,,,0.0
777,H30I,0.8294299999999999,,,,,0.0
778,A2H,0.8293625000099994,,,,,0.0
779,A2V,0.8293108333399999,,,,,0.0
780,I67N,0.82918666667,,,,,0.0
781,K64H,0.8284900000000001,,,,,0.0
782,N28I,0.8281550000000002,,,,,0.0
783,T20D,0.8281499999999999,,,,,0.0
784,R46Q,0.8279666666699999,,,,,0.0
785,Y44W,0.8279274999999997,,,,,0.0
786,R46N,0.8279116666899998,,,,,0.0
787,T49A,0.8277424999999998,,,,,0.0
788,Y44R,0.8273599999999999,,,,,0.0
789,P59T,0.8273225000199996,,,,,0.0
790,L14A,0.8271549999999999,,,,,0.0
791,Q10H,0.8267291666700003,,,,,0.0
792,L14W,0.8263608333399999,,,,,0.0
793,K3F,0.8263050000000005,0.905,0.8499758803666184,0.0,0.12363835621409947,0.0
794,P18Q,0.8261958333399998,,,,,0.0
795,V53M,0.8260316666699995,,,,,0.0
796,S63Q,0.8258600000000001,,,,,0.0
797,R41L,0.8257974999999999,,,,,0.0
798,K64I,0.825745,,,,,0.0
799,L17Y,0.82509750001,,,,,0.0
800,V32W,0.8250449999999999,,,,,0.0
801,M40S,0.82499583334,,,,,0.0
802,G65R,0.8247799999999994,,,,,0.0
803,A2F,0.82477416668,,,,,0.0
804,E27W,0.8246374999999998,,,,,0.0
805,I47G,0.8245733333399999,,,,,0.0
806,T49R,0.8231708333399999,,,,,0.0
807,K64Y,0.8228749999999998,,,,,0.0
808,R41I,0.8227741666699999,,,,,0.0
809,I36L,0.8226641666699999,,,,,0.0
810,G65L,0.82258916667,,,,,0.0
811,L26A,0.8225791666699994,,,,,0.0
812,M40A,0.8224524999999997,,,,,0.0
813,Y60N,0.8223333333399998,,,,,0.0
814,H35Y,0.8223325000000001,,,,,0.0
815,E15I,0.8222108333399997,,,,,0.0
816,E4P,0.8222066666699996,,,,,0.0
817,I47N,0.8216966666699999,,,,,0.0
818,V32A,0.8216274999999996,,,,,0.0
819,G11C,0.82156,,,,,0.0
820,S37E,0.8215374999999997,,,,,0.0
821,G50H,0.8214675,,,,,0.0
822,H30R,0.8214099999999995,,,,,0.0
823,Y44Q,0.8212449999999998,,,,,0.0
824,N43Q,0.8211000000000002,,,,,0.0
825,V53A,0.8210324999999998,,,,,0.0
826,I36M,0.8209016666699998,,,,,0.0
827,K64R,0.8208641666699998,,,,,0.0
828,M9I,0.8208200000100002,,,,,0.0
829,T33V,0.8205325000000001,,,,,0.0
830,T54D,0.8202566666700004,,,,,0.0
831,H30Q,0.8201874999999998,,,,,0.0
832,H30Y,0.8200974999999997,,,,,0.0
833,N6M,0.8198599999999999,,,,,0.0
834,I47H,0.8198516666699999,,,,,0.0
835,T33G,0.8198125000100002,,,,,0.0
836,K52F,0.8197575000000001,,,,,0.0
837,T33I,0.8196766666700002,,,,,0.0
838,G38Q,0.81961916667,,,,,0.0
839,M21G,0.8194658333399998,,,,,0.0
840,N6W,0.8189500000000001,,,,,0.0
841,M21W,0.81874833334,,,,,0.0
842,M40F,0.8186991666700001,,,,,0.0
843,M9E,0.8184066666699998,,,,,0.0
844,Y60R,0.8183666666699996,,,,,0.0
845,G65E,0.8182541666700002,,,,,0.0
846,K52N,0.8172075000000001,,,,,0.0
847,G65I,0.8171866666700001,,,,,0.0
848,T20R,0.8165349999999997,,,,,0.0
849,K39I,0.8165200000000001,,,,,0.0
850,T49P,0.8163283333400002,,,,,0.0
851,G38Y,0.8162375000000002,,,,,0.0
852,R46D,0.8161191666699997,,,,,0.0
853,V13L,0.8160299999999998,,,,,0.0
854,K52S,0.8160075,,,,,0.0
855,Y44G,0.8158699999999998,,,,,0.0
856,R46Y,0.8158341666700001,,,,,0.0
857,R70Y,0.8153441666700002,,,,,0.0
858,T33Y,0.8152291666700002,,,,,0.0
859,K64M,0.8151275000000002,,,,,0.0
860,V24F,0.8151091666699997,,,,,0.0
861,E25W,0.8149441666699999,,,,,0.0
862,H35I,0.81477666667,,,,,0.0
863,F69N,0.8146758333400002,,,,,0.0
864,G50D,0.8140125,,,,,0.0
865,N43W,0.8134875000000001,,,,,0.0
866,L62D,0.8134849999999997,,,,,0.0
867,I47M,0.8132558333399998,,,,,0.0
868,S63D,0.8129633333399998,,,,,0.0
869,H35Q,0.8127850000000001,,,,,0.0
870,T49E,0.8127658333399999,,,,,0.0
871,I45M,0.8125966666699999,,,,,0.0
872,I7R,0.8125558333399995,,,,,0.0
873,A2M,0.8125033333399996,,,,,0.0
874,K39W,0.812495,,,,,0.0
875,I7W,0.81222666667,,,,,0.0
876,H35L,0.8120700000000002,,,,,0.0
877,F22C,0.8119708333399999,,,,,0.0
878,R23W,0.8118808333399998,,,,,0.0
879,M9Y,0.8118558333399997,,,,,0.0
880,R23Y,0.8118175000000004,,,,,0.0
881,V53Y,0.81140833334,,,,,0.0
882,I47L,0.8108083333399996,,,,,0.0
883,R41V,0.8107516666700001,,,,,0.0
884,L26W,0.810715,,,,,0.0
885,E15L,0.81030583334,,,,,0.0
886,K39A,0.8102324999999996,,,,,0.0
887,L14N,0.8099525,,,,,0.0
888,N19Y,0.809415,,,,,0.0
889,T33L,0.8092350000000001,,,,,0.0
890,K39S,0.8090824999999998,,,,,0.0
891,I67M,0.8090341666699998,,,,,0.0
892,V32K,0.8088966666699997,,,,,0.0
893,N28V,0.808725,,,,,0.0
894,R46G,0.8086600000000002,,,,,0.0
895,D51M,0.8084708333399998,,,,,0.0
896,L48A,0.8083849999999996,,,,,0.0
897,K52R,0.8081174999999997,,,,,0.0
898,R41W,0.80773583334,,,,,0.0
899,M40P,0.8075966666699997,,,,,0.0
900,F69R,0.8067358333399995,,,,,0.0
901,V13H,0.8065833333399999,,,,,0.0
902,R72P,0.8058916666699999,,,,,0.0
903,I45Y,0.8053316666699998,,,,,0.0
904,L62A,0.8051591666699998,,,,,0.0
905,L57N,0.8050349999999998,,,,,0.0
906,V55N,0.8046616666699997,,,,,0.0
907,N19S,0.8046225000000002,,,,,0.0
908,S63E,0.8045991666699998,,,,,0.0
909,V31W,0.804325,,,,,0.0
910,I36A,0.8040925000099998,,,,,0.0
911,A34I,0.8038816666699999,,,,,0.0
912,L57T,0.8036891666699999,,,,,0.0
913,I7L,0.8036833333399999,,,,,0.0
914,T12C,0.8035241666700007,0.7385,0.689339122045345,0.0,0.1458279085375458,0.0
915,V68W,0.8033850000000002,,,,,0.0
916,N43P,0.803205,,,,,0.0
917,L17K,0.8027433333399999,,,,,0.0
918,V31D,0.8026041666699995,,,,,0.0
919,I67W,0.8024924999999999,,,,,0.0
920,V55H,0.8024291666699996,,,,,0.0
921,K52V,0.8014475000000002,,,,,0.0
922,K42W,0.8013325,,,,,0.0
923,K39N,0.8012524999999999,,,,,0.0
924,K39C,0.8012191666699997,,,,,0.0
925,M40W,0.8010841666699998,,,,,0.0
926,G11A,0.8010591666699995,,,,,0.0
927,L17R,0.8009391666699996,,,,,0.0
928,V68D,0.8007716666700001,,,,,0.0
929,T12P,0.8007533333400001,,,,,0.0
930,K52H,0.80072,,,,,0.0
931,F22W,0.8006724999999999,,,,,0.0
932,L17C,0.8005808333400002,,,,,0.0
933,K64P,0.8003024999999999,,,,,0.0
934,T33P,0.7999225,,,,,0.0
935,K42M,0.7997499999999996,,,,,0.0
936,V55P,0.7997399999999998,,,,,0.0
937,K52Q,0.7995324999999999,,,,,0.0
938,G11I,0.7994233333399997,,,,,0.0
939,H35C,0.7992374999999998,,,,,0.0
940,L14E,0.7990041666699997,,,,,0.0
941,N19F,0.7988500000000001,,,,,0.0
942,V68E,0.7988174999999998,,,,,0.0
943,K42Y,0.7986274999999999,,,,,0.0
944,K64Q,0.7985374999999999,,,,,0.0
945,I7M,0.7984175,,,,,0.0
946,M21Q,0.7978883333399998,,,,,0.0
947,N28D,0.7977800000000002,,,,,0.0
948,K64T,0.7975524999999998,,,,,0.0
949,V55K,0.7972858333399998,,,,,0.0
950,A34R,0.7967941666699996,,,,,0.0
951,Y60S,0.7967674999999997,,,,,0.0
952,G50Q,0.7965791666699996,,,,,0.0
953,V68H,0.79653,,,,,0.0
954,K39L,0.7961625000000002,,,,,0.0
955,L14P,0.79593,,,,,0.0
956,N19W,0.79582666667,,,,,0.0
957,I67C,0.7955274999999996,,,,,0.0
958,N6C,0.7954583333400003,,,,,0.0
959,A2Q,0.79529083334,,,,,0.0
960,I7S,0.7950674999999999,,,,,0.0
961,Q10E,0.7950625000000003,,,,,0.0
962,F69S,0.7949291666699996,,,,,0.0
963,K64W,0.7943341666700001,,,,,0.0
964,G50W,0.7942341666700001,,,,,0.0
965,G50Y,0.7939924999999998,,,,,0.0
966,M9D,0.7937875,,,,,0.0
967,I47P,0.7937049999999999,,,,,0.0
968,R46P,0.7932041666699999,,,,,0.0
969,I45K,0.7931941666799999,,,,,0.0
970,Y44P,0.7931016666699996,,,,,0.0
971,V53H,0.7929791666699996,,,,,0.0
972,M40E,0.79275666667,,,,,0.0
973,I47S,0.7926425000099999,,,,,0.0
974,Q10C,0.7925624999999998,,,,,0.0
975,M40D,0.7922550000000002,,,,,0.0
976,R46C,0.7922125,,,,,0.0
977,V13A,0.7919766666699998,,,,,0.0
978,F22Y,0.7918999999999998,,,,,0.0
979,N19R,0.7917716666699998,,,,,0.0
980,V13T,0.7904350000099999,,,,,0.0
981,F69T,0.7899991666699998,,,,,0.0
982,N19T,0.78974583334,,,,,0.0
983,M9S,0.78962166667,,,,,0.0
984,A34K,0.7893416666799996,,,,,0.0
985,I7C,0.7892374999999998,,,,,0.0
986,L17W,0.7890491666699998,,,,,0.0
987,S37P,0.7885649999999998,,,,,0.0
988,G38W,0.7882950000000001,,,,,0.0
989,G50I,0.7875883333399999,,,,,0.0
990,K39Q,0.7867224999999998,,,,,0.0
991,N28Q,0.78667416667,,,,,0.0
992,N6P,0.786415,,,,,0.0
993,I67H,0.7859774999999999,,,,,0.0
994,V24M,0.7856399999999993,,,,,0.0
995,T20P,0.7855550000000001,,,,,0.0
996,I47A,0.7855549999999997,,,,,0.0
997,D51G,0.7854349999999997,,,,,0.0
998,F69Q,0.7853941666699998,,,,,0.0
999,G38P,0.7850324999999999,,,,,0.0
1000,N6R,0.7842924999999998,,,,,0.0
1001,T54E,0.7842450000000001,,,,,0.0
1002,Q10W,0.7840750000000001,,,,,0.0
1003,M9L,0.78391416667,,,,,0.0
1004,H35G,0.7837733333399995,,,,,0.0
1005,I67R,0.7833125,,,,,0.0
1006,F22V,0.7826299999999997,,,,,0.0
1007,A34S,0.7823058333399997,,,,,0.0
1008,M9W,0.7822791666699999,,,,,0.0
1009,R46I,0.7816866666700001,,,,,0.0
1010,R72E,0.7810650000000001,,,,,0.0
1011,T12A,0.78103583334,,,,,0.0
1012,R46E,0.7807849999999997,,,,,0.0
1013,H30P,0.7802324999999997,,,,,0.0
1014,K52L,0.7800941666700002,,,,,0.0
1015,V53S,0.7800358333399997,,,,,0.0
1016,N19G,0.7800024999999999,,,,,0.0
1017,N19L,0.7798249999999999,,,,,0.0
1018,K3N,0.7795141666699997,,,,,0.0
1019,G50T,0.7785274999999996,,,,,0.0
1020,G29K,0.7783583333399996,,,,,0.0
1021,K39P,0.7782874999999998,,,,,0.0
1022,V31E,0.77826,,,,,0.0
1023,I47Q,0.7779766666700002,,,,,0.0
1024,G50A,0.7778774999999996,,,,,0.0
1025,L26G,0.7778641666699996,,,,,0.0
1026,F69M,0.7778466666699998,,,,,0.0
1027,Q10D,0.7777375000000001,,,,,0.0
1028,R70Q,0.7776116666699999,,,,,0.0
1029,R46M,0.7774924999999999,,,,,0.0
1030,A2I,0.7771175000100001,,,,,0.0
1031,G50S,0.7769099999999999,,,,,0.0
1032,V68P,0.77667916667,,,,,0.0
1033,L14D,0.7764374999999998,,,,,0.0
1034,Q10Y,0.77626583334,,,,,0.0
1035,T49D,0.7760216666699999,,,,,0.0
1036,G50M,0.7759424999999998,,,,,0.0
1037,R41E,0.7759075000000002,,,,,0.0
1038,G29H,0.7756149999999997,,,,,0.0
1039,G50F,0.7752324999999997,,,,,0.0
1040,A2Y,0.7751450000100002,,,,,0.0
1041,Y60T,0.7745049999999993,,,,,0.0
1042,A2D,0.77418166667,,,,,0.0
1043,Q10L,0.7739700000000002,,,,,0.0
1044,Y60V,0.7738799999999999,,,,,0.0
1045,K42Q,0.7738199999999997,,,,,0.0
1046,G11M,0.7737975000099995,,,,,0.0
1047,N19I,0.7736524999999999,,,,,0.0
1048,D51P,0.7734866666699994,,,,,0.0
1049,L17N,0.7733316666699995,,,,,0.0
1050,G11F,0.7732624999999997,,,,,0.0
1051,I67G,0.7724741666699999,,,,,0.0
1052,T33W,0.7718875000099996,,,,,0.0
1053,L57S,0.7718249999999999,,,,,0.0
1054,R70P,0.77163916667,,,,,0.0
1055,I67S,0.7711099999999999,,,,,0.0
1056,R66D,0.7710924999999997,,,,,0.0
1057,I47W,0.7707725,,,,,0.0
1058,K42I,0.7705474999999999,,,,,0.0
1059,G50E,0.7696808333399998,,,,,0.0
1060,P18E,0.7696166666699997,,,,,0.0
1061,Y60M,0.7693499999999998,,,,,0.0
1062,R23G,0.7690566666700005,,,,,0.0
1063,R70A,0.7686474999999998,,,,,0.0
1064,L26N,0.7683783333399997,,,,,0.0
1065,T12E,0.7670150000000001,,,,,0.0
1066,G29C,0.7668208333399997,,,,,0.0
1067,R46W,0.7665058333400002,,,,,0.0
1068,Q10F,0.7664308333400001,,,,,0.0
1069,I67A,0.7662916666699998,,,,,0.0
1070,V53K,0.7662508333399997,,,,,0.0
1071,E15P,0.7662316666699996,,,,,0.0
1072,G29S,0.7658824999999997,,,,,0.0
1073,I36Y,0.7657841666699998,,,,,0.0
1074,K52C,0.7656541666700001,,,,,0.0
1075,K3L,0.7656250000000003,,,,,0.0
1076,K3R,0.7647325,,,,,0.0
1077,Q10V,0.7645599999999998,,,,,0.0
1078,F69A,0.7644874999999994,,,,,0.0
1079,G11V,0.7642483333400001,,,,,0.0
1080,A34Q,0.7639491666699998,,,,,0.0
1081,P59E,0.76385916668,,,,,0.0
1082,G11Y,0.7636741666699999,,,,,0.0
1083,I47T,0.7636050000099995,,,,,0.0
1084,P18D,0.7635033333399995,,,,,0.0
1085,R66E,0.7633649999999998,,,,,0.0
1086,K42A,0.7632899999999995,,,,,0.0
1087,G29M,0.7632541666699996,,,,,0.0
1088,G38D,0.7631491666700001,,,,,0.0
1089,A2C,0.7629500000200002,,,,,0.0
1090,V31P,0.7626433333399995,,,,,0.0
1091,V55W,0.7624174999999996,,,,,0.0
1092,L62E,0.7622825,,,,,0.0
1093,A34P,0.76221,,,,,0.0
1094,L48D,0.7619958333399999,,,,,0.0
1095,I36K,0.7619616666699995,,,,,0.0
1096,I7A,0.7611874999999997,0.82275,0.7706222865412445,0.0,0.1478505794316861,0.0
1097,R46L,0.7605700000000003,,,,,0.0
1098,V24A,0.7604191666699996,,,,,0.0
1099,E4W,0.7600049999999987,0.666,0.6193921852387844,0.0,0.17743375188786997,0.0
1100,K64G,0.7598675,,,,,0.0
1101,F69W,0.7595349999999995,,,,,0.0
1102,G29N,0.7594341666699996,,,,,0.0
1103,V53W,0.7593366666699995,,,,,0.0
1104,A34Y,0.75916416667,,,,,0.0
1105,P59Q,0.7580858333399998,,,,,0.0
1106,A2R,0.7578591666699996,,,,,0.0
1107,K52I,0.7576299999999999,,,,,0.0
1108,A34T,0.75733333334,,,,,0.0
1109,G11H,0.7570141666699997,,,,,0.0
1110,V53R,0.7568741666699998,,,,,0.0
1111,A2L,0.7565691666799998,,,,,0.0
1112,Q10A,0.7565399999999995,,,,,0.0
1113,T16P,0.7563199999999994,,,,,0.0
1114,I45G,0.7561041666699997,,,,,0.0
1115,Y60P,0.7558124999999997,,,,,0.0
1116,T20E,0.7557274999999999,,,,,0.0
1117,K52W,0.7556425,,,,,0.0
1118,L17T,0.7556174999999996,,,,,0.0
1119,V13M,0.7552074999999995,,,,,0.0
1120,K3S,0.7544600000000001,,,,,0.0
1121,V32G,0.7542075000099997,,,,,0.0
1122,V32H,0.7541874999999995,,,,,0.0
1123,K3Y,0.7541625000000001,,,,,0.0
1124,R41D,0.75394,,,,,0.0
1125,K52M,0.7536766666699998,,,,,0.0
1126,V32R,0.7534874999999996,,,,,0.0
1127,H30D,0.7533650000000001,,,,,0.0
1128,A2W,0.7521074999999999,,,,,0.0
1129,Q10I,0.7510899999999999,,,,,0.0
1130,K3M,0.7508650000000001,,,,,0.0
1131,K3I,0.75076916667,,,,,0.0
1132,F22A,0.7499241666699996,,,,,0.0
1133,H30E,0.7496466666699998,,,,,0.0
1134,Y60Q,0.7494849999999996,,,,,0.0
1135,K3Q,0.7494824999999997,,,,,0.0
1136,V53N,0.7490716666699995,,,,,0.0
1137,I7T,0.7490591666699997,,,,,0.0
1138,I47R,0.7485816666699995,,,,,0.0
1139,V13P,0.7482491666699994,,,,,0.0
1140,K3H,0.7481825,,,,,0.0
1141,G29Y,0.7480908333399996,,,,,0.0
1142,G29A,0.7468891666699996,,,,,0.0
1143,I67E,0.7464266666699999,,,,,0.0
1144,G50P,0.7461166666699995,,,,,0.0
1145,N19Q,0.7458474999999997,,,,,0.0
1146,G11T,0.7456641666699995,,,,,0.0
1147,N6A,0.7452024999999994,,,,,0.0
1148,T54P,0.7451475000000001,,,,,0.0
1149,F69G,0.7447466666699996,,,,,0.0
1150,V13K,0.7445850000099995,,,,,0.0
1151,I36W,0.7444924999999997,,,,,0.0
1152,I7G,0.7441916666699997,,,,,0.0
1153,L26K,0.7439600000099995,,,,,0.0
1154,L57G,0.7436158333399997,,,,,0.0
1155,Y44A,0.7433124999999998,,,,,0.0
1156,L48E,0.7428391666699997,,,,,0.0
1157,N19C,0.7425149999999998,,,,,0.0
1158,V32T,0.7422316666699996,,,,,0.0
1159,G29Q,0.7421799999999997,,,,,0.0
1160,Q10G,0.7413974999999998,,,,,0.0
1161,G29L,0.7407666666699998,,,,,0.0
1162,G11K,0.7391525000099998,,,,,0.0
1163,L26R,0.7389674999999994,,,,,0.0
1164,V24Y,0.7386191666699996,,,,,0.0
1165,V13R,0.7385858333399993,,,,,0.0
1166,R46V,0.7380716666699999,,,,,0.0
1167,N43D,0.7380524999999999,,,,,0.0
1168,I7Q,0.737485,,,,,0.0
1169,L17S,0.7372941666699993,,,,,0.0
1170,K52T,0.7370824999999995,,,,,0.0
1171,V55Q,0.7369166666699996,,,,,0.0
1172,F22M,0.7368241666699995,,,,,0.0
1173,R70D,0.7366825,,,,,0.0
1174,V53G,0.7365899999999995,,,,,0.0
1175,I36S,0.7363158333399997,,,,,0.0
1176,Y60D,0.7354374999999996,,,,,0.0
1177,K52A,0.7353899999999995,,,,,0.0
1178,G29F,0.73499583334,,,,,0.0
1179,G50V,0.7349216666699996,,,,,0.0
1180,L26H,0.7349041666699995,,,,,0.0
1181,V55E,0.7345541666699995,,,,,0.0
1182,F69C,0.7344866666699995,,,,,0.0
1183,Y60E,0.7344799999999997,,,,,0.0
1184,N19P,0.7343399999999995,,,,,0.0
1185,K42V,0.7334949999999998,,,,,0.0
1186,H35A,0.7330549999999996,,,,,0.0
1187,G29T,0.7322366666699998,,,,,0.0
1188,N19A,0.7308999999999994,,,,,0.0
1189,P59D,0.7299549999999997,,,,,0.0
1190,N19M,0.7293225,,,,,0.0
1191,Y60G,0.7293099999999996,,,,,0.0
1192,N19D,0.7291774999999996,,,,,0.0
1193,N19E,0.7285299999999997,,,,,0.0
1194,K64D,0.7278799999999995,,,,,0.0
1195,K64E,0.7275399999999996,,,,,0.0
1196,K3C,0.7270700000000001,,,,,0.0
1197,H35E,0.7264699999999996,,,,,0.0
1198,R23D,0.7264574999999998,,,,,0.0
1199,F22P,0.7260866666699995,,,,,0.0
1200,F22K,0.7258466666699995,,,,,0.0
1201,K42D,0.7256549999999996,,,,,0.0
1202,G29R,0.7255583333399995,,,,,0.0
1203,N6G,0.7253274999999997,,,,,0.0
1204,K64A,0.7251449999999997,,,,,0.0
1205,V13S,0.7250408333399992,,,,,0.0
1206,K52D,0.7242249999999997,,,,,0.0
1207,G50L,0.7236749999999995,,,,,0.0
1208,G11W,0.7234824999999993,,,,,0.0
1209,G11R,0.7233666666699993,,,,,0.0
1210,A34H,0.7226591666699999,,,,,0.0
1211,G29P,0.7225524999999995,,,,,0.0
1212,V55D,0.7221649999999994,,,,,0.0
1213,V55R,0.7219891666699993,,,,,0.0
1214,K3T,0.7207649999999997,,,,,0.0
1215,T12D,0.7201475,,,,,0.0
1216,T33D,0.7200424999999998,,,,,0.0
1217,V13Y,0.7195349999999999,,,,,0.0
1218,F69D,0.7182216666699998,,,,,0.0
1219,I36H,0.7177191666699997,,,,,0.0
1220,I67T,0.7176666666699998,,,,,0.0
1221,N43E,0.7175049999999997,,,,,0.0
1222,V32S,0.7170683333399994,,,,,0.0
1223,M21E,0.7170449999999994,,,,,0.0
1224,L57E,0.7160624999999999,,,,,0.0
1225,V53T,0.7159133333399995,,,,,0.0
1226,F22S,0.7155666666699994,,,,,0.0
1227,M9P,0.7149424999999995,,,,,0.0
1228,I45A,0.7148041666699997,,,,,0.0
1229,A34W,0.7146233333399998,,,,,0.0
1230,A2E,0.7145983333399997,,,,,0.0
1231,G11L,0.7141566666699998,,,,,0.0
1232,N6E,0.7141249999999997,,,,,0.0
1233,G29W,0.7132049999999994,,,,,0.0
1234,Y60A,0.7131874999999998,,,,,0.0
1235,F69P,0.7129199999999996,,,,,0.0
1236,G11P,0.7127399999999993,,,,,0.0
1237,G11S,0.7123341666699994,,,,,0.0
1238,F69E,0.7116441666699995,,,,,0.0
1239,I36T,0.7113141666699997,,,,,0.0
1240,G29D,0.7107024999999993,,,,,0.0
1241,V53P,0.7095416666699995,,,,,0.0
1242,I45W,0.7084491666699998,,,,,0.0
1243,F22H,0.7080416666699996,,,,,0.0
1244,I45N,0.7078608333399994,,,,,0.0
1245,R70E,0.7076849999999999,,,,,0.0
1246,F22T,0.7074916666699993,,,,,0.0
1247,K52E,0.7074899999999995,,,,,0.0
1248,A34E,0.7073266666699997,,,,,0.0
1249,Y44D,0.7071074999999994,,,,,0.0
1250,V13F,0.7068600000099994,,,,,0.0
1251,Y44E,0.7067316666699994,,,,,0.0
1252,V24K,0.7066475000099994,,,,,0.0
1253,I67D,0.7065716666699998,,,,,0.0
1254,R23E,0.7057849999999997,,,,,0.0
1255,V24T,0.7057041666699996,,,,,0.0
1256,I47E,0.7055991666699997,,,,,0.0
1257,N28P,0.7051649999999995,,,,,0.0
1258,L17P,0.7050424999999995,,,,,0.0
1259,V24G,0.7033666666699994,,,,,0.0
1260,K39E,0.6994399999999997,,,,,0.0
1261,N6D,0.6985724999999996,,,,,0.0
1262,K52P,0.6983324999999995,,,,,0.0
1263,K39D,0.6971824999999998,,,,,0.0
1264,V53E,0.6959041666699994,,,,,0.0
1265,F22G,0.6955033333399995,,,,,0.0
1266,G29E,0.6950899999999993,,,,,0.0
1267,V32N,0.6942691666699994,,,,,0.0
1268,I67Q,0.6941966666699999,,,,,0.0
1269,M21P,0.6935974999999995,,,,,0.0
1270,I36G,0.6934516666699992,,,,,0.0
1271,K3V,0.6929150000000002,,,,,0.0
1272,I45S,0.6927916666699993,,,,,0.0
1273,L17G,0.6919766666699997,,,,,0.0
1274,I45Q,0.6908874999999994,,,,,0.0
1275,K42E,0.6898899999999998,,,,,0.0
1276,I7E,0.6898449999999997,,,,,0.0
1277,F22R,0.6893183333399995,,,,,0.0
1278,I45T,0.6891666666699995,,,,,0.0
1279,N19V,0.6876274999999997,,,,,0.0
1280,I47D,0.6865541666699997,,,,,0.0
1281,I67P,0.6864649999999998,,,,,0.0
1282,L17A,0.6864549999999994,,,,,0.0
1283,M21D,0.6860674999999994,,,,,0.0
1284,V53D,0.6859624999999996,,,,,0.0
1285,I36R,0.6859016666699996,,,,,0.0
1286,V53Q,0.6857408333399995,,,,,0.0
1287,H35P,0.6852599999999995,,,,,0.0
1288,I45P,0.6850924999999993,,,,,0.0
1289,L57D,0.6848699999999996,,,,,0.0
1290,L26Q,0.6848116666699995,,,,,0.0
1291,K52G,0.6841974999999997,,,,,0.0
1292,I36Q,0.6810949999999995,,,,,0.0
1293,G29I,0.6810566666699996,,,,,0.0
1294,I45H,0.6789416666699993,,,,,0.0
1295,V13E,0.6783158333399995,,,,,0.0
1296,E25P,0.6778441666699997,,,,,0.0
1297,I7D,0.6775174999999998,,,,,0.0
1298,V24W,0.6753916666699993,,,,,0.0
1299,V13Q,0.6748875000099998,,,,,0.0
1300,G38E,0.6742874999999995,0.507,0.46599131693198265,0.0,0.12605030075110765,0.0
1301,L17Q,0.6739966666699995,,,,,0.0
1302,K3A,0.6716,,,,,0.0
1303,I45R,0.6714341666699996,,,,,0.0
1304,V24H,0.6692341666699995,,,,,0.0
1305,H35D,0.6665274999999995,,,,,0.0
1306,V24S,0.6664383333399995,,,,,0.0
1307,A34N,0.6627833333399994,,,,,0.0
1308,V24E,0.6612349999999994,,,,,0.0
1309,K3G,0.6608449999999998,,,,,0.0
1310,G11Q,0.6607099999999997,,,,,0.0
1311,M1K,0.6602091666799994,,,,,0.0
1312,K3P,0.6566716666699998,,,,,0.0
1313,L26P,0.6565408333399995,,,,,0.0
1314,I7P,0.6558266666699994,,,,,0.0
1315,L26D,0.6545191666699998,,,,,0.0
1316,F22N,0.6534416666699993,,,,,0.0
1317,M1C,0.6531324999999998,,,,,0.0
1318,G11N,0.6515941666699996,,,,,0.0
1319,G29V,0.6489033333399997,,,,,0.0
1320,I36P,0.6482624999999994,,,,,0.0
1321,V32P,0.6479358333399992,,,,,0.0
1322,I36N,0.6474733333399995,,,,,0.0
1323,V24R,0.6465908333399994,,,,,0.0
1324,K3D,0.6454225,,,,,0.0
1325,L17D,0.6432449999999996,,,,,0.0
1326,V32Q,0.6391424999999993,,,,,0.0
1327,V32E,0.6380924999999995,,,,,0.0
1328,V13D,0.6358808333399995,,,,,0.0
1329,V24D,0.6356024999999993,,,,,0.0
1330,K3E,0.6321899999999998,,,,,0.0
1331,T12G,0.6320691666699997,,,,,0.0
1332,A34D,0.6290966666699994,,,,,0.0
1333,L17E,0.6281041666699995,,,,,0.0
1334,V24Q,0.6272041666699996,,,,,0.0
1335,V13N,0.6248108333399994,,,,,0.0
1336,V13W,0.6229291666699995,,,,,0.0
1337,M1Y,0.6211174999999997,,,,,0.0
1338,V24P,0.6196399999999994,,,,,0.0
1339,F22Q,0.6196141666699995,,,,,0.0
1340,K3W,0.6156124999999997,,,,,0.0
1341,V32D,0.6059124999999992,,,,,0.0
1342,F22D,0.6045316666699996,,,,,0.0
1343,R23P,0.6037774999999995,,,,,0.0
1344,F22E,0.6029116666699994,,,,,0.0
1345,M1H,0.6009574999999996,,,,,0.0
1346,V24N,0.5943066666699993,,,,,0.0
1347,L26E,0.5881583333399996,,,,,0.0
1348,M1N,0.5770316666699996,,,,,0.0
1349,I45D,0.5755516666699994,,,,,0.0
1350,G11E,0.5755166666699997,,,,,0.0
1351,I45E,0.5730466666699994,,,,,0.0
1352,M1G,0.5627174999999995,,,,,0.0
1353,I36E,0.5608924999999993,,,,,0.0
1354,M1S,0.5234216666699997,,,,,0.0
1355,G11D,0.5215541666699999,,,,,0.0
1356,M1F,0.5163666666699998,,,,,0.0
1357,M1A,0.5099474999999996,,,,,0.0
1358,M1D,0.5073274999999996,,,,,0.0
1359,M1R,0.5007049999999996,,,,,0.0
1360,M1E,0.5005624999999998,,,,,0.0
1361,M1T,0.4969149999999997,,,,,0.0
1362,M1V,0.48635499999999987,,,,,0.0
1363,M1L,0.48083166666999977,,,,,0.0
1364,M1I,0.47454249999999976,,,,,0.0
1365,M1Q,0.4663974999999998,,,,,0.0
1366,I36D,0.45990499999999956,0.2915,0.2580800771828268,0.0,0.10451714894909343,0.0
1367,M1P,0.4435941666699999,,,,,0.0
1368,M1W,0.3184775000000002,0.024,0.0,0.0,0.21976762030238856,0.0
