simulation_num,round_num,num_mutants_per_round,first_round_strategy,measured_var,learning_strategy,regression_type,embedding_type,test_error,train_error,train_r_squared,test_r_squared,alpha,spearman_corr,median_activity_scaled,top_activity_scaled,activity_binary_percentage,top_variant,top_final_round_variants,this_round_variants,next_round_variants,dataset,experiment
1,0,16,random,activity,topn,randomforest,embeddings,None,None,None,None,None,None,None,None,None,None,None,None,"M1L,L113K,N121W,R149V,N121H,D100N,K76R,P69T,S71K,F77T,A129K,N31I,F24M,E98Q,G3A,F82R,WT",ube2i,random_start_ube2i
1,1,16,random,activity,topn,randomforest,embeddings,0.2164087188612837,0.028023689157624362,0.8322482923455564,0.009744404227714387,0,0.14109082243693605,0.2941850537844185,0.6607626548383523,0.8823529411764706,D100S,"D100N,K76R,D100S,D100C,D100Q,D100A,D100I,D100M,D102C,D100T,D100V,S2G,D100L,I4W,D102R,D100F,D66E","M1L,L113K,N121W,R149V,N121H,D100N,K76R,P69T,S71K,F77T,A129K,N31I,F24M,E98Q,G3A,F82R,WT","D100S,D100C,D100Q,D100A,D100I,D100M,D102C,D100T,D100V,S2G,D100L,I4W,D102R,D100F,D66E,D100H",ube2i,random_start_ube2i
1,2,16,random,activity,topn,randomforest,embeddings,0.24904839452058417,0.0586357123837187,0.8703115415920337,-0.1585488887518558,0,0.1135258014181148,0.2988425386342839,0.6607626548383523,0.8235294117647058,D100S,"D100S,D100I,D100M,D100V,D100T,D100R,S2G,V25Y,T35I,E78S,E99Y,P84V,G56L,E99R,D100A,D66R,P84I","D100S,D100C,D100Q,D100A,D100I,D100M,D102C,D100T,D100V,S2G,D100L,I4W,D102R,D100F,D66E,D100H,M1L,L113K,N121W,R149V,N121H,D100N,K76R,P69T,S71K,F77T,A129K,N31I,F24M,E98Q,G3A,F82R,WT","D100R,V25Y,T35I,E78S,E99Y,P84V,G56L,E99R,D66R,P84I,E122S,D100K,L38Y,D67S,E98K,Q117G",ube2i,random_start_ube2i
1,3,16,random,activity,topn,randomforest,embeddings,0.2220174696957108,0.04078436631870707,0.8877573272712352,-0.03352235445419827,0,0.13619031852570768,0.3333325395838007,0.6607626548383523,1.0,D100S,"D100S,D100M,D100I,D100V,P84V,S2G,P84I,P52I,E98K,E118I,D100A,D100L,D100N,D100T,E99F,E99Y,P84L","D100R,V25Y,T35I,E78S,E99Y,P84V,G56L,E99R,D66R,P84I,E122S,D100K,L38Y,D67S,E98K,Q117G,D100S,D100C,D100Q,D100A,D100I,D100M,D102C,D100T,D100V,S2G,D100L,I4W,D102R,D100F,D66E,D100H,M1L,L113K,N121W,R149V,N121H,D100N,K76R,P69T,S71K,F77T,A129K,N31I,F24M,E98Q,G3A,F82R,WT","P52I,E118I,E99F,P84L,E118C,P84M,E118F,P84C,E99M,D100G,D100Y,P21M,D100W,P21V,P21L,P52L",ube2i,random_start_ube2i
1,4,16,random,activity,topn,randomforest,embeddings,0.22154389343335404,0.039439119413445994,0.8760000245153582,-0.03144703903336454,0,0.11846120028650825,0.3506054216593461,0.6607626548383523,1.0,D100S,"D100M,D100S,D100I,D100V,P84V,E98K,P84L,E118F,P84I,D100A,D100T,S2G,P84M,D100L,E78M,D100G,D100N","P52I,E118I,E99F,P84L,E118C,P84M,E118F,P84C,E99M,D100G,D100Y,P21M,D100W,P21V,P21L,P52L,D100R,V25Y,T35I,E78S,E99Y,P84V,G56L,E99R,D66R,P84I,E122S,D100K,L38Y,D67S,E98K,Q117G,D100S,D100C,D100Q,D100A,D100I,D100M,D102C,D100T,D100V,S2G,D100L,I4W,D102R,D100F,D66E,D100H,M1L,L113K,N121W,R149V,N121H,D100N,K76R,P69T,S71K,F77T,A129K,N31I,F24M,E98Q,G3A,F82R,WT","E78M,E98R,E78L,S95R,C138K,C138R,D127G,E118M,E78I,E118L,E118Y,I96Y,D100P,T29L,C138P,E78C",ube2i,random_start_ube2i
1,5,16,random,activity,topn,randomforest,embeddings,0.2129301582460793,0.036163152371612016,0.8736487730697098,0.010151382290130018,0,0.2132260866663489,0.3532690642688889,0.6607626548383523,1.0,D100S,"D100S,D100M,D100I,D100V,P84V,P84L,P84I,S2G,E118F,P84M,D100T,D100L,D100N,E78M,T29L,D100H,D100A","E78M,E98R,E78L,S95R,C138K,C138R,D127G,E118M,E78I,E118L,E118Y,I96Y,D100P,T29L,C138P,E78C,P52I,E118I,E99F,P84L,E118C,P84M,E118F,P84C,E99M,D100G,D100Y,P21M,D100W,P21V,P21L,P52L,D100R,V25Y,T35I,E78S,E99Y,P84V,G56L,E99R,D66R,P84I,E122S,D100K,L38Y,D67S,E98K,Q117G,D100S,D100C,D100Q,D100A,D100I,D100M,D102C,D100T,D100V,S2G,D100L,I4W,D102R,D100F,D66E,D100H,M1L,L113K,N121W,R149V,N121H,D100N,K76R,P69T,S71K,F77T,A129K,N31I,F24M,E98Q,G3A,F82R,WT","E122V,P84A,E122I,T29V,P84F,T29F,E99I,T29M,E122L,E118G,I125S,P84T,T29I,Q111V,E122F,Q111S",ube2i,random_start_ube2i
1,6,16,random,activity,topn,randomforest,embeddings,0.21118238019222457,0.034755188084266614,0.8687042614351288,0.018460576199335943,0,0.21380843124648208,0.3754469082394128,0.6607626548383523,1.0,D100S,"D100M,D100S,D100I,D100V,P84V,Q111S,D100L,P84I,P84M,E118F,Q111V,P84L,D100T,T29L,T29F,E78M,S2G","E122V,P84A,E122I,T29V,P84F,T29F,E99I,T29M,E122L,E118G,I125S,P84T,T29I,Q111V,E122F,Q111S,E78M,E98R,E78L,S95R,C138K,C138R,D127G,E118M,E78I,E118L,E118Y,I96Y,D100P,T29L,C138P,E78C,P52I,E118I,E99F,P84L,E118C,P84M,E118F,P84C,E99M,D100G,D100Y,P21M,D100W,P21V,P21L,P52L,D100R,V25Y,T35I,E78S,E99Y,P84V,G56L,E99R,D66R,P84I,E122S,D100K,L38Y,D67S,E98K,Q117G,D100S,D100C,D100Q,D100A,D100I,D100M,D102C,D100T,D100V,S2G,D100L,I4W,D102R,D100F,D66E,D100H,M1L,L113K,N121W,R149V,N121H,D100N,K76R,P69T,S71K,F77T,A129K,N31I,F24M,E98Q,G3A,F82R,WT","Q111T,Q111A,Q111G,Q111I,Q111L,Q111M,Q111C,T91R,I109R,L38F,I109S,E42F,I125E,D66G,G90I,G90C",ube2i,random_start_ube2i
1,7,16,random,activity,topn,randomforest,embeddings,0.2141546915109675,0.0324119721879168,0.8730276347200159,0.003662851746782936,0,0.20503110473215166,0.3938139454940574,0.6607626548383523,1.0,D100S,"D100M,D100S,D100I,D100V,P84V,Q111S,Q111C,E118F,Q111G,Q111V,D100L,P84L,Q111I,P84I,T29F,S2G,D100T","Q111T,Q111A,Q111G,Q111I,Q111L,Q111M,Q111C,T91R,I109R,L38F,I109S,E42F,I125E,D66G,G90I,G90C,E122V,P84A,E122I,T29V,P84F,T29F,E99I,T29M,E122L,E118G,I125S,P84T,T29I,Q111V,E122F,Q111S,E78M,E98R,E78L,S95R,C138K,C138R,D127G,E118M,E78I,E118L,E118Y,I96Y,D100P,T29L,C138P,E78C,P52I,E118I,E99F,P84L,E118C,P84M,E118F,P84C,E99M,D100G,D100Y,P21M,D100W,P21V,P21L,P52L,D100R,V25Y,T35I,E78S,E99Y,P84V,G56L,E99R,D66R,P84I,E122S,D100K,L38Y,D67S,E98K,Q117G,D100S,D100C,D100Q,D100A,D100I,D100M,D102C,D100T,D100V,S2G,D100L,I4W,D102R,D100F,D66E,D100H,M1L,L113K,N121W,R149V,N121H,D100N,K76R,P69T,S71K,F77T,A129K,N31I,F24M,E98Q,G3A,F82R,WT","Q111Y,C93S,Q111N,T29W,E99H,Q111F,Q111H,E99K,E12C,A133D,A133P,K59F,T29C,S2M,K30C,V142K",ube2i,random_start_ube2i
1,8,16,random,activity,topn,randomforest,embeddings,0.2144356927463,0.029143358945136956,0.8871999297166159,6.094862206584839e-05,0,0.18454135813876998,0.3938139454940574,0.6607626548383523,1.0,D100S,"D100S,D100M,D100I,D100V,P84V,Q111S,Q111Y,Q111C,Q111G,E118F,Q111V,Q111F,Q111I,S2G,V142K,Q111A,D100T","Q111Y,C93S,Q111N,T29W,E99H,Q111F,Q111H,E99K,E12C,A133D,A133P,K59F,T29C,S2M,K30C,V142K,Q111T,Q111A,Q111G,Q111I,Q111L,Q111M,Q111C,T91R,I109R,L38F,I109S,E42F,I125E,D66G,G90I,G90C,E122V,P84A,E122I,T29V,P84F,T29F,E99I,T29M,E122L,E118G,I125S,P84T,T29I,Q111V,E122F,Q111S,E78M,E98R,E78L,S95R,C138K,C138R,D127G,E118M,E78I,E118L,E118Y,I96Y,D100P,T29L,C138P,E78C,P52I,E118I,E99F,P84L,E118C,P84M,E118F,P84C,E99M,D100G,D100Y,P21M,D100W,P21V,P21L,P52L,D100R,V25Y,T35I,E78S,E99Y,P84V,G56L,E99R,D66R,P84I,E122S,D100K,L38Y,D67S,E98K,Q117G,D100S,D100C,D100Q,D100A,D100I,D100M,D102C,D100T,D100V,S2G,D100L,I4W,D102R,D100F,D66E,D100H,M1L,L113K,N121W,R149V,N121H,D100N,K76R,P69T,S71K,F77T,A129K,N31I,F24M,E98Q,G3A,F82R,WT","E145S,V142R,Q111K,P105V,P123Y,E42N,P105I,P84G,P88S,T91K,E42K,S158K,Q111R,E42W,E122N,I45K",ube2i,random_start_ube2i
1,9,16,random,activity,topn,randomforest,embeddings,0.2078955869530621,0.02859254862037764,0.8880681638179699,0.030042321881510237,0,0.24910871379100336,0.3985634307816439,0.6607626548383523,1.0,D100S,"D100S,D100M,D100I,D100V,Q111G,Q111R,Q111C,P84V,Q111S,Q111Y,Q111K,E118F,Q111V,Q111I,Q111F,P84L,S2G","E145S,V142R,Q111K,P105V,P123Y,E42N,P105I,P84G,P88S,T91K,E42K,S158K,Q111R,E42W,E122N,I45K,Q111Y,C93S,Q111N,T29W,E99H,Q111F,Q111H,E99K,E12C,A133D,A133P,K59F,T29C,S2M,K30C,V142K,Q111T,Q111A,Q111G,Q111I,Q111L,Q111M,Q111C,T91R,I109R,L38F,I109S,E42F,I125E,D66G,G90I,G90C,E122V,P84A,E122I,T29V,P84F,T29F,E99I,T29M,E122L,E118G,I125S,P84T,T29I,Q111V,E122F,Q111S,E78M,E98R,E78L,S95R,C138K,C138R,D127G,E118M,E78I,E118L,E118Y,I96Y,D100P,T29L,C138P,E78C,P52I,E118I,E99F,P84L,E118C,P84M,E118F,P84C,E99M,D100G,D100Y,P21M,D100W,P21V,P21L,P52L,D100R,V25Y,T35I,E78S,E99Y,P84V,G56L,E99R,D66R,P84I,E122S,D100K,L38Y,D67S,E98K,Q117G,D100S,D100C,D100Q,D100A,D100I,D100M,D102C,D100T,D100V,S2G,D100L,I4W,D102R,D100F,D66E,D100H,M1L,L113K,N121W,R149V,N121H,D100N,K76R,P69T,S71K,F77T,A129K,N31I,F24M,E98Q,G3A,F82R,WT","P157K,Q126M,P32E,E78Y,A150K,S7R,L6R,E122Y,P157T,V142Q,E78P,Q117A,A150R,P157R,E122C,V142W",ube2i,random_start_ube2i
1,10,16,random,activity,topn,randomforest,embeddings,0.20415058074452366,0.026022057730160843,0.8914312137219005,0.04919248169667112,0,0.2945705972785894,0.3985634307816439,0.6607626548383523,1.0,D100S,"D100S,D100M,D100I,D100V,Q111S,Q111G,P84V,Q111Y,Q111C,Q111K,Q111R,E118F,Q111V,Q111F,V142K,Q111I,P84L","P157K,Q126M,P32E,E78Y,A150K,S7R,L6R,E122Y,P157T,V142Q,E78P,Q117A,A150R,P157R,E122C,V142W,E145S,V142R,Q111K,P105V,P123Y,E42N,P105I,P84G,P88S,T91K,E42K,S158K,Q111R,E42W,E122N,I45K,Q111Y,C93S,Q111N,T29W,E99H,Q111F,Q111H,E99K,E12C,A133D,A133P,K59F,T29C,S2M,K30C,V142K,Q111T,Q111A,Q111G,Q111I,Q111L,Q111M,Q111C,T91R,I109R,L38F,I109S,E42F,I125E,D66G,G90I,G90C,E122V,P84A,E122I,T29V,P84F,T29F,E99I,T29M,E122L,E118G,I125S,P84T,T29I,Q111V,E122F,Q111S,E78M,E98R,E78L,S95R,C138K,C138R,D127G,E118M,E78I,E118L,E118Y,I96Y,D100P,T29L,C138P,E78C,P52I,E118I,E99F,P84L,E118C,P84M,E118F,P84C,E99M,D100G,D100Y,P21M,D100W,P21V,P21L,P52L,D100R,V25Y,T35I,E78S,E99Y,P84V,G56L,E99R,D66R,P84I,E122S,D100K,L38Y,D67S,E98K,Q117G,D100S,D100C,D100Q,D100A,D100I,D100M,D102C,D100T,D100V,S2G,D100L,I4W,D102R,D100F,D66E,D100H,M1L,L113K,N121W,R149V,N121H,D100N,K76R,P69T,S71K,F77T,A129K,N31I,F24M,E98Q,G3A,F82R,WT","A150Q,Q117S,V142N,P88N,A150N,Q117N,P32W,T108C,Q117V,E118V,P32C,Q117I,P88I,P32Y,T35N,Q151K",ube2i,random_start_ube2i
2,0,16,random,activity,topn,randomforest,embeddings,None,None,None,None,None,None,None,None,None,None,None,None,"F24K,P84S,T108G,A156M,R8F,L60S,P79F,R17L,L119F,I45A,Y159D,L6H,Q117A,K101Q,K110Y,T91K,WT",ube2i,random_start_ube2i
2,1,16,random,activity,topn,randomforest,embeddings,0.232067775691347,0.03347063788970963,0.8438554976393995,-0.06301348427433329,0,-0.10408888996557672,0.1187301407389038,0.4582860659809554,0.29411764705882354,L119F,"L119F,S95D,Q117A,L119Y,S95E,W16T,C93A,W16V,W16L,P79F,P46K,W16A,C93S,W41L,Y87T,W41Y,P79R","F24K,P84S,T108G,A156M,R8F,L60S,P79F,R17L,L119F,I45A,Y159D,L6H,Q117A,K101Q,K110Y,T91K,WT","S95D,L119Y,S95E,W16T,C93A,W16V,W16L,P46K,W16A,C93S,W41L,Y87T,W41Y,P79R,Q117V,C93G",ube2i,random_start_ube2i
2,2,16,random,activity,topn,randomforest,embeddings,0.22386738800576933,0.0206015854266577,0.896284826677054,-0.025150075875027378,0,0.08038801691658985,0.3067355374579122,0.4582860659809554,0.9411764705882353,L119F,"L119F,L119Y,P79R,Q117A,P79K,E118G,Q117G,E118S,L119W,E118F,E118N,E118C,P79Q,P79I,Q117S,W53F,I116A","S95D,L119Y,S95E,W16T,C93A,W16V,W16L,P46K,W16A,C93S,W41L,Y87T,W41Y,P79R,Q117V,C93G,F24K,P84S,T108G,A156M,R8F,L60S,P79F,R17L,L119F,I45A,Y159D,L6H,Q117A,K101Q,K110Y,T91K,WT","P79K,E118G,Q117G,E118S,L119W,E118F,E118N,E118C,P79Q,P79I,Q117S,W53F,I116A,I116T,L119R,E118P",ube2i,random_start_ube2i
2,3,16,random,activity,topn,randomforest,embeddings,0.22818697274319155,0.018625853869124374,0.9213874143984052,-0.04683723815865504,0,0.05140085338526458,0.3300079278220351,0.4582860659809554,0.9411764705882353,L119F,"L119F,I116A,E118F,P79R,P79K,P79I,L119Y,P79Q,I116T,C75T,C75S,P79E,Q117A,P79A,Q117G,Q117D,E118L","P79K,E118G,Q117G,E118S,L119W,E118F,E118N,E118C,P79Q,P79I,Q117S,W53F,I116A,I116T,L119R,E118P,S95D,L119Y,S95E,W16T,C93A,W16V,W16L,P46K,W16A,C93S,W41L,Y87T,W41Y,P79R,Q117V,C93G,F24K,P84S,T108G,A156M,R8F,L60S,P79F,R17L,L119F,I45A,Y159D,L6H,Q117A,K101Q,K110Y,T91K,WT","C75T,C75S,P79E,P79A,Q117D,E118L,E118I,P79D,L119S,P79L,P79M,P80F,L38G,L119A,E99I,P79V",ube2i,random_start_ube2i
2,4,16,random,activity,topn,randomforest,embeddings,0.21967568704774396,0.01950843267546503,0.9153330973424882,-0.007994720241853992,0,0.13069939371502623,0.3490481283808274,0.4582860659809554,1.0,L119F,"I116A,L119F,P79A,P79V,P79R,P79I,E118F,P79K,P79E,P79N,P79Q,P79M,L119Y,P79D,Q117A,P79C,P79S","C75T,C75S,P79E,P79A,Q117D,E118L,E118I,P79D,L119S,P79L,P79M,P80F,L38G,L119A,E99I,P79V,P79K,E118G,Q117G,E118S,L119W,E118F,E118N,E118C,P79Q,P79I,Q117S,W53F,I116A,I116T,L119R,E118P,S95D,L119Y,S95E,W16T,C93A,W16V,W16L,P46K,W16A,C93S,W41L,Y87T,W41Y,P79R,Q117V,C93G,F24K,P84S,T108G,A156M,R8F,L60S,P79F,R17L,L119F,I45A,Y159D,L6H,Q117A,K101Q,K110Y,T91K,WT","P79N,P79C,P79S,P79T,P79H,I116C,E118Y,P79Y,I116S,P79W,I116F,V25K,P80I,Y159E,D66K,I112S",ube2i,random_start_ube2i
2,5,16,random,activity,topn,randomforest,embeddings,0.21949118545722715,0.01839784633568608,0.9217884191594261,-0.009993871149220679,0,0.12419240995988795,0.36391507339501,0.4582860659809554,1.0,L119F,"L119F,I116A,P79A,P79N,I116C,P79Y,P79H,P79R,P79K,E118F,P79S,P79V,P79Q,P79I,P79E,P79W,P79M","P79N,P79C,P79S,P79T,P79H,I116C,E118Y,P79Y,I116S,P79W,I116F,V25K,P80I,Y159E,D66K,I112S,C75T,C75S,P79E,P79A,Q117D,E118L,E118I,P79D,L119S,P79L,P79M,P80F,L38G,L119A,E99I,P79V,P79K,E118G,Q117G,E118S,L119W,E118F,E118N,E118C,P79Q,P79I,Q117S,W53F,I116A,I116T,L119R,E118P,S95D,L119Y,S95E,W16T,C93A,W16V,W16L,P46K,W16A,C93S,W41L,Y87T,W41Y,P79R,Q117V,C93G,F24K,P84S,T108G,A156M,R8F,L60S,P79F,R17L,L119F,I45A,Y159D,L6H,Q117A,K101Q,K110Y,T91K,WT","V148C,V148S,V148T,P79G,V148F,K14F,V148Y,D100F,I107W,H20L,K14G,I107F,K74F,V148Q,E98K,W103I",ube2i,random_start_ube2i
2,6,16,random,activity,topn,randomforest,embeddings,0.2184270765099955,0.019581206769982963,0.9204057261456972,-0.006460872347186175,0,0.14601483585388036,0.3671623021882669,0.4582860659809554,1.0,L119F,"L119F,I116A,P79A,P79Y,P79N,I116C,E118F,P79H,P79R,K74F,P79I,P79S,P79V,P79K,P79W,P79Q,P79E","V148C,V148S,V148T,P79G,V148F,K14F,V148Y,D100F,I107W,H20L,K14G,I107F,K74F,V148Q,E98K,W103I,P79N,P79C,P79S,P79T,P79H,I116C,E118Y,P79Y,I116S,P79W,I116F,V25K,P80I,Y159E,D66K,I112S,C75T,C75S,P79E,P79A,Q117D,E118L,E118I,P79D,L119S,P79L,P79M,P80F,L38G,L119A,E99I,P79V,P79K,E118G,Q117G,E118S,L119W,E118F,E118N,E118C,P79Q,P79I,Q117S,W53F,I116A,I116T,L119R,E118P,S95D,L119Y,S95E,W16T,C93A,W16V,W16L,P46K,W16A,C93S,W41L,Y87T,W41Y,P79R,Q117V,C93G,F24K,P84S,T108G,A156M,R8F,L60S,P79F,R17L,L119F,I45A,Y159D,L6H,Q117A,K101Q,K110Y,T91K,WT","K74Y,P52L,P52F,E98R,E118M,E99Y,E118V,P80R,P52I,D33P,I116G,K59Y,A150K,A150H,Q117K,D100V",ube2i,random_start_ube2i
2,7,16,random,activity,topn,randomforest,embeddings,0.2132336829541769,0.01920854982022965,0.91827704862852,0.017660974420118936,0,0.19561471050815105,0.3941387059039875,0.4582860659809554,1.0,L119F,"I116A,L119F,K74Y,P79N,P79Y,P79A,I116C,P79H,D100V,K74F,E118F,P79R,P79I,P79V,P79S,P79W,P79Q","K74Y,P52L,P52F,E98R,E118M,E99Y,E118V,P80R,P52I,D33P,I116G,K59Y,A150K,A150H,Q117K,D100V,V148C,V148S,V148T,P79G,V148F,K14F,V148Y,D100F,I107W,H20L,K14G,I107F,K74F,V148Q,E98K,W103I,P79N,P79C,P79S,P79T,P79H,I116C,E118Y,P79Y,I116S,P79W,I116F,V25K,P80I,Y159E,D66K,I112S,C75T,C75S,P79E,P79A,Q117D,E118L,E118I,P79D,L119S,P79L,P79M,P80F,L38G,L119A,E99I,P79V,P79K,E118G,Q117G,E118S,L119W,E118F,E118N,E118C,P79Q,P79I,Q117S,W53F,I116A,I116T,L119R,E118P,S95D,L119Y,S95E,W16T,C93A,W16V,W16L,P46K,W16A,C93S,W41L,Y87T,W41Y,P79R,Q117V,C93G,F24K,P84S,T108G,A156M,R8F,L60S,P79F,R17L,L119F,I45A,Y159D,L6H,Q117A,K101Q,K110Y,T91K,WT","D100M,D100I,D100L,D100A,K30C,D100C,E78M,E78C,E78Y,K30Y,K30F,Q117C,E78F,K59L,D100Y,E99H",ube2i,random_start_ube2i
2,8,16,random,activity,topn,randomforest,embeddings,0.21641012410704333,0.02186599628885533,0.9157722029932538,-0.003992858595121662,0,0.142966100171943,0.4044694525491129,0.5908049153684641,1.0,D100M,"D100M,D100I,D100V,P79A,L119F,P79Y,P79N,I116A,I116C,K74Y,E118F,K74F,P79R,P79H,P79K,P79I,P79S","D100M,D100I,D100L,D100A,K30C,D100C,E78M,E78C,E78Y,K30Y,K30F,Q117C,E78F,K59L,D100Y,E99H,K74Y,P52L,P52F,E98R,E118M,E99Y,E118V,P80R,P52I,D33P,I116G,K59Y,A150K,A150H,Q117K,D100V,V148C,V148S,V148T,P79G,V148F,K14F,V148Y,D100F,I107W,H20L,K14G,I107F,K74F,V148Q,E98K,W103I,P79N,P79C,P79S,P79T,P79H,I116C,E118Y,P79Y,I116S,P79W,I116F,V25K,P80I,Y159E,D66K,I112S,C75T,C75S,P79E,P79A,Q117D,E118L,E118I,P79D,L119S,P79L,P79M,P80F,L38G,L119A,E99I,P79V,P79K,E118G,Q117G,E118S,L119W,E118F,E118N,E118C,P79Q,P79I,Q117S,W53F,I116A,I116T,L119R,E118P,S95D,L119Y,S95E,W16T,C93A,W16V,W16L,P46K,W16A,C93S,W41L,Y87T,W41Y,P79R,Q117V,C93G,F24K,P84S,T108G,A156M,R8F,L60S,P79F,R17L,L119F,I45A,Y159D,L6H,Q117A,K101Q,K110Y,T91K,WT","K59F,A10M,W53A,K74G,K74M,G50F,K76Y,D100T,D66R,E42R,E78I,S70F,D127K,E42K,I125F,W53G",ube2i,random_start_ube2i
2,9,16,random,activity,topn,randomforest,embeddings,0.20434100930050883,0.020935878759418287,0.921708642181538,0.0478035608019064,0,0.26819302283048296,0.4125037105406916,0.5908049153684641,1.0,D100M,"D100M,D100I,K76Y,K74Y,K74M,D100V,K76F,P79A,P79Y,P79N,I116A,K74F,L119F,I116C,P79H,K76M,E118F","K59F,A10M,W53A,K74G,K74M,G50F,K76Y,D100T,D66R,E42R,E78I,S70F,D127K,E42K,I125F,W53G,D100M,D100I,D100L,D100A,K30C,D100C,E78M,E78C,E78Y,K30Y,K30F,Q117C,E78F,K59L,D100Y,E99H,K74Y,P52L,P52F,E98R,E118M,E99Y,E118V,P80R,P52I,D33P,I116G,K59Y,A150K,A150H,Q117K,D100V,V148C,V148S,V148T,P79G,V148F,K14F,V148Y,D100F,I107W,H20L,K14G,I107F,K74F,V148Q,E98K,W103I,P79N,P79C,P79S,P79T,P79H,I116C,E118Y,P79Y,I116S,P79W,I116F,V25K,P80I,Y159E,D66K,I112S,C75T,C75S,P79E,P79A,Q117D,E118L,E118I,P79D,L119S,P79L,P79M,P80F,L38G,L119A,E99I,P79V,P79K,E118G,Q117G,E118S,L119W,E118F,E118N,E118C,P79Q,P79I,Q117S,W53F,I116A,I116T,L119R,E118P,S95D,L119Y,S95E,W16T,C93A,W16V,W16L,P46K,W16A,C93S,W41L,Y87T,W41Y,P79R,Q117V,C93G,F24K,P84S,T108G,A156M,R8F,L60S,P79F,R17L,L119F,I45A,Y159D,L6H,Q117A,K101Q,K110Y,T91K,WT","K76F,K76M,K48I,K76N,K48L,K74L,K76L,K48M,A10W,K76C,K74N,K74H,K74V,K74W,K74I,K76H",ube2i,random_start_ube2i
2,10,16,random,activity,topn,randomforest,embeddings,0.20200156854844994,0.022509215176136653,0.918066389691387,0.051367286301093884,0,0.2881989998116585,0.4044694525491129,0.5908049153684641,1.0,D100M,"D100M,D100I,K76Y,K74M,D100V,K74F,L119F,K76F,K74I,K74L,K74Y,K74H,P79A,K76H,K74N,I116C,P79N","K76F,K76M,K48I,K76N,K48L,K74L,K76L,K48M,A10W,K76C,K74N,K74H,K74V,K74W,K74I,K76H,K59F,A10M,W53A,K74G,K74M,G50F,K76Y,D100T,D66R,E42R,E78I,S70F,D127K,E42K,I125F,W53G,D100M,D100I,D100L,D100A,K30C,D100C,E78M,E78C,E78Y,K30Y,K30F,Q117C,E78F,K59L,D100Y,E99H,K74Y,P52L,P52F,E98R,E118M,E99Y,E118V,P80R,P52I,D33P,I116G,K59Y,A150K,A150H,Q117K,D100V,V148C,V148S,V148T,P79G,V148F,K14F,V148Y,D100F,I107W,H20L,K14G,I107F,K74F,V148Q,E98K,W103I,P79N,P79C,P79S,P79T,P79H,I116C,E118Y,P79Y,I116S,P79W,I116F,V25K,P80I,Y159E,D66K,I112S,C75T,C75S,P79E,P79A,Q117D,E118L,E118I,P79D,L119S,P79L,P79M,P80F,L38G,L119A,E99I,P79V,P79K,E118G,Q117G,E118S,L119W,E118F,E118N,E118C,P79Q,P79I,Q117S,W53F,I116A,I116T,L119R,E118P,S95D,L119Y,S95E,W16T,C93A,W16V,W16L,P46K,W16A,C93S,W41L,Y87T,W41Y,P79R,Q117V,C93G,F24K,P84S,T108G,A156M,R8F,L60S,P79F,R17L,L119F,I45A,Y159D,L6H,Q117A,K101Q,K110Y,T91K,WT","K74D,K74A,K76I,K74T,K74P,K76V,K74C,K74E,Q11M,K76W,K18V,L38Y,D100W,P84C,A10I,R141F",ube2i,random_start_ube2i
3,0,16,random,activity,topn,randomforest,embeddings,None,None,None,None,None,None,None,None,None,None,None,None,"L114T,T35R,I96V,V27P,G55L,R104I,L60I,I45W,V25T,L6M,K65C,D33L,P157Y,G3W,G23D,E99M,WT",ube2i,random_start_ube2i
3,1,16,random,activity,topn,randomforest,embeddings,0.23951068923994098,0.017861976998130087,0.8988928492788483,-0.09627660916105452,0,0.1120732038349181,0.2642378723922603,0.3938516788382767,0.8235294117647058,L6M,"L6M,I96V,I109M,L60I,L60V,L114V,L6V,L114G,L114A,L114S,I96Q,I125P,L114T,I107V,T29V,L38M,I4M","L114T,T35R,I96V,V27P,G55L,R104I,L60I,I45W,V25T,L6M,K65C,D33L,P157Y,G3W,G23D,E99M,WT","I109M,L60V,L114V,L6V,L114G,L114A,L114S,I96Q,I125P,I107V,T29V,L38M,I4M,L63Y,N40M,L114Q",ube2i,random_start_ube2i
3,2,16,random,activity,topn,randomforest,embeddings,0.23111653615869188,0.02186972544600927,0.8409504401317894,-0.05585344090290456,0,0.20511242677391778,0.2768809280975134,0.3938516788382767,1.0,L6M,"L6M,I107V,L114V,I4M,I96V,L114T,I107A,L114A,I116V,I4V,I109V,L114H,L114S,L6G,I125V,I107S,L114R","I109M,L60V,L114V,L6V,L114G,L114A,L114S,I96Q,I125P,I107V,T29V,L38M,I4M,L63Y,N40M,L114Q,L114T,T35R,I96V,V27P,G55L,R104I,L60I,I45W,V25T,L6M,K65C,D33L,P157Y,G3W,G23D,E99M,WT","I107A,I116V,I4V,I109V,L114H,L6G,I125V,I107S,L114R,L114N,M1A,L114F,L114C,A106D,L114M,Q11G",ube2i,random_start_ube2i
3,3,16,random,activity,topn,randomforest,embeddings,0.2284164777814175,0.013534682949854904,0.8810226016757667,-0.04074586747854414,0,0.11551056254911062,0.2860491321622956,0.3938516788382767,0.9411764705882353,L6M,"L6M,L114V,I107V,L114C,I107A,I96V,L114A,I4M,L114T,I107S,L60I,L113V,I116V,L114D,L114P,E98C,L114N","I107A,I116V,I4V,I109V,L114H,L6G,I125V,I107S,L114R,L114N,M1A,L114F,L114C,A106D,L114M,Q11G,I109M,L60V,L114V,L6V,L114G,L114A,L114S,I96Q,I125P,I107V,T29V,L38M,I4M,L63Y,N40M,L114Q,L114T,T35R,I96V,V27P,G55L,R104I,L60I,I45W,V25T,L6M,K65C,D33L,P157Y,G3W,G23D,E99M,WT","L113V,L114D,L114P,E98C,I45V,E98M,L38V,I107C,L113D,D66V,I109Y,L113E,L9M,I109F,L113C,A15M",ube2i,random_start_ube2i
3,4,16,random,activity,topn,randomforest,embeddings,0.22621231339679904,0.01602468074539623,0.8788065220186795,-0.029986900685800455,0,0.1079368713690811,0.2990701059564211,0.3938516788382767,1.0,L6M,"L6M,I107C,I45V,I107V,L114V,L114P,I107A,I96V,L114C,L113C,I107S,L114A,L114T,E98M,I4M,L114M,L60I","L113V,L114D,L114P,E98C,I45V,E98M,L38V,I107C,L113D,D66V,I109Y,L113E,L9M,I109F,L113C,A15M,I107A,I116V,I4V,I109V,L114H,L6G,I125V,I107S,L114R,L114N,M1A,L114F,L114C,A106D,L114M,Q11G,I109M,L60V,L114V,L6V,L114G,L114A,L114S,I96Q,I125P,I107V,T29V,L38M,I4M,L63Y,N40M,L114Q,L114T,T35R,I96V,V27P,G55L,R104I,L60I,I45W,V25T,L6M,K65C,D33L,P157Y,G3W,G23D,E99M,WT","I136C,L97M,I112N,I107T,I112C,F155G,F155C,I112V,I136V,I112A,F155M,I112E,E122C,I112H,I112P,I136T",ube2i,random_start_ube2i
3,5,16,random,activity,topn,randomforest,embeddings,0.22321135268102987,0.015409042704181503,0.8752714379626696,-0.013411005544575305,0,0.12127774701088158,0.3028526877011038,0.3938516788382767,1.0,L6M,"I45V,L114V,I107C,L6M,I107V,I96V,L114P,L114C,E98M,I116V,I107A,I107S,L114A,I112N,I112V,L114M,E122C","I136C,L97M,I112N,I107T,I112C,F155G,F155C,I112V,I136V,I112A,F155M,I112E,E122C,I112H,I112P,I136T,L113V,L114D,L114P,E98C,I45V,E98M,L38V,I107C,L113D,D66V,I109Y,L113E,L9M,I109F,L113C,A15M,I107A,I116V,I4V,I109V,L114H,L6G,I125V,I107S,L114R,L114N,M1A,L114F,L114C,A106D,L114M,Q11G,I109M,L60V,L114V,L6V,L114G,L114A,L114S,I96Q,I125P,I107V,T29V,L38M,I4M,L63Y,N40M,L114Q,L114T,T35R,I96V,V27P,G55L,R104I,L60I,I45W,V25T,L6M,K65C,D33L,P157Y,G3W,G23D,E99M,WT","Y159R,E122S,Y159K,E98A,Y144C,L6C,E122Q,E98V,L114W,E122Y,Y137C,F77M,D102A,S158K,E122N,Q111G",ube2i,random_start_ube2i
3,6,16,random,activity,topn,randomforest,embeddings,0.22107081081565302,0.021601760999326345,0.8631170585436547,-0.008327964336447335,0,0.2279039143629509,0.3518676748883718,0.868471635273398,1.0,E98S,"E98A,E98R,E98G,Q111G,E98H,E98T,E98K,L6M,L114V,I107C,E98S,I107V,E98M,I45V,E99R,L114P,I96V","Y159R,E122S,Y159K,E98A,Y144C,L6C,E122Q,E98V,L114W,E122Y,Y137C,F77M,D102A,S158K,E122N,Q111G,I136C,L97M,I112N,I107T,I112C,F155G,F155C,I112V,I136V,I112A,F155M,I112E,E122C,I112H,I112P,I136T,L113V,L114D,L114P,E98C,I45V,E98M,L38V,I107C,L113D,D66V,I109Y,L113E,L9M,I109F,L113C,A15M,I107A,I116V,I4V,I109V,L114H,L6G,I125V,I107S,L114R,L114N,M1A,L114F,L114C,A106D,L114M,Q11G,I109M,L60V,L114V,L6V,L114G,L114A,L114S,I96Q,I125P,I107V,T29V,L38M,I4M,L63Y,N40M,L114Q,L114T,T35R,I96V,V27P,G55L,R104I,L60I,I45W,V25T,L6M,K65C,D33L,P157Y,G3W,G23D,E99M,WT","E98R,E98G,E98H,E98T,E98K,E98S,E99R,E98Y,E99H,C138W,E98P,C138P,E98F,E122T,C138K,C138N",ube2i,random_start_ube2i
3,7,16,random,activity,topn,randomforest,embeddings,0.2432587067731364,0.03879838245435986,0.8581266859637854,-0.13687263285343865,0,0.11067870517590005,0.3194503996540717,0.868471635273398,0.7647058823529411,E98S,"E98S,E98A,E98Y,E98G,E98H,E98K,E42V,L60A,E99Y,Q111G,A129Y,L60C,F64E,H20A,C138N,R17M,L60G","E98R,E98G,E98H,E98T,E98K,E98S,E99R,E98Y,E99H,C138W,E98P,C138P,E98F,E122T,C138K,C138N,Y159R,E122S,Y159K,E98A,Y144C,L6C,E122Q,E98V,L114W,E122Y,Y137C,F77M,D102A,S158K,E122N,Q111G,I136C,L97M,I112N,I107T,I112C,F155G,F155C,I112V,I136V,I112A,F155M,I112E,E122C,I112H,I112P,I136T,L113V,L114D,L114P,E98C,I45V,E98M,L38V,I107C,L113D,D66V,I109Y,L113E,L9M,I109F,L113C,A15M,I107A,I116V,I4V,I109V,L114H,L6G,I125V,I107S,L114R,L114N,M1A,L114F,L114C,A106D,L114M,Q11G,I109M,L60V,L114V,L6V,L114G,L114A,L114S,I96Q,I125P,I107V,T29V,L38M,I4M,L63Y,N40M,L114Q,L114T,T35R,I96V,V27P,G55L,R104I,L60I,I45W,V25T,L6M,K65C,D33L,P157Y,G3W,G23D,E99M,WT","E42V,L60A,E99Y,A129Y,L60C,F64E,H20A,R17M,L60G,R17L,D127S,E99F,F64A,A129F,E98I,P105N",ube2i,random_start_ube2i
3,8,16,random,activity,topn,randomforest,embeddings,0.22206666266098835,0.04148748578652138,0.8588302225418307,-0.042636986178561376,0,0.15097161067995649,0.383302643509501,0.868471635273398,1.0,E98S,"E98S,E98A,E98Y,E98I,E98G,E98H,E98K,E98L,I107C,E118G,E118I,C138S,E118C,C138N,Q111G,L114V,L6M","E42V,L60A,E99Y,A129Y,L60C,F64E,H20A,R17M,L60G,R17L,D127S,E99F,F64A,A129F,E98I,P105N,E98R,E98G,E98H,E98T,E98K,E98S,E99R,E98Y,E99H,C138W,E98P,C138P,E98F,E122T,C138K,C138N,Y159R,E122S,Y159K,E98A,Y144C,L6C,E122Q,E98V,L114W,E122Y,Y137C,F77M,D102A,S158K,E122N,Q111G,I136C,L97M,I112N,I107T,I112C,F155G,F155C,I112V,I136V,I112A,F155M,I112E,E122C,I112H,I112P,I136T,L113V,L114D,L114P,E98C,I45V,E98M,L38V,I107C,L113D,D66V,I109Y,L113E,L9M,I109F,L113C,A15M,I107A,I116V,I4V,I109V,L114H,L6G,I125V,I107S,L114R,L114N,M1A,L114F,L114C,A106D,L114M,Q11G,I109M,L60V,L114V,L6V,L114G,L114A,L114S,I96Q,I125P,I107V,T29V,L38M,I4M,L63Y,N40M,L114Q,L114T,T35R,I96V,V27P,G55L,R104I,L60I,I45W,V25T,L6M,K65C,D33L,P157Y,G3W,G23D,E99M,WT","E98L,E118G,E118I,C138S,E118C,W41V,W41I,E98W,E118P,E78L,A44Y,W41M,E98N,W41L,E42Q,E118F",ube2i,random_start_ube2i
3,9,16,random,activity,topn,randomforest,embeddings,0.21553416356928443,0.04107750528327827,0.8711121186927193,-0.022450397552320034,0,0.20575438883169517,0.3985866696493073,0.868471635273398,0.8823529411764706,E98S,"E98S,E98N,E98A,E98I,E98Y,E98G,A44Y,E98H,E98K,V25Y,C138N,Q111G,D127K,E118F,A44W,L6M,A133F","E98L,E118G,E118I,C138S,E118C,W41V,W41I,E98W,E118P,E78L,A44Y,W41M,E98N,W41L,E42Q,E118F,E42V,L60A,E99Y,A129Y,L60C,F64E,H20A,R17M,L60G,R17L,D127S,E99F,F64A,A129F,E98I,P105N,E98R,E98G,E98H,E98T,E98K,E98S,E99R,E98Y,E99H,C138W,E98P,C138P,E98F,E122T,C138K,C138N,Y159R,E122S,Y159K,E98A,Y144C,L6C,E122Q,E98V,L114W,E122Y,Y137C,F77M,D102A,S158K,E122N,Q111G,I136C,L97M,I112N,I107T,I112C,F155G,F155C,I112V,I136V,I112A,F155M,I112E,E122C,I112H,I112P,I136T,L113V,L114D,L114P,E98C,I45V,E98M,L38V,I107C,L113D,D66V,I109Y,L113E,L9M,I109F,L113C,A15M,I107A,I116V,I4V,I109V,L114H,L6G,I125V,I107S,L114R,L114N,M1A,L114F,L114C,A106D,L114M,Q11G,I109M,L60V,L114V,L6V,L114G,L114A,L114S,I96Q,I125P,I107V,T29V,L38M,I4M,L63Y,N40M,L114Q,L114T,T35R,I96V,V27P,G55L,R104I,L60I,I45W,V25T,L6M,K65C,D33L,P157Y,G3W,G23D,E99M,WT","V25Y,D127K,A44W,A133F,D127I,D127N,A133Y,A133I,D100A,A133L,D100V,A44F,D127T,E99N,C138Q,E98Q",ube2i,random_start_ube2i
3,10,16,random,activity,topn,randomforest,embeddings,0.21412127825116486,0.04643568066909769,0.8508583286362434,-0.015079290689426594,0,0.2032948771383395,0.4026235690295997,0.868471635273398,1.0,E98S,"E98S,E98N,E98A,E98Y,E98I,E98G,A44Y,E98H,E98K,D100V,E118F,I107C,C138N,L114V,L6M,Q111G,I45V","V25Y,D127K,A44W,A133F,D127I,D127N,A133Y,A133I,D100A,A133L,D100V,A44F,D127T,E99N,C138Q,E98Q,E98L,E118G,E118I,C138S,E118C,W41V,W41I,E98W,E118P,E78L,A44Y,W41M,E98N,W41L,E42Q,E118F,E42V,L60A,E99Y,A129Y,L60C,F64E,H20A,R17M,L60G,R17L,D127S,E99F,F64A,A129F,E98I,P105N,E98R,E98G,E98H,E98T,E98K,E98S,E99R,E98Y,E99H,C138W,E98P,C138P,E98F,E122T,C138K,C138N,Y159R,E122S,Y159K,E98A,Y144C,L6C,E122Q,E98V,L114W,E122Y,Y137C,F77M,D102A,S158K,E122N,Q111G,I136C,L97M,I112N,I107T,I112C,F155G,F155C,I112V,I136V,I112A,F155M,I112E,E122C,I112H,I112P,I136T,L113V,L114D,L114P,E98C,I45V,E98M,L38V,I107C,L113D,D66V,I109Y,L113E,L9M,I109F,L113C,A15M,I107A,I116V,I4V,I109V,L114H,L6G,I125V,I107S,L114R,L114N,M1A,L114F,L114C,A106D,L114M,Q11G,I109M,L60V,L114V,L6V,L114G,L114A,L114S,I96Q,I125P,I107V,T29V,L38M,I4M,L63Y,N40M,L114Q,L114T,T35R,I96V,V27P,G55L,R104I,L60I,I45W,V25T,L6M,K65C,D33L,P157Y,G3W,G23D,E99M,WT","E78N,L60F,E78A,C138R,E78W,E42I,E118Y,E78R,E78I,E122L,E78H,E122A,E78Y,E118K,E78F,D100M",ube2i,random_start_ube2i
