simulation_num,round_num,num_mutants_per_round,first_round_strategy,measured_var,learning_strategy,regression_type,embedding_type,test_error,train_error,train_r_squared,test_r_squared,alpha,spearman_corr,median_activity_scaled,top_activity_scaled,activity_binary_percentage,top_variant,top_final_round_variants,this_round_variants,next_round_variants
1,0,16,random,activity,topn,randomforest,embeddings,None,None,None,None,None,None,None,None,None,None,None,None,"R266V,K51V,S230G,N300G,D257V,V91G,F332G,K261V,Q277V,F204V,I293V,I451G,D331G,L67V,L323V,M380G,WT"
1,1,16,random,activity,topn,randomforest,embeddings,543988846448.9502,89593976580.88235,0.8566930560035166,-0.012159317990203533,0,0.17357124001363614,0.3018591302674256,0.66036390121118,0.058823529411764705,N300G,"N300G,N300V,L323V,D257V,R266V,D440V,R420V,P450V,Q363V,K413G,P539V,E374V,Q386G,G158V,G158A,A382G,D253V","R266V,K51V,S230G,N300G,D257V,V91G,F332G,K261V,Q277V,F204V,I293V,I451G,D331G,L67V,L323V,M380G,WT","N300V,D440V,R420V,P450V,Q363V,K413G,P539V,E374V,Q386G,G158V,G158A,A382G,D253V,G354V,D284V,D391V"
1,2,16,random,activity,topn,randomforest,embeddings,510261798398.8929,86018494505.21213,0.8572411841315091,0.04942813371271482,0,0.2784311293052875,0.358465146732229,0.66036390121118,0.058823529411764705,N300G,"N300G,E374V,Q363V,D284V,P450V,P539V,P431V,K378V,K407V,R406V,P27V,K429V,R266V,D280V,E379V,A382V,G53V","N300V,D440V,R420V,P450V,Q363V,K413G,P539V,E374V,Q386G,G158V,G158A,A382G,D253V,G354V,D284V,D391V,R266V,K51V,S230G,N300G,D257V,V91G,F332G,K261V,Q277V,F204V,I293V,I451G,D331G,L67V,L323V,M380G,WT","P431V,K378V,K407V,R406V,P27V,K429V,D280V,E379V,A382V,G53V,R327V,K383V,P121V,D391G,Q507V,R406G"
1,3,16,random,activity,topn,randomforest,embeddings,515755102952.1502,56356102883.12245,0.892376150987591,0.03979249234899174,0,0.2723151141629002,0.3773338188871634,0.66036390121118,0.058823529411764705,N300G,"N300G,Q363V,P431V,R327V,K429V,R406V,E374V,E379V,K407V,D284V,A382V,P450V,K378V,K413V,A410V,Q287V,P27V","P431V,K378V,K407V,R406V,P27V,K429V,D280V,E379V,A382V,G53V,R327V,K383V,P121V,D391G,Q507V,R406G,N300V,D440V,R420V,P450V,Q363V,K413G,P539V,E374V,Q386G,G158V,G158A,A382G,D253V,G354V,D284V,D391V,R266V,K51V,S230G,N300G,D257V,V91G,F332G,K261V,Q277V,F204V,I293V,I451G,D331G,L67V,L323V,M380G,WT","K413V,A410V,Q287V,K30V,Q212V,G504V,N334V,D411V,G285V,K342V,A364V,K338V,K207V,Y435V,N216V,G263V"
1,4,16,random,activity,topn,randomforest,embeddings,528346064858.4303,66709934626.15385,0.8588300877153748,0.02068629848097192,0,0.24647661244020022,0.3773338188871634,0.66036390121118,0.058823529411764705,N300G,"N300G,P431V,K429V,E379V,K413V,Q363V,R406V,R327V,K342V,K407V,A382V,E374V,K338V,D284V,K378V,Q287V,D411V","K413V,A410V,Q287V,K30V,Q212V,G504V,N334V,D411V,G285V,K342V,A364V,K338V,K207V,Y435V,N216V,G263V,P431V,K378V,K407V,R406V,P27V,K429V,D280V,E379V,A382V,G53V,R327V,K383V,P121V,D391G,Q507V,R406G,N300V,D440V,R420V,P450V,Q363V,K413G,P539V,E374V,Q386G,G158V,G158A,A382G,D253V,G354V,D284V,D391V,R266V,K51V,S230G,N300G,D257V,V91G,F332G,K261V,Q277V,F204V,I293V,I451G,D331G,L67V,L323V,M380G,WT","K338G,T541V,K506V,A330V,K385V,Q277G,G217V,K378G,G343V,K342G,G341A,A410G,K256V,R28V,A211V,R327G"
1,5,16,random,activity,topn,randomforest,embeddings,552965244533.199,59403366937.81481,0.8619551134136795,-0.021039046154684993,0,0.18866140612489804,0.3773338188871634,0.66036390121118,0.058823529411764705,N300G,"N300G,P431V,R406V,K385V,K407V,E379V,R327V,K429V,A211V,K413V,D284V,A382V,Q363V,Q212V,G343V,K342V,G217V","K338G,T541V,K506V,A330V,K385V,Q277G,G217V,K378G,G343V,K342G,G341A,A410G,K256V,R28V,A211V,R327G,K413V,A410V,Q287V,K30V,Q212V,G504V,N334V,D411V,G285V,K342V,A364V,K338V,K207V,Y435V,N216V,G263V,P431V,K378V,K407V,R406V,P27V,K429V,D280V,E379V,A382V,G53V,R327V,K383V,P121V,D391G,Q507V,R406G,N300V,D440V,R420V,P450V,Q363V,K413G,P539V,E374V,Q386G,G158V,G158A,A382G,D253V,G354V,D284V,D391V,R266V,K51V,S230G,N300G,D257V,V91G,F332G,K261V,Q277V,F204V,I293V,I451G,D331G,L67V,L323V,M380G,WT","A215V,M424G,A396V,N381G,A281V,A260V,L329V,T273V,K462V,G242V,N225V,A255V,L336V,H495V,A395G,N234V"
1,6,16,random,activity,topn,randomforest,embeddings,540695020166.78284,61801285441.68041,0.8538169650699405,0.004365932827873009,0,0.22492082805218402,0.3962024910420978,0.66036390121118,0.11764705882352941,N300G,"N300G,A215V,T273V,P431V,R327V,A211V,E379V,R406V,K429V,A260V,A382V,K407V,K385V,G343V,E374V,G217V,K342V","A215V,M424G,A396V,N381G,A281V,A260V,L329V,T273V,K462V,G242V,N225V,A255V,L336V,H495V,A395G,N234V,K338G,T541V,K506V,A330V,K385V,Q277G,G217V,K378G,G343V,K342G,G341A,A410G,K256V,R28V,A211V,R327G,K413V,A410V,Q287V,K30V,Q212V,G504V,N334V,D411V,G285V,K342V,A364V,K338V,K207V,Y435V,N216V,G263V,P431V,K378V,K407V,R406V,P27V,K429V,D280V,E379V,A382V,G53V,R327V,K383V,P121V,D391G,Q507V,R406G,N300V,D440V,R420V,P450V,Q363V,K413G,P539V,E374V,Q386G,G158V,G158A,A382G,D253V,G354V,D284V,D391V,R266V,K51V,S230G,N300G,D257V,V91G,F332G,K261V,Q277V,F204V,I293V,I451G,D331G,L67V,L323V,M380G,WT","K339G,T191V,P431G,Q530V,D203V,V33A,R266G,A330G,N127V,A149V,Q120V,A215G,D375V,A356G,T228V,D292V"
1,7,16,random,activity,topn,randomforest,embeddings,541014775352.9213,53151760090.28319,0.8709355577411222,0.00666859566021738,0,0.25731207104294695,0.3962024910420978,0.66036390121118,0.11764705882352941,N300G,"N300G,A215V,T273V,R327V,A215G,R266G,K413V,R406V,K407V,P431V,A330G,K385V,A211V,K429V,A260V,E374V,E379V","K339G,T191V,P431G,Q530V,D203V,V33A,R266G,A330G,N127V,A149V,Q120V,A215G,D375V,A356G,T228V,D292V,A215V,M424G,A396V,N381G,A281V,A260V,L329V,T273V,K462V,G242V,N225V,A255V,L336V,H495V,A395G,N234V,K338G,T541V,K506V,A330V,K385V,Q277G,G217V,K378G,G343V,K342G,G341A,A410G,K256V,R28V,A211V,R327G,K413V,A410V,Q287V,K30V,Q212V,G504V,N334V,D411V,G285V,K342V,A364V,K338V,K207V,Y435V,N216V,G263V,P431V,K378V,K407V,R406V,P27V,K429V,D280V,E379V,A382V,G53V,R327V,K383V,P121V,D391G,Q507V,R406G,N300V,D440V,R420V,P450V,Q363V,K413G,P539V,E374V,Q386G,G158V,G158A,A382G,D253V,G354V,D284V,D391V,R266V,K51V,S230G,N300G,D257V,V91G,F332G,K261V,Q277V,F204V,I293V,I451G,D331G,L67V,L323V,M380G,WT","A211G,I470G,A351G,V347A,Y322V,E374G,P210G,V373G,H353V,P27G,A390G,Y306G,M398G,L213G,Q401G,K407G"
1,8,16,random,activity,topn,randomforest,embeddings,557557881858.6567,70298885857.969,0.8701298351268376,-0.06621499716518553,0,0.19407983270329837,0.4339398353519668,1.0,0.35294117647058826,Y306G,"Y306G,L213G,N300G,Y322V,T273V,A215V,R266G,Y306V,A330G,R327V,A215G,V347A,A211G,E374G,R41G,A211V,P431V","A211G,I470G,A351G,V347A,Y322V,E374G,P210G,V373G,H353V,P27G,A390G,Y306G,M398G,L213G,Q401G,K407G,K339G,T191V,P431G,Q530V,D203V,V33A,R266G,A330G,N127V,A149V,Q120V,A215G,D375V,A356G,T228V,D292V,A215V,M424G,A396V,N381G,A281V,A260V,L329V,T273V,K462V,G242V,N225V,A255V,L336V,H495V,A395G,N234V,K338G,T541V,K506V,A330V,K385V,Q277G,G217V,K378G,G343V,K342G,G341A,A410G,K256V,R28V,A211V,R327G,K413V,A410V,Q287V,K30V,Q212V,G504V,N334V,D411V,G285V,K342V,A364V,K338V,K207V,Y435V,N216V,G263V,P431V,K378V,K407V,R406V,P27V,K429V,D280V,E379V,A382V,G53V,R327V,K383V,P121V,D391G,Q507V,R406G,N300V,D440V,R420V,P450V,Q363V,K413G,P539V,E374V,Q386G,G158V,G158A,A382G,D253V,G354V,D284V,D391V,R266V,K51V,S230G,N300G,D257V,V91G,F332G,K261V,Q277V,F204V,I293V,I451G,D331G,L67V,L323V,M380G,WT","Y306V,R41G,Y322G,V347G,L274G,F87G,F87V,L213V,A279G,G389V,A80G,D182G,R164G,W42G,Y492V,R546V"
1,9,16,random,activity,topn,randomforest,embeddings,524301549693.24774,76810318105.3793,0.8584785303306312,-0.0021036679416317483,0,0.2845481436159025,0.4339398353519668,1.0,0.35294117647058826,Y306G,"Y306G,N300G,R41G,L213G,A215V,T273V,A330G,Y322V,A215G,R266G,E374G,K413V,A211G,E374V,P431V,E379V,R327V","Y306V,R41G,Y322G,V347G,L274G,F87G,F87V,L213V,A279G,G389V,A80G,D182G,R164G,W42G,Y492V,R546V,A211G,I470G,A351G,V347A,Y322V,E374G,P210G,V373G,H353V,P27G,A390G,Y306G,M398G,L213G,Q401G,K407G,K339G,T191V,P431G,Q530V,D203V,V33A,R266G,A330G,N127V,A149V,Q120V,A215G,D375V,A356G,T228V,D292V,A215V,M424G,A396V,N381G,A281V,A260V,L329V,T273V,K462V,G242V,N225V,A255V,L336V,H495V,A395G,N234V,K338G,T541V,K506V,A330V,K385V,Q277G,G217V,K378G,G343V,K342G,G341A,A410G,K256V,R28V,A211V,R327G,K413V,A410V,Q287V,K30V,Q212V,G504V,N334V,D411V,G285V,K342V,A364V,K338V,K207V,Y435V,N216V,G263V,P431V,K378V,K407V,R406V,P27V,K429V,D280V,E379V,A382V,G53V,R327V,K383V,P121V,D391G,Q507V,R406G,N300V,D440V,R420V,P450V,Q363V,K413G,P539V,E374V,Q386G,G158V,G158A,A382G,D253V,G354V,D284V,D391V,R266V,K51V,S230G,N300G,D257V,V91G,F332G,K261V,Q277V,F204V,I293V,I451G,D331G,L67V,L323V,M380G,WT","Q386V,D43G,S533V,F531G,L427V,G217A,A98V,L409V,M376V,M376G,R420G,G343A,Q226V,L264V,Q39G,T118V"
1,10,16,random,activity,topn,randomforest,embeddings,505589092077.07043,74304567357.80124,0.8628983924250763,0.033166215126038234,0,0.3826477127045189,0.4150711631970323,1.0,0.35294117647058826,Y306G,"Y306G,N300G,R41G,L213G,A215V,V347A,T273V,A215G,E374G,R327V,A330G,Y322V,K385V,A211V,Q386V,F87G,P431V","Q386V,D43G,S533V,F531G,L427V,G217A,A98V,L409V,M376V,M376G,R420G,G343A,Q226V,L264V,Q39G,T118V,Y306V,R41G,Y322G,V347G,L274G,F87G,F87V,L213V,A279G,G389V,A80G,D182G,R164G,W42G,Y492V,R546V,A211G,I470G,A351G,V347A,Y322V,E374G,P210G,V373G,H353V,P27G,A390G,Y306G,M398G,L213G,Q401G,K407G,K339G,T191V,P431G,Q530V,D203V,V33A,R266G,A330G,N127V,A149V,Q120V,A215G,D375V,A356G,T228V,D292V,A215V,M424G,A396V,N381G,A281V,A260V,L329V,T273V,K462V,G242V,N225V,A255V,L336V,H495V,A395G,N234V,K338G,T541V,K506V,A330V,K385V,Q277G,G217V,K378G,G343V,K342G,G341A,A410G,K256V,R28V,A211V,R327G,K413V,A410V,Q287V,K30V,Q212V,G504V,N334V,D411V,G285V,K342V,A364V,K338V,K207V,Y435V,N216V,G263V,P431V,K378V,K407V,R406V,P27V,K429V,D280V,E379V,A382V,G53V,R327V,K383V,P121V,D391G,Q507V,R406G,N300V,D440V,R420V,P450V,Q363V,K413G,P539V,E374V,Q386G,G158V,G158A,A382G,D253V,G354V,D284V,D391V,R266V,K51V,S230G,N300G,D257V,V91G,F332G,K261V,Q277V,F204V,I293V,I451G,D331G,L67V,L323V,M380G,WT","H515G,Q21V,Y65G,Q39V,S350G,R41V,F372G,Y403G,S446V,P539G,A255G,S412V,R28G,H515V,V488G,R59G"
2,0,16,random,activity,topn,randomforest,embeddings,None,None,None,None,None,None,None,None,None,None,None,None,"T220G,M398V,G82V,N206V,S412V,S154G,V70A,V32A,T124G,K244G,P92G,P269V,L35V,R164G,V523G,H83V,WT"
2,1,16,random,activity,topn,randomforest,embeddings,574451544779.3975,87520900303.29411,0.8455035416545942,-0.06729003398173883,0,0.1990427984281171,0.2641217859575568,0.4528085075069012,0.058823529411764705,V70A,"V70A,P269V,L35V,S128G,S412V,F500V,I81V,S115G,L274V,E415V,E509V,S126V,M424V,Y475V,I188V,M367V,L416V","T220G,M398V,G82V,N206V,S412V,S154G,V70A,V32A,T124G,K244G,P92G,P269V,L35V,R164G,V523G,H83V,WT","S128G,F500V,I81V,S115G,L274V,E415V,E509V,S126V,M424V,Y475V,I188V,M367V,L416V,S230V,L67G,I529V"
2,2,16,random,activity,topn,randomforest,embeddings,536409308048.4236,46381584226.57576,0.8856783391661223,0.012574969076292186,0,0.19990561128111556,0.358465146732229,0.6414952290562457,0.23529411764705882,Y400G,"V70A,P269V,S128G,L35V,I188V,S412V,T124G,V129A,V290A,A397V,V214A,Y400G,T369G,V536A,S480G,T125G,V129G","S128G,F500V,I81V,S115G,L274V,E415V,E509V,S126V,M424V,Y475V,I188V,M367V,L416V,S230V,L67G,I529V,T220G,M398V,G82V,N206V,S412V,S154G,V70A,V32A,T124G,K244G,P92G,P269V,L35V,R164G,V523G,H83V,WT","V129A,V290A,A397V,V214A,Y400G,T369G,V536A,S480G,T125G,V129G,S453G,A165G,S477V,S432G,P450G,I451V"
2,3,16,random,activity,topn,randomforest,embeddings,576168926310.495,47507116435.32653,0.904485425845256,-0.07209831617787965,0,0.14577398040439307,0.358465146732229,0.6414952290562457,0.23529411764705882,Y400G,"Y400G,T369G,T125G,V70A,A397V,P269V,A165G,G158A,D391G,N300V,R546G,A355V,L35G,G217V,T485G,F180G,D280V","V129A,V290A,A397V,V214A,Y400G,T369G,V536A,S480G,T125G,V129G,S453G,A165G,S477V,S432G,P450G,I451V,S128G,F500V,I81V,S115G,L274V,E415V,E509V,S126V,M424V,Y475V,I188V,M367V,L416V,S230V,L67G,I529V,T220G,M398V,G82V,N206V,S412V,S154G,V70A,V32A,T124G,K244G,P92G,P269V,L35V,R164G,V523G,H83V,WT","G158A,D391G,N300V,R546G,A355V,L35G,G217V,T485G,F180G,D280V,K261V,T114V,H365G,V209G,F372G,R454V"
2,4,16,random,activity,topn,randomforest,embeddings,537481933350.52765,65848065323.55385,0.865434750202775,0.005155891807294588,0,0.22783516220759303,0.358465146732229,0.6414952290562457,0.23529411764705882,Y400G,"Y400G,T125G,A165G,V70A,T369G,A397V,P269V,T124G,S128G,R546G,G217V,I188V,P450G,S487G,K413G,L35V,V129A","G158A,D391G,N300V,R546G,A355V,L35G,G217V,T485G,F180G,D280V,K261V,T114V,H365G,V209G,F372G,R454V,V129A,V290A,A397V,V214A,Y400G,T369G,V536A,S480G,T125G,V129G,S453G,A165G,S477V,S432G,P450G,I451V,S128G,F500V,I81V,S115G,L274V,E415V,E509V,S126V,M424V,Y475V,I188V,M367V,L416V,S230V,L67G,I529V,T220G,M398V,G82V,N206V,S412V,S154G,V70A,V32A,T124G,K244G,P92G,P269V,L35V,R164G,V523G,H83V,WT","S487G,K413G,A382G,R546V,S126G,V347A,V214G,K387G,K538G,S358G,V488A,W461G,A382V,T252G,A255G,V299G"
2,5,16,random,activity,topn,randomforest,embeddings,526864359696.8604,57954404552.77778,0.8880112702961014,0.018499536084456314,0,0.269783796402147,0.4339398353519668,0.6414952290562457,0.35294117647058826,Y400G,"Y400G,V488A,V70A,T369G,V488G,A165G,K538G,V347A,A397V,T125G,V347G,A382V,K413V,P450G,R546G,P269V,T124G","S487G,K413G,A382G,R546V,S126G,V347A,V214G,K387G,K538G,S358G,V488A,W461G,A382V,T252G,A255G,V299G,G158A,D391G,N300V,R546G,A355V,L35G,G217V,T485G,F180G,D280V,K261V,T114V,H365G,V209G,F372G,R454V,V129A,V290A,A397V,V214A,Y400G,T369G,V536A,S480G,T125G,V129G,S453G,A165G,S477V,S432G,P450G,I451V,S128G,F500V,I81V,S115G,L274V,E415V,E509V,S126V,M424V,Y475V,I188V,M367V,L416V,S230V,L67G,I529V,T220G,M398V,G82V,N206V,S412V,S154G,V70A,V32A,T124G,K244G,P92G,P269V,L35V,R164G,V523G,H83V,WT","V488G,V347G,K413V,A211G,K195G,V91A,I81G,A80G,L213G,T63V,T23G,V307A,F531G,I224G,T541G,M398G"
2,6,16,random,activity,topn,randomforest,embeddings,542076662354.1388,66391226288.93814,0.8739856683426641,-0.018110743057695,0,0.25276304635990915,0.4339398353519668,0.6414952290562457,0.4117647058823529,Y400G,"Y400G,V488A,V488G,L213G,V70A,A165G,K413V,K195G,K538G,T369G,A397V,V347A,A211G,P269V,V307A,T125G,F531G","V488G,V347G,K413V,A211G,K195G,V91A,I81G,A80G,L213G,T63V,T23G,V307A,F531G,I224G,T541G,M398G,S487G,K413G,A382G,R546V,S126G,V347A,V214G,K387G,K538G,S358G,V488A,W461G,A382V,T252G,A255G,V299G,G158A,D391G,N300V,R546G,A355V,L35G,G217V,T485G,F180G,D280V,K261V,T114V,H365G,V209G,F372G,R454V,V129A,V290A,A397V,V214A,Y400G,T369G,V536A,S480G,T125G,V129G,S453G,A165G,S477V,S432G,P450G,I451V,S128G,F500V,I81V,S115G,L274V,E415V,E509V,S126V,M424V,Y475V,I188V,M367V,L416V,S230V,L67G,I529V,T220G,M398V,G82V,N206V,S412V,S154G,V70A,V32A,T124G,K244G,P92G,P269V,L35V,R164G,V523G,H83V,WT","V70G,K256V,V235A,D295V,L274G,L499G,Y479G,V33A,K186G,P368G,A215V,F87V,V157A,A260V,V159A,V433G"
2,7,16,random,activity,topn,randomforest,embeddings,517905685554.347,73074579135.49557,0.8699604345215037,0.019673620367091305,0,0.31676265673264875,0.4528085075069012,0.6414952290562457,0.4117647058823529,Y400G,"Y400G,V488A,V488G,Y479G,V70A,A165G,A215V,L213G,T369G,K538G,K195G,A397V,K413V,V307A,T125G,V235A,A211G","V70G,K256V,V235A,D295V,L274G,L499G,Y479G,V33A,K186G,P368G,A215V,F87V,V157A,A260V,V159A,V433G,V488G,V347G,K413V,A211G,K195G,V91A,I81G,A80G,L213G,T63V,T23G,V307A,F531G,I224G,T541G,M398G,S487G,K413G,A382G,R546V,S126G,V347A,V214G,K387G,K538G,S358G,V488A,W461G,A382V,T252G,A255G,V299G,G158A,D391G,N300V,R546G,A355V,L35G,G217V,T485G,F180G,D280V,K261V,T114V,H365G,V209G,F372G,R454V,V129A,V290A,A397V,V214A,Y400G,T369G,V536A,S480G,T125G,V129G,S453G,A165G,S477V,S432G,P450G,I451V,S128G,F500V,I81V,S115G,L274V,E415V,E509V,S126V,M424V,Y475V,I188V,M367V,L416V,S230V,L67G,I529V,T220G,M398V,G82V,N206V,S412V,S154G,V70A,V32A,T124G,K244G,P92G,P269V,L35V,R164G,V523G,H83V,WT","A215G,A211V,Q212V,N216G,F371G,V359A,V373G,Y65V,K105G,V423G,K58G,D203V,Q287V,A255V,K407G,G53A"
2,8,16,random,activity,topn,randomforest,embeddings,521032622749.2248,69503276653.64342,0.869767055615333,0.01581061207611789,0,0.3370442537690424,0.4528085075069012,0.6414952290562457,0.4117647058823529,Y400G,"V488A,V488G,Y400G,L213G,A215V,A215G,Y479G,V70A,A211G,A165G,K538G,K195G,V235A,A397V,T369G,T125G,N216G","A215G,A211V,Q212V,N216G,F371G,V359A,V373G,Y65V,K105G,V423G,K58G,D203V,Q287V,A255V,K407G,G53A,V70G,K256V,V235A,D295V,L274G,L499G,Y479G,V33A,K186G,P368G,A215V,F87V,V157A,A260V,V159A,V433G,V488G,V347G,K413V,A211G,K195G,V91A,I81G,A80G,L213G,T63V,T23G,V307A,F531G,I224G,T541G,M398G,S487G,K413G,A382G,R546V,S126G,V347A,V214G,K387G,K538G,S358G,V488A,W461G,A382V,T252G,A255G,V299G,G158A,D391G,N300V,R546G,A355V,L35G,G217V,T485G,F180G,D280V,K261V,T114V,H365G,V209G,F372G,R454V,V129A,V290A,A397V,V214A,Y400G,T369G,V536A,S480G,T125G,V129G,S453G,A165G,S477V,S432G,P450G,I451V,S128G,F500V,I81V,S115G,L274V,E415V,E509V,S126V,M424V,Y475V,I188V,M367V,L416V,S230V,L67G,I529V,T220G,M398V,G82V,N206V,S412V,S154G,V70A,V32A,T124G,K244G,P92G,P269V,L35V,R164G,V523G,H83V,WT","A390G,K195V,K506G,L213V,K407V,S471G,K256G,A410G,Y322V,K538V,K30G,I394V,T153G,N127V,I496V,A260G"
2,9,16,random,activity,topn,randomforest,embeddings,535131372096.99774,64740776666.66207,0.8745159060863951,-0.017255334980017745,0,0.34707256828042976,0.4528085075069012,0.6414952290562457,0.47058823529411764,Y400G,"V488A,V488G,Y400G,L213G,A215V,Y479G,A165G,K538G,Y322V,T369G,V70A,S471G,A397V,A215G,T125G,K195G,K506G","A390G,K195V,K506G,L213V,K407V,S471G,K256G,A410G,Y322V,K538V,K30G,I394V,T153G,N127V,I496V,A260G,A215G,A211V,Q212V,N216G,F371G,V359A,V373G,Y65V,K105G,V423G,K58G,D203V,Q287V,A255V,K407G,G53A,V70G,K256V,V235A,D295V,L274G,L499G,Y479G,V33A,K186G,P368G,A215V,F87V,V157A,A260V,V159A,V433G,V488G,V347G,K413V,A211G,K195G,V91A,I81G,A80G,L213G,T63V,T23G,V307A,F531G,I224G,T541G,M398G,S487G,K413G,A382G,R546V,S126G,V347A,V214G,K387G,K538G,S358G,V488A,W461G,A382V,T252G,A255G,V299G,G158A,D391G,N300V,R546G,A355V,L35G,G217V,T485G,F180G,D280V,K261V,T114V,H365G,V209G,F372G,R454V,V129A,V290A,A397V,V214A,Y400G,T369G,V536A,S480G,T125G,V129G,S453G,A165G,S477V,S432G,P450G,I451V,S128G,F500V,I81V,S115G,L274V,E415V,E509V,S126V,M424V,Y475V,I188V,M367V,L416V,S230V,L67G,I529V,T220G,M398V,G82V,N206V,S412V,S154G,V70A,V32A,T124G,K244G,P92G,P269V,L35V,R164G,V523G,H83V,WT","L61G,K506V,A330G,K199G,N216V,T541V,Y322G,K207V,T189G,Q212G,L427V,Y48G,D411V,T125V,A302G,Y479V"
2,10,16,random,activity,topn,randomforest,embeddings,531468885389.1102,64298021703.639755,0.871975569522221,-0.006746416142060507,0,0.3762348204482625,0.4339398353519668,0.6414952290562457,0.4117647058823529,Y400G,"Y400G,V488A,V488G,A215V,V70A,L213G,T369G,A397V,A165G,A215G,V235A,K195G,K506G,A211G,K538G,T125G,V347A","L61G,K506V,A330G,K199G,N216V,T541V,Y322G,K207V,T189G,Q212G,L427V,Y48G,D411V,T125V,A302G,Y479V,A390G,K195V,K506G,L213V,K407V,S471G,K256G,A410G,Y322V,K538V,K30G,I394V,T153G,N127V,I496V,A260G,A215G,A211V,Q212V,N216G,F371G,V359A,V373G,Y65V,K105G,V423G,K58G,D203V,Q287V,A255V,K407G,G53A,V70G,K256V,V235A,D295V,L274G,L499G,Y479G,V33A,K186G,P368G,A215V,F87V,V157A,A260V,V159A,V433G,V488G,V347G,K413V,A211G,K195G,V91A,I81G,A80G,L213G,T63V,T23G,V307A,F531G,I224G,T541G,M398G,S487G,K413G,A382G,R546V,S126G,V347A,V214G,K387G,K538G,S358G,V488A,W461G,A382V,T252G,A255G,V299G,G158A,D391G,N300V,R546G,A355V,L35G,G217V,T485G,F180G,D280V,K261V,T114V,H365G,V209G,F372G,R454V,V129A,V290A,A397V,V214A,Y400G,T369G,V536A,S480G,T125G,V129G,S453G,A165G,S477V,S432G,P450G,I451V,S128G,F500V,I81V,S115G,L274V,E415V,E509V,S126V,M424V,Y475V,I188V,M367V,L416V,S230V,L67G,I529V,T220G,M398V,G82V,N206V,S412V,S154G,V70A,V32A,T124G,K244G,P92G,P269V,L35V,R164G,V523G,H83V,WT","K109G,S432V,I97V,A396G,A410V,D391V,K199V,A364V,L241V,K385G,Q131G,K339G,K452G,S525G,A478G,I283G"
3,0,16,random,activity,topn,randomforest,embeddings,None,None,None,None,None,None,None,None,None,None,None,None,"M501G,I519G,N457G,D43G,N151G,S160V,R266V,W200V,C113V,S464G,D331G,W237V,A535G,Q120V,Q120G,T114G,WT"
3,1,16,random,activity,topn,randomforest,embeddings,517066190864.8711,117465302464.35294,0.8098199175108758,0.03847350951426021,0,0.23270213235788614,0.3773338188871634,0.4905458518167701,0.17647058823529413,A395V,"C113V,Q120G,A535G,T439V,A410G,P121V,Q120V,A395V,A397V,K413V,Q386V,Q212G,A390G,A302V,A390V,L414V,N310V","M501G,I519G,N457G,D43G,N151G,S160V,R266V,W200V,C113V,S464G,D331G,W237V,A535G,Q120V,Q120G,T114G,WT","T439V,A410G,P121V,A395V,A397V,K413V,Q386V,Q212G,A390G,A302V,A390V,L414V,N310V,A410V,T63V,A535V"
3,2,16,random,activity,topn,randomforest,embeddings,529327753002.4196,74096736330.45454,0.8747736599919587,0.011674974128758397,0,0.22398952749792028,0.3773338188871634,0.4905458518167701,0.17647058823529413,A395V,"A395V,C113V,A390V,Q386V,A397V,T439V,K413V,Q212G,Q120G,A410V,Q386G,Q507V,A410G,Q21V,T228V,A396V,A535G","T439V,A410G,P121V,A395V,A397V,K413V,Q386V,Q212G,A390G,A302V,A390V,L414V,N310V,A410V,T63V,A535V,M501G,I519G,N457G,D43G,N151G,S160V,R266V,W200V,C113V,S464G,D331G,W237V,A535G,Q120V,Q120G,T114G,WT","Q386G,Q507V,Q21V,T228V,A396V,A281V,A98V,K429V,Q21G,P210V,T541V,Q287V,T252V,N334V,D280V,A260V"
3,3,16,random,activity,topn,randomforest,embeddings,529875639985.2288,59989065809.4898,0.8802804465727068,0.014363245936990454,0,0.21316538806398527,0.3773338188871634,0.4905458518167701,0.17647058823529413,A395V,"A395V,Q21V,C113V,A390V,Q386V,Q212G,A397V,Q120G,A260V,T439V,K413V,Q21G,Q287V,A535G,K429V,K22V,T23V","Q386G,Q507V,Q21V,T228V,A396V,A281V,A98V,K429V,Q21G,P210V,T541V,Q287V,T252V,N334V,D280V,A260V,T439V,A410G,P121V,A395V,A397V,K413V,Q386V,Q212G,A390G,A302V,A390V,L414V,N310V,A410V,T63V,A535V,M501G,I519G,N457G,D43G,N151G,S160V,R266V,W200V,C113V,S464G,D331G,W237V,A535G,Q120V,Q120G,T114G,WT","K22V,T23V,K407V,K413G,A215G,A211V,K378V,K538G,M424V,K22G,K207V,A255V,K195G,Q226V,P27G,G55V"
3,4,16,random,activity,topn,randomforest,embeddings,543793752675.7582,56503905022.13846,0.8781511617290202,-0.015201741091760868,0,0.22155788290538506,0.4150711631970323,0.4905458518167701,0.17647058823529413,A395V,"A395V,G55V,K538G,Q21V,C113V,A397V,K195G,A260V,A390V,A215G,K429V,Q21G,A535G,A211V,Q386V,Q212G,T439V","K22V,T23V,K407V,K413G,A215G,A211V,K378V,K538G,M424V,K22G,K207V,A255V,K195G,Q226V,P27G,G55V,Q386G,Q507V,Q21V,T228V,A396V,A281V,A98V,K429V,Q21G,P210V,T541V,Q287V,T252V,N334V,D280V,A260V,T439V,A410G,P121V,A395V,A397V,K413V,Q386V,Q212G,A390G,A302V,A390V,L414V,N310V,A410V,T63V,A535V,M501G,I519G,N457G,D43G,N151G,S160V,R266V,W200V,C113V,S464G,D331G,W237V,A535G,Q120V,Q120G,T114G,WT","K538V,A211G,L213G,K506G,K428G,K105V,K244G,K506V,K195V,K244V,P210G,R59G,A281G,A215V,R546V,K428V"
3,5,16,random,activity,topn,randomforest,embeddings,542904628098.00726,63878687525.20988,0.8685486274524503,-0.02310806661870335,0,0.20999688794517452,0.4150711631970323,0.5094145239717045,0.23529411764705882,K105V,"K105V,A395V,A215V,L213G,C113V,G55V,K538G,K195G,A211G,A215G,K413V,A390V,Q21V,K506G,A260V,A211V,Q21G","K538V,A211G,L213G,K506G,K428G,K105V,K244G,K506V,K195V,K244V,P210G,R59G,A281G,A215V,R546V,K428V,K22V,T23V,K407V,K413G,A215G,A211V,K378V,K538G,M424V,K22G,K207V,A255V,K195G,Q226V,P27G,G55V,Q386G,Q507V,Q21V,T228V,A396V,A281V,A98V,K429V,Q21G,P210V,T541V,Q287V,T252V,N334V,D280V,A260V,T439V,A410G,P121V,A395V,A397V,K413V,Q386V,Q212G,A390G,A302V,A390V,L414V,N310V,A410V,T63V,A535V,M501G,I519G,N457G,D43G,N151G,S160V,R266V,W200V,C113V,S464G,D331G,W237V,A535G,Q120V,Q120G,T114G,WT","A364V,A260G,K51V,G263V,K256V,Q212V,K105G,A395G,A355G,K407G,W461V,L146V,T425V,L221G,A165V,K452G"
3,6,16,random,activity,topn,randomforest,embeddings,550913117449.945,64017639321.98969,0.8704553418830353,-0.03906571167733297,0,0.20611120947316153,0.4339398353519668,0.5094145239717045,0.35294117647058826,K105V,"K105V,L213G,A215V,A395V,Q21V,A211G,K538G,A211V,A215G,C113V,L146V,A397V,A260V,K506G,A390V,G55V,K413V","A364V,A260G,K51V,G263V,K256V,Q212V,K105G,A395G,A355G,K407G,W461V,L146V,T425V,L221G,A165V,K452G,K538V,A211G,L213G,K506G,K428G,K105V,K244G,K506V,K195V,K244V,P210G,R59G,A281G,A215V,R546V,K428V,K22V,T23V,K407V,K413G,A215G,A211V,K378V,K538G,M424V,K22G,K207V,A255V,K195G,Q226V,P27G,G55V,Q386G,Q507V,Q21V,T228V,A396V,A281V,A98V,K429V,Q21G,P210V,T541V,Q287V,T252V,N334V,D280V,A260V,T439V,A410G,P121V,A395V,A397V,K413V,Q386V,Q212G,A390G,A302V,A390V,L414V,N310V,A410V,T63V,A535V,M501G,I519G,N457G,D43G,N151G,S160V,R266V,W200V,C113V,S464G,D331G,W237V,A535G,Q120V,Q120G,T114G,WT","Y345G,I97V,L31G,Y48G,L213V,A382V,T143G,Q507G,N205V,T124V,A396G,G217V,D233V,T63G,G508V,A356G"
3,7,16,random,activity,topn,randomforest,embeddings,527476109685.01184,62840036267.141594,0.8756733585339935,0.005345239546029501,0,0.28196271372887993,0.4339398353519668,0.5094145239717045,0.35294117647058826,L213G,"L213G,A215V,K105V,A395V,C113V,L146V,A215G,A397V,A211G,Q386V,A211V,Q21V,G55V,K105G,K538G,K506G,A390V","Y345G,I97V,L31G,Y48G,L213V,A382V,T143G,Q507G,N205V,T124V,A396G,G217V,D233V,T63G,G508V,A356G,A364V,A260G,K51V,G263V,K256V,Q212V,K105G,A395G,A355G,K407G,W461V,L146V,T425V,L221G,A165V,K452G,K538V,A211G,L213G,K506G,K428G,K105V,K244G,K506V,K195V,K244V,P210G,R59G,A281G,A215V,R546V,K428V,K22V,T23V,K407V,K413G,A215G,A211V,K378V,K538G,M424V,K22G,K207V,A255V,K195G,Q226V,P27G,G55V,Q386G,Q507V,Q21V,T228V,A396V,A281V,A98V,K429V,Q21G,P210V,T541V,Q287V,T252V,N334V,D280V,A260V,T439V,A410G,P121V,A395V,A397V,K413V,Q386V,Q212G,A390G,A302V,A390V,L414V,N310V,A410V,T63V,A535V,M501G,I519G,N457G,D43G,N151G,S160V,R266V,W200V,C113V,S464G,D331G,W237V,A535G,Q120V,Q120G,T114G,WT","L241V,A255G,L437V,T252G,K109G,G239V,T125V,Q277V,N216V,L274V,L197V,K342V,G389V,V214G,N208G,A149G"
3,8,16,random,activity,topn,randomforest,embeddings,529921060089.7412,60288639418.53488,0.87130193209832,0.0026653861862128148,0,0.32787481804525354,0.4339398353519668,0.5094145239717045,0.4117647058823529,K105V,"K105V,A395V,L213G,A215V,K109G,A215G,A211G,Q21V,C113V,K105G,A397V,K506G,L146V,G55V,A390V,A211V,K538G","L241V,A255G,L437V,T252G,K109G,G239V,T125V,Q277V,N216V,L274V,L197V,K342V,G389V,V214G,N208G,A149G,Y345G,I97V,L31G,Y48G,L213V,A382V,T143G,Q507G,N205V,T124V,A396G,G217V,D233V,T63G,G508V,A356G,A364V,A260G,K51V,G263V,K256V,Q212V,K105G,A395G,A355G,K407G,W461V,L146V,T425V,L221G,A165V,K452G,K538V,A211G,L213G,K506G,K428G,K105V,K244G,K506V,K195V,K244V,P210G,R59G,A281G,A215V,R546V,K428V,K22V,T23V,K407V,K413G,A215G,A211V,K378V,K538G,M424V,K22G,K207V,A255V,K195G,Q226V,P27G,G55V,Q386G,Q507V,Q21V,T228V,A396V,A281V,A98V,K429V,Q21G,P210V,T541V,Q287V,T252V,N334V,D280V,A260V,T439V,A410G,P121V,A395V,A397V,K413V,Q386V,Q212G,A390G,A302V,A390V,L414V,N310V,A410V,T63V,A535V,M501G,I519G,N457G,D43G,N151G,S160V,R266V,W200V,C113V,S464G,D331G,W237V,A535G,Q120V,Q120G,T114G,WT","S128G,A170G,N490G,A279V,I394V,L67V,E379V,W461G,K385V,K109V,K528G,Q131G,N216G,I188V,I496V,I81V"
3,9,16,random,activity,topn,randomforest,embeddings,529224229842.5837,58079495307.248276,0.87514110012645,0.0007065590695407575,0,0.3476000110909796,0.4339398353519668,0.5094145239717045,0.4117647058823529,L213G,"L213G,A395V,K109G,A215V,K105V,K538G,A215G,A397V,K506G,A211G,Q21V,K105G,C113V,N216G,Q386V,L146V,A390V","S128G,A170G,N490G,A279V,I394V,L67V,E379V,W461G,K385V,K109V,K528G,Q131G,N216G,I188V,I496V,I81V,L241V,A255G,L437V,T252G,K109G,G239V,T125V,Q277V,N216V,L274V,L197V,K342V,G389V,V214G,N208G,A149G,Y345G,I97V,L31G,Y48G,L213V,A382V,T143G,Q507G,N205V,T124V,A396G,G217V,D233V,T63G,G508V,A356G,A364V,A260G,K51V,G263V,K256V,Q212V,K105G,A395G,A355G,K407G,W461V,L146V,T425V,L221G,A165V,K452G,K538V,A211G,L213G,K506G,K428G,K105V,K244G,K506V,K195V,K244V,P210G,R59G,A281G,A215V,R546V,K428V,K22V,T23V,K407V,K413G,A215G,A211V,K378V,K538G,M424V,K22G,K207V,A255V,K195G,Q226V,P27G,G55V,Q386G,Q507V,Q21V,T228V,A396V,A281V,A98V,K429V,Q21G,P210V,T541V,Q287V,T252V,N334V,D280V,A260V,T439V,A410G,P121V,A395V,A397V,K413V,Q386V,Q212G,A390G,A302V,A390V,L414V,N310V,A410V,T63V,A535V,M501G,I519G,N457G,D43G,N151G,S160V,R266V,W200V,C113V,S464G,D331G,W237V,A535G,Q120V,Q120G,T114G,WT","A330G,K338V,T124G,T23G,N392G,N127G,E426V,K385G,K387G,N62G,M398G,V359G,D116G,A382G,L107V,N202G"
3,10,16,random,activity,topn,randomforest,embeddings,529213523376.55225,54042342188.608696,0.8789195314866023,0.005166028552241353,0,0.3808742033319887,0.4339398353519668,0.5094145239717045,0.35294117647058826,K105V,"K105V,A395V,A215V,L213G,K109G,C113V,A215G,Q21V,A330G,A211G,K538G,K195G,A211V,N216G,K105G,L146V,A390V","A330G,K338V,T124G,T23G,N392G,N127G,E426V,K385G,K387G,N62G,M398G,V359G,D116G,A382G,L107V,N202G,S128G,A170G,N490G,A279V,I394V,L67V,E379V,W461G,K385V,K109V,K528G,Q131G,N216G,I188V,I496V,I81V,L241V,A255G,L437V,T252G,K109G,G239V,T125V,Q277V,N216V,L274V,L197V,K342V,G389V,V214G,N208G,A149G,Y345G,I97V,L31G,Y48G,L213V,A382V,T143G,Q507G,N205V,T124V,A396G,G217V,D233V,T63G,G508V,A356G,A364V,A260G,K51V,G263V,K256V,Q212V,K105G,A395G,A355G,K407G,W461V,L146V,T425V,L221G,A165V,K452G,K538V,A211G,L213G,K506G,K428G,K105V,K244G,K506V,K195V,K244V,P210G,R59G,A281G,A215V,R546V,K428V,K22V,T23V,K407V,K413G,A215G,A211V,K378V,K538G,M424V,K22G,K207V,A255V,K195G,Q226V,P27G,G55V,Q386G,Q507V,Q21V,T228V,A396V,A281V,A98V,K429V,Q21G,P210V,T541V,Q287V,T252V,N334V,D280V,A260V,T439V,A410G,P121V,A395V,A397V,K413V,Q386V,Q212G,A390G,A302V,A390V,L414V,N310V,A410V,T63V,A535V,M501G,I519G,N457G,D43G,N151G,S160V,R266V,W200V,C113V,S464G,D331G,W237V,A535G,Q120V,Q120G,T114G,WT","K528V,N173V,K58G,T118G,S230G,K366G,T143V,D203G,D411V,K429G,L264V,K262G,D375V,T267V,I283V,F531V"
