Position,WT_Residue,Mut_Residue,Activity,variant
73,P,Q,-0.0261761998757174,P73Q
137,Y,V,-0.115652153987545,Y137V
27,V,D,-0.0636466156642266,V27D
14,K,S,0.104182789192188,K14S
73,P,C,0.623094894727619,P73C
147,R,H,0.452217608942894,R147H
111,Q,G,1.4099649083645,Q111G
35,T,H,0.237383994246603,T35H
30,K,Q,0.321708578438581,K30Q
148,V,H,-0.0562511394870124,V148H
52,P,N,1.41968103258664,P52N
139,Q,N,0.667943184575957,Q139N
50,G,Y,1.03833419938955,G50Y
87,Y,T,0.158992919212165,Y87T
105,P,W,0.0480617116707807,P105W
16,W,Q,0.0811880208169886,W16Q
155,F,P,0.0103446939911282,F155P
46,P,S,0.329370469335171,P46S
39,M,R,0.385718828933896,M39R
112,I,K,0.355100899929259,I112K
159,Y,Q,0.795105902854743,Y159Q
55,G,A,0.572982569977258,G55A
159,Y,T,0.844780730891736,Y159T
76,K,D,1.79396891050149,K76D
51,T,G,0.265681485995426,T51G
21,P,G,0.0738942253994889,P21G
38,L,P,0.318365779626262,L38P
76,K,C,0.716153013645193,K76C
105,P,Q,0.0267156585292905,P105Q
57,L,V,0.430555902816898,L57V
130,Q,A,0.811183461731369,Q130A
55,G,S,0.552495679898497,G55S
118,E,I,0.586364606435469,E118I
70,S,D,0.178589679645484,S70D
22,F,M,-0.0432592437843717,F22M
17,R,I,-0.070525339256905,R17I
58,F,A,0.227586848321239,F58A
45,I,E,0.0154869160884923,I45E
129,A,W,-0.104970792939462,A129W
1,M,A,0.283137512522967,M1A
71,S,T,0.627898636567148,S71T
45,I,V,1.19925948548117,I45V
4,I,M,0.902175827200466,I4M
112,I,A,0.506482725517357,I112A
82,F,M,0.148483532114067,F82M
110,K,P,0.529140528716628,K110P
61,R,P,0.527072143209854,R61P
155,F,R,0.103587055452372,F155R
103,W,I,0.0262058074987571,W103I
32,P,G,0.737819722036126,P32G
53,W,I,0.0074488450308637,W53I
3,G,D,1.12735400423977,G3D
61,R,F,0.648557676643043,R61F
55,G,L,0.612132685170857,G55L
4,I,A,0.780696937974166,I4A
146,K,C,0.681584980552833,K146C
26,A,Y,-0.0482716696924117,A26Y
37,N,K,0.94335968234933,N37K
112,I,Y,-0.0755455161604962,I112Y
158,S,W,0.643820279644934,S158W
114,L,C,0.978199001287064,L114C
132,E,Y,0.280421668429844,E132Y
101,K,R,0.99618944417536,K101R
159,Y,P,0.770457668221653,Y159P
39,M,F,0.892297017685141,M39F
3,G,K,0.583683366925392,G3K
3,G,N,0.539655761399551,G3N
35,T,N,0.0176181922610322,T35N
29,T,I,0.604583538092596,T29I
159,Y,W,0.714402221907809,Y159W
59,K,A,0.540590691547313,K59A
94,L,R,-0.13684018567253,L94R
15,A,S,0.857026838212592,A15S
22,F,A,0.14392844229975,F22A
26,A,L,0.445499011358,A26L
95,S,R,-0.0687852052888503,S95R
25,V,E,0.0054863479072678,V25E
134,Y,L,0.106866334316823,Y134L
75,C,H,0.0582185875146804,C75H
69,P,G,-0.0118637122887697,P69G
84,P,V,1.5198087299173,P84V
46,P,N,0.274962480765363,P46N
54,E,A,0.490191772827917,E54A
50,G,T,0.18444241933109,G50T
9,L,P,-0.0769942227926613,L9P
26,A,C,0.425452145320404,A26C
25,V,S,0.421746869096782,V25S
149,R,W,0.556006964397879,R149W
102,D,I,0.196310109308067,D102I
146,K,G,0.749210694406061,K146G
54,E,L,0.0702932023693794,E54L
64,F,A,0.0524513683998725,F64A
124,N,E,0.0122289978949716,N124E
35,T,D,-0.0023064787971091,T35D
82,F,W,0.551325970487671,F82W
131,A,M,0.226067804733903,A131M
18,K,C,0.460617280233215,K18C
144,Y,S,-0.145264302543759,Y144S
18,K,F,0.190407759436825,K18F
138,C,P,-0.159873821594605,C138P
85,N,F,0.480704127279611,N85F
80,P,D,0.806290648414989,P80D
139,Q,C,0.587787998988932,Q139C
123,P,A,0.186799496423628,P123A
65,K,P,0.710802015095811,K65P
155,F,K,0.213476543068699,F155K
91,T,L,1.03094264089216,T91L
94,L,Q,0.0126756955446464,L94Q
99,E,C,0.9002097369183,E99C
82,F,R,-0.233353658027674,F82R
67,D,P,0.598185200399823,D67P
94,L,T,0.057734287035714,L94T
39,M,Q,0.026260614400088,M39Q
145,E,T,0.870230525745089,E145T
142,V,L,0.8189618274669,V142L
7,S,P,1.13182391976137,S7P
7,S,L,0.57906093996245,S7L
141,R,L,0.564494338396598,R141L
142,V,E,1.2143597940394,V142E
133,A,L,0.33568768548434,A133L
8,R,T,0.449654962738435,R8T
72,P,T,0.136662879114162,P72T
78,E,M,1.14716392311939,E78M
84,P,A,0.780003295479551,P84A
94,L,I,0.164233812236718,L94I
68,Y,F,0.488794018020723,Y68F
104,R,I,-0.0505681804679485,R104I
66,D,N,0.628922202938345,D66N
126,Q,Y,0.576842498406914,Q126Y
35,T,P,0.0937745721721274,T35P
104,R,C,0.685583689544517,R104C
61,R,D,0.686371179763383,R61D
2,S,Q,1.38676063836834,S2Q
30,K,N,0.229576250140824,K30N
92,V,S,0.436940056273467,V92S
142,V,S,1.18688287432249,V142S
16,W,G,-0.0095982039145253,W16G
53,W,E,0.0712357016332438,W53E
124,N,Q,-0.129482788178467,N124Q
14,K,V,0.535016240548812,K14V
133,A,G,0.309230775536125,A133G
145,E,R,1.01993016630062,E145R
127,D,R,0.0090777020190536,D127R
118,E,Y,0.676402552750184,E118Y
19,D,E,1.01947874614984,D19E
123,P,M,-0.056739132377449,P123M
26,A,S,0.60229202218674,A26S
124,N,D,-0.0946002194834643,N124D
139,Q,M,0.754346582317511,Q139M
47,G,Y,0.573118048751987,G47Y
155,F,H,0.537455539946019,F155H
25,V,I,1.386284938025,V25I
10,A,W,0.358646075256444,A10W
39,M,N,0.625650344085267,M39N
71,S,I,0.411428368653051,S71I
156,A,H,0.854018845675695,A156H
136,I,V,0.555298702821702,I136V
57,L,R,0.729641261725349,L57R
154,K,Q,0.893078971947012,K154Q
69,P,F,0.0918251862567652,P69F
151,Q,H,0.108466222649204,Q151H
25,V,Y,0.428066599569827,V25Y
87,Y,E,0.0514982899543387,Y87E
49,K,Q,0.563018719384902,K49Q
14,K,L,0.485492722528265,K14L
1,M,D,0.363784336761842,M1D
116,I,L,1.58896375645688,I116L
19,D,T,1.38223738068558,D19T
8,R,S,-0.0269498539123059,R8S
113,L,Y,0.457062399308211,L113Y
36,M,R,0.608652924896522,M36R
151,Q,W,-0.0258331109846525,Q151W
16,W,N,-0.046732908450571,W16N
135,T,F,0.667866200301908,T135F
77,F,T,0.226565275535827,F77T
108,T,H,1.19802927397831,T108H
26,A,H,-0.157850496295249,A26H
152,A,Q,0.111346990106288,A152Q
36,M,S,0.101642801586527,M36S
83,H,C,0.0556507276524417,H83C
100,D,R,0.379891548828328,D100R
6,L,V,0.648661606796702,L6V
157,P,L,0.350252377564097,P157L
7,S,W,0.386020122888961,S7W
97,L,Q,0.142605468368877,L97Q
38,L,T,0.483516843602753,L38T
37,N,A,1.2093619360857,N37A
92,V,N,-0.179014376874659,V92N
138,C,K,1.00207701948941,C138K
95,S,N,0.998015550732055,S95N
79,P,M,0.945747377620999,P79M
40,N,E,1.35438112377093,N40E
113,L,Q,0.161186704032156,L113Q
9,L,G,0.306114072125836,L9G
80,P,Y,1.013711059708,P80Y
58,F,Y,0.959761121639787,F58Y
60,L,A,0.778556977792138,L60A
103,W,V,-0.168190371110956,W103V
53,W,D,0.0818013056711689,W53D
43,C,L,0.101272371141275,C43L
48,K,R,0.868571939794423,K48R
62,M,H,0.135309907433521,M62H
141,R,Q,0.993446726238229,R141Q
31,N,E,0.644003559305975,N31E
120,L,E,-0.0254255718007353,L120E
77,F,S,-0.0444624004465615,F77S
7,S,R,0.419627053054153,S7R
115,G,E,0.0645985585278605,G115E
129,A,K,-0.0190874077982021,A129K
64,F,T,0.090569613610893,F64T
104,R,F,-0.0075802191841756,R104F
112,I,G,0.18997290278711,I112G
140,N,M,0.13775716185569,N140M
68,Y,S,0.0844967193956982,Y68S
85,N,Q,-0.0126524938006131,N85Q
70,S,Y,0.756864437589396,S70Y
35,T,A,0.356049347188755,T35A
23,G,P,0.0521273464112031,G23P
113,L,T,0.704008112209851,L113T
69,P,K,0.215565855477525,P69K
74,K,I,1.41245635809474,K74I
114,L,H,0.746121621753927,L114H
10,A,H,0.16935452473478,A10H
32,P,K,1.20759432920268,P32K
54,E,D,0.218156808510259,E54D
62,M,D,0.151570922127176,M62D
51,T,P,0.0072929522780844,T51P
84,P,S,-0.0789872043222078,P84S
45,I,C,1.14888925575377,I45C
6,L,A,0.584735872854678,L6A
56,G,M,0.278658692431876,G56M
74,K,N,1.38778250948283,K74N
44,A,C,0.103513354024532,A44C
91,T,P,1.13338568799564,T91P
2,S,F,1.07314520093054,S2F
122,E,S,0.685211053542322,E122S
14,K,H,0.164846262747284,K14H
141,R,S,0.377219190443829,R141S
143,E,C,0.679322128989013,E143C
32,P,H,0.819957800910494,P32H
76,K,Y,1.82511144562478,K76Y
112,I,H,0.837711137663476,I112H
60,L,P,-0.0257649399845256,L60P
132,E,K,0.287162008866178,E132K
132,E,Q,0.48214984234388,E132Q
140,N,K,0.31695937906862,N140K
47,G,E,-0.0207448087723185,G47E
150,A,H,0.727672706777546,A150H
137,Y,C,0.0677305642235223,Y137C
31,N,A,0.421389482624889,N31A
134,Y,A,0.63441608878375,Y134A
147,R,A,0.630291409648527,R147A
120,L,V,0.204782185820583,L120V
39,M,L,0.636543064429363,M39L
93,C,A,0.167160716565745,C93A
33,D,W,0.325270717544652,D33W
116,I,N,-0.107269708764726,I116N
106,A,V,0.798366251327285,A106V
109,I,P,0.0768782146400166,I109P
20,H,E,-0.0287718811522388,H20E
37,N,F,0.947336027360681,N37F
131,A,E,0.543253891029693,A131E
24,F,S,-0.0770583649018294,F24S
127,D,C,-0.134600388854762,D127C
118,E,R,0.692420400040288,E118R
126,Q,N,0.638074133640477,Q126N
144,Y,I,0.0335758323851813,Y144I
142,V,M,0.977491309847287,V142M
61,R,M,0.588569915972522,R61M
35,T,I,-0.0287514410026401,T35I
61,R,E,0.595103834391687,R61E
56,G,A,0.141705058846385,G56A
31,N,T,0.407859006411857,N31T
31,N,W,0.633890941439286,N31W
153,K,W,0.230597005603559,K153W
76,K,L,1.10032118201652,K76L
119,L,H,0.328545365476474,L119H
77,F,L,0.239746512496886,F77L
33,D,I,0.0317880475688484,D33I
120,L,G,0.0554425126628722,L120G
78,E,G,0.938297501985631,E78G
125,I,H,0.0285852073761558,I125H
11,Q,T,1.07777033555557,Q11T
68,Y,T,0.203044265348903,Y68T
1,M,V,0.564237794462854,M1V
22,F,P,0.0439915776338872,F22P
18,K,E,0.134596919405304,K18E
48,K,N,0.565499609780552,K48N
30,K,S,0.651105110350986,K30S
78,E,Y,0.354228680195592,E78Y
30,K,C,0.102906846532613,K30C
66,D,W,0.337805401467608,D66W
2,S,M,0.177035533988796,S2M
107,I,P,0.0347969402516326,I107P
7,S,M,0.992035270907493,S7M
108,T,N,1.16638772691015,T108N
107,I,H,0.695756435018451,I107H
60,L,N,0.0231563930291478,L60N
88,P,I,1.48467227171249,P88I
152,A,E,0.0209001827380141,A152E
82,F,T,0.114837399910371,F82T
73,P,I,0.412771423084585,P73I
91,T,S,1.62369253197239,T91S
119,L,T,-0.0826928540142806,L119T
94,L,H,-0.218701879142312,L94H
120,L,Q,0.100369974440675,L120Q
30,K,Y,0.275502335024665,K30Y
116,I,S,0.656835010297202,I116S
37,N,S,1.05028293934786,N37S
143,E,I,0.410534687472427,E143I
135,T,Y,0.445501232053245,T135Y
57,L,T,0.29350509824943,L57T
144,Y,R,-0.0195893739704804,Y144R
56,G,W,-0.0446347334999987,G56W
98,E,Q,0.242674058278859,E98Q
14,K,W,0.352376292253923,K14W
155,F,Q,1.10773771196217,F155Q
140,N,F,-0.0669453404426999,N140F
117,Q,M,0.385139106880662,Q117M
33,D,S,-0.0124723045423798,D33S
71,S,Y,0.639465127158261,S71Y
7,S,K,0.339050345368073,S7K
75,C,G,0.724222704313687,C75G
81,L,E,-0.141765053340185,L81E
87,Y,I,0.372908160488239,Y87I
98,E,A,2.34173703857257,E98A
131,A,C,0.977952585951796,A131C
69,P,T,-0.329218629048203,P69T
153,K,L,0.646175181203447,K153L
84,P,C,0.543441887294599,P84C
25,V,M,0.629540176410899,V25M
52,P,T,0.85514776205408,P52T
44,A,S,0.426989204595504,A44S
44,A,H,0.335055053504483,A44H
144,Y,Q,0.0081825987071656,Y144Q
35,T,L,-0.0018561124290831,T35L
125,I,K,0.0900274590781136,I125K
32,P,N,0.892834115766758,P32N
46,P,A,0.516809776400936,P46A
41,W,Q,0.150488722413381,W41Q
30,K,V,0.58590541789043,K30V
5,A,S,0.896806973627744,A5S
1,M,W,0.180736680314733,M1W
50,G,L,0.571526156158944,G50L
99,E,L,-0.101893094944266,E99L
90,G,H,-0.0871974104987806,G90H
64,F,Y,0.577373104004672,F64Y
92,V,G,-0.0822164120525106,V92G
100,D,F,0.787040283912148,D100F
74,K,A,1.45806704897709,K74A
148,V,L,0.204133083070483,V148L
105,P,L,0.0109462727080352,P105L
8,R,N,0.504445198272803,R8N
128,P,G,0.896406866498866,P128G
98,E,D,2.48470162504005,E98D
142,V,G,0.937174146655146,V142G
109,I,Y,0.0468165143393092,I109Y
101,K,E,0.853594365025644,K101E
7,S,F,0.0300995313050548,S7F
117,Q,I,0.280827439253998,Q117I
126,Q,T,1.09001951387083,Q126T
89,S,T,0.780530152937717,S89T
96,I,S,0.81435246507285,I96S
56,G,V,-0.387684489142223,G56V
91,T,I,1.04783814718813,T91I
19,D,W,0.201128053431886,D19W
118,E,S,0.30760713002435,E118S
12,E,S,0.0948254355142628,E12S
74,K,V,1.25116994679393,K74V
151,Q,F,0.164464584800862,Q151F
18,K,A,0.133713482608115,K18A
150,A,I,1.12564819742814,A150I
64,F,W,0.206342170641512,F64W
60,L,D,0.0147619166369107,L60D
21,P,R,-0.172271207059668,P21R
147,R,Q,0.752303767011509,R147Q
37,N,D,1.03581903389734,N37D
58,F,M,0.262964223444031,F58M
74,K,H,1.43324385390896,K74H
13,R,S,-0.0056129567391181,R13S
13,R,Y,0.0009287016787253,R13Y
152,A,W,0.0854364748213025,A152W
150,A,N,0.750008962541247,A150N
147,R,L,1.08313226007567,R147L
139,Q,A,0.604353759765762,Q139A
144,Y,G,0.0650325710420512,Y144G
96,I,M,0.439746351706607,I96M
59,K,W,1.19898942059777,K59W
111,Q,L,0.94304341295533,Q111L
78,E,Q,0.735609020111941,E78Q
51,T,N,-0.0188041347761244,T51N
24,F,H,0.121059070526877,F24H
23,G,S,0.652963206183495,G23S
140,N,Y,0.354486670585697,N140Y
144,Y,N,0.0141423795006091,Y144N
26,A,Q,0.0772909134532309,A26Q
102,D,Y,0.47099806124685,D102Y
36,M,F,0.194680613575151,M36F
110,K,W,0.0849366706270646,K110W
43,C,P,0.341900918578508,C43P
19,D,G,0.346512660776158,D19G
91,T,F,1.14123682444288,T91F
120,L,N,-0.113181616946391,L120N
26,A,G,0.464795197654346,A26G
4,I,D,1.36704822515163,I4D
145,E,S,0.25435062264692,E145S
14,K,N,0.337835390429054,K14N
81,L,T,0.0521510302089649,L81T
72,P,E,0.45957817372332,P72E
52,P,M,0.566584991067182,P52M
21,P,W,0.0763643656094027,P21W
136,I,R,0.190920312862135,I136R
33,D,K,-0.0045919780796608,D33K
107,I,Y,0.211558879382959,I107Y
79,P,K,1.12054130690992,P79K
109,I,T,0.255872261553978,I109T
36,M,K,0.339622819544145,M36K
7,S,G,0.360843421952298,S7G
134,Y,S,0.704515117436387,Y134S
48,K,D,0.0484687608176504,K48D
147,R,T,1.14001817079945,R147T
2,S,A,0.391652533566844,S2A
14,K,E,0.0101770880797702,K14E
82,F,Q,0.0050348150411321,F82Q
28,P,S,0.140413038477695,P28S
40,N,M,0.758426366285889,N40M
17,R,Y,-0.131115273576861,R17Y
145,E,H,0.0441614344618967,E145H
148,V,C,0.781923114704372,V148C
20,H,Q,-0.102173339163812,H20Q
159,Y,D,0.840204796752662,Y159D
154,K,S,1.17664842145688,K154S
12,E,C,-0.12269046222298,E12C
79,P,L,0.761146761093247,P79L
30,K,T,0.297434783832506,K30T
145,E,P,0.145643228234894,E145P
81,L,K,0.0397880281362829,L81K
30,K,F,0.334829325646376,K30F
85,N,R,0.0601808513647298,N85R
84,P,T,0.594781802505097,P84T
57,L,D,0.13552946408137,L57D
45,I,A,0.0171237796715724,I45A
37,N,E,1.05051018499787,N37E
55,G,V,0.295679223705711,G55V
120,L,R,0.0378013963033524,L120R
43,C,S,0.615648020661424,C43S
78,E,H,0.849380994691196,E78H
4,I,F,0.383921751769257,I4F
95,S,C,0.186810336393613,S95C
138,C,T,1.46499707497764,C138T
121,N,M,0.825596293086332,N121M
78,E,C,0.299386474529732,E78C
134,Y,F,0.444330219716301,Y134F
66,D,E,0.77533166688216,D66E
107,I,R,0.204589393740316,I107R
53,W,P,0.0660853441114952,W53P
62,M,G,0.0571810557962759,M62G
114,L,A,0.861064833090567,L114A
158,S,T,0.973246487027489,S158T
76,K,Q,1.01176532753953,K76Q
55,G,H,0.929616235441538,G55H
4,I,Y,0.499948900253736,I4Y
75,C,N,0.188877407087626,C75N
52,P,C,0.604214239115197,P52C
31,N,R,0.473388862744073,N31R
87,Y,K,0.0467420363388118,Y87K
54,E,W,0.253110995220906,E54W
122,E,P,-0.0091836812601836,E122P
10,A,V,0.702187974908667,A10V
113,L,F,0.231691060612611,L113F
64,F,H,0.0460975370675323,F64H
83,H,Y,-0.245814406601465,H83Y
142,V,Q,0.785332044454177,V142Q
112,I,S,0.300296582094585,I112S
146,K,A,1.08397348578167,K146A
21,P,A,-0.0911898908165864,P21A
156,A,S,0.58267711649625,A156S
146,K,Q,0.540826721505659,K146Q
55,G,I,0.434262518093243,G55I
128,P,S,0.950427742434055,P128S
42,E,H,0.342844442431486,E42H
148,V,N,-0.103961169872751,V148N
159,Y,C,0.794945999771454,Y159C
103,W,H,0.228443281137141,W103H
135,T,E,0.718342456028201,T135E
24,F,Q,0.0123356515367896,F24Q
27,V,M,1.03272503925035,V27M
149,R,S,0.623150611051612,R149S
120,L,W,0.231972698408364,L120W
119,L,E,0.143167756788903,L119E
114,L,N,0.810334658502028,L114N
6,L,K,0.781801272806837,L6K
92,V,T,0.310628342981656,V92T
3,G,P,0.465174405566752,G3P
59,K,Q,0.69038935883938,K59Q
121,N,R,0.680220594499723,N121R
47,G,H,0.250871742298872,G47H
55,G,R,0.255189650218349,G55R
37,N,R,0.965648664165285,N37R
131,A,K,0.612975032200995,A131K
33,D,V,-0.0331992561077022,D33V
34,G,L,0.256578666207815,G34L
56,G,Q,0.0544530148520467,G56Q
90,G,S,0.0518056588597844,G90S
15,A,R,0.654447752465604,A15R
106,A,W,-0.0269940023261677,A106W
83,H,T,1.05780422902238,H83T
28,P,T,-0.0734546560650637,P28T
137,Y,G,0.0053781425845441,Y137G
77,F,D,-0.16928263810064,F77D
48,K,C,0.22802432405943,K48C
113,L,A,0.962296776066059,L113A
26,A,P,-0.142020757615265,A26P
134,Y,E,0.231006626992382,Y134E
107,I,V,1.16614209956958,I107V
123,P,W,-0.0042449716423493,P123W
30,K,E,0.286866014310182,K30E
10,A,R,0.0802155625389475,A10R
96,I,F,0.0869103165391492,I96F
93,C,I,-0.115496136955045,C93I
104,R,S,0.615172415097269,R104S
58,F,Q,0.239238644615846,F58Q
74,K,W,0.093383721272973,K74W
19,D,F,0.815814163033336,D19F
76,K,I,1.12139327710988,K76I
5,A,F,0.558029788244279,A5F
57,L,P,0.163496516355753,L57P
95,S,W,0.263992354494859,S95W
124,N,H,0.46715708557664,N124H
137,Y,T,0.508744333049841,Y137T
97,L,A,0.695133515035964,L97A
16,W,M,0.0157071889427626,W16M
47,G,S,-0.0649039401255189,G47S
140,N,E,0.776231641187965,N140E
108,T,P,0.661288316883026,T108P
75,C,K,-0.125134152999232,C75K
66,D,L,0.80537017226717,D66L
51,T,Y,0.0727391876525432,T51Y
151,Q,C,0.295655682209943,Q151C
95,S,K,0.0831864954986587,S95K
56,G,I,-0.0206711980544393,G56I
43,C,M,0.497743284402941,C43M
84,P,L,1.27056602015974,P84L
73,P,M,1.39859260038779,P73M
51,T,I,0.0271792711919164,T51I
38,L,F,0.621116304015578,L38F
51,T,F,0.149217653395376,T51F
152,A,P,-0.0614683593386658,A152P
151,Q,D,0.0563801857491542,Q151D
141,R,V,0.636103656675795,R141V
92,V,L,0.998893769647632,V92L
10,A,K,1.38104870608905,A10K
113,L,K,0.0218577599197274,L113K
85,N,T,-0.101757971144514,N85T
116,I,P,-0.0288514151856387,I116P
35,T,K,-0.0686832361359808,T35K
42,E,N,0.164213566332512,E42N
53,W,Y,0.145913733358534,W53Y
128,P,N,0.051670437968184,P128N
5,A,T,0.461564554453875,A5T
79,P,Q,0.995710882785954,P79Q
126,Q,F,0.488030433434173,Q126F
77,F,A,-0.121549591786793,F77A
110,K,H,0.480024353976475,K110H
69,P,W,0.195130469426796,P69W
57,L,E,0.800716717860866,L57E
146,K,H,1.05731425921593,K146H
47,G,N,0.0163568581359108,G47N
145,E,Y,0.748050631431733,E145Y
81,L,D,-0.0471847555652789,L81D
119,L,M,0.620704496656028,L119M
32,P,D,1.20060399702467,P32D
135,T,P,0.151411453748992,T135P
70,S,N,1.1380471955213,S70N
60,L,S,0.188047872911327,L60S
2,S,G,1.38843964082432,S2G
141,R,H,0.973706816915174,R141H
60,L,E,0.0304012955743268,L60E
71,S,N,0.591446973526303,S71N
34,G,Q,0.946361935051022,G34Q
14,K,A,-0.0025271088109265,K14A
63,L,E,1.33608074789259,L63E
93,C,N,0.0389592201577921,C93N
141,R,T,0.741640740683716,R141T
41,W,L,0.0259611570227809,W41L
83,H,K,0.115594371387098,H83K
43,C,F,0.240679391478919,C43F
100,D,C,0.1214129528231,D100C
117,Q,V,0.240490205862547,Q117V
56,G,C,-0.145746487404718,G56C
40,N,K,0.731015803200175,N40K
41,W,Y,0.039668100686891,W41Y
129,A,I,-0.0354678266686082,A129I
28,P,Y,-0.100747614082863,P28Y
113,L,S,0.570315271224837,L113S
66,D,P,0.745016110660994,D66P
100,D,P,0.518163701286925,D100P
80,P,M,0.986185358712845,P80M
40,N,Y,0.519430044813361,N40Y
61,R,L,0.676466836874507,R61L
121,N,T,0.733057246385238,N121T
4,I,S,0.0677754049385497,I4S
115,G,R,-0.142664457584796,G115R
158,S,G,0.229619667684721,S158G
80,P,C,0.204457064124145,P80C
140,N,A,1.58339471954151,N140A
155,F,N,2.03325448981299,F155N
136,I,F,0.875923583608095,I136F
136,I,Q,0.806796781284759,I136Q
19,D,S,0.1049480486543,D19S
116,I,C,1.47281539094371,I116C
7,S,I,0.308905705534707,S7I
29,T,K,0.987866932095359,T29K
18,K,N,0.0408886466543088,K18N
74,K,D,1.33925371847342,K74D
60,L,K,0.104647003178347,L60K
45,I,P,0.325279231374145,I45P
32,P,W,0.775262632002861,P32W
87,Y,C,-0.0078282453134259,Y87C
37,N,Q,1.01416558225124,N37Q
122,E,G,0.442352088601573,E122G
15,A,P,-0.0583685540063201,A15P
134,Y,G,0.116859627236511,Y134G
113,L,C,0.927434524464086,L113C
71,S,M,0.250011017518332,S71M
60,L,C,1.0244062180882,L60C
43,C,N,0.681613128500979,C43N
83,H,R,-0.114408692746539,H83R
146,K,P,-0.0986945365528521,K146P
105,P,R,0.158679216145065,P105R
130,Q,E,0.367407609845528,Q130E
79,P,C,0.900339115249798,P79C
127,D,T,1.11133561901388,D127T
21,P,E,-0.0329038987687864,P21E
131,A,Q,1.17373676817711,A131Q
29,T,W,0.0670901029265315,T29W
77,F,G,-0.16551181311017,F77G
18,K,I,0.110796216234417,K18I
109,I,K,-0.205317974242311,I109K
57,L,Q,0.718432449675693,L57Q
21,P,N,0.262879189569657,P21N
109,I,L,0.717353661839585,I109L
157,P,N,0.620451041013018,P157N
81,L,P,0.108552226283987,L81P
37,N,I,0.534096252722513,N37I
134,Y,H,0.133174269548298,Y134H
73,P,Y,0.026228755767584,P73Y
139,Q,S,0.327819599895003,Q139S
45,I,S,0.188088161985773,I45S
93,C,M,0.134989918533677,C93M
89,S,I,1.00871619374211,S89I
93,C,V,0.480431415099829,C93V
51,T,H,0.264747470598712,T51H
68,Y,K,-0.112935814284944,Y68K
45,I,F,0.326547210160594,I45F
17,R,F,-0.0407263419472164,R17F
101,K,F,0.673692950381414,K101F
91,T,Q,0.94824013187093,T91Q
33,D,Q,0.0539349629059429,D33Q
155,F,D,0.395342259763834,F155D
50,G,N,1.46445391893442,G50N
155,F,A,0.330203273962386,F155A
121,N,L,0.179176720634213,N121L
98,E,V,0.496985233284358,E98V
83,H,M,-0.0142685857643279,H83M
13,R,L,0.12800745393771,R13L
29,T,Q,0.290689644516716,T29Q
76,K,T,1.3310793506552,K76T
152,A,V,0.0849394937112903,A152V
142,V,D,1.21568471810254,V142D
93,C,P,-0.178447307705369,C93P
126,Q,H,0.62253570943538,Q126H
25,V,W,0.330518945666473,V25W
122,E,V,0.883034645537879,E122V
69,P,D,0.0291490560751375,P69D
129,A,M,-0.090421976145789,A129M
113,L,G,0.0797816767786901,L113G
107,I,C,1.29219083591364,I107C
3,G,L,0.623230016244727,G3L
108,T,L,1.36019268956515,T108L
75,C,I,2.25110240823982,C75I
135,T,R,0.824072487558466,T135R
24,F,Y,0.73935640337761,F24Y
69,P,E,-0.0717615857660074,P69E
132,E,T,0.426505889464226,E132T
152,A,L,-0.089941777343692,A152L
19,D,V,0.30650429618505,D19V
145,E,I,0.514127836461349,E145I
119,L,N,0.0655461612244961,L119N
66,D,T,0.847980159873781,D66T
114,L,E,0.659333070864815,L114E
42,E,Q,0.534926000976584,E42Q
135,T,L,0.807378988871082,T135L
41,W,T,-0.0547945836913286,W41T
124,N,K,-0.0629137254875196,N124K
86,V,L,0.114909236414472,V86L
72,P,C,0.686244220808638,P72C
2,S,T,0.686336961515085,S2T
68,Y,H,0.375093662041756,Y68H
131,A,Y,0.68985639846361,A131Y
33,D,Y,0.0515268896752787,D33Y
4,I,E,0.786336771641747,I4E
46,P,M,0.14004433637398,P46M
80,P,E,0.653588701801841,P80E
13,R,N,-0.0422003990104483,R13N
122,E,A,0.76412618386234,E122A
127,D,H,0.0468155145621278,D127H
102,D,Q,-0.0762229094288774,D102Q
103,W,P,-0.159376047209401,W103P
136,I,A,0.717124520188271,I136A
159,Y,A,0.831934373226335,Y159A
145,E,K,0.406149298403775,E145K
117,Q,E,0.483922519920429,Q117E
17,R,D,-0.102543442396939,R17D
141,R,Y,0.625085959071979,R141Y
158,S,D,0.0648893095285463,S158D
149,R,N,0.506437325223227,R149N
45,I,T,0.634029014687713,I45T
111,Q,T,0.917536568727391,Q111T
140,N,W,-0.031760596616202,N140W
74,K,C,1.63076354130175,K74C
50,G,F,0.697078046657591,G50F
45,I,W,0.258200626119709,I45W
132,E,A,0.576297280338073,E132A
22,F,G,0.348257925880375,F22G
91,T,C,4.12237451280174,T91C
125,I,D,0.169097538554966,I125D
36,M,N,-0.185282457217934,M36N
23,G,T,-0.0977993657151277,G23T
65,K,W,0.0338632407720349,K65W
130,Q,L,0.738852000104135,Q130L
117,Q,K,0.37522172411876,Q117K
81,L,V,0.745683861738803,L81V
96,I,V,1.07172788352331,I96V
75,C,L,1.53641540247681,C75L
53,W,H,-0.0364276990391615,W53H
106,A,S,1.12528022636805,A106S
92,V,K,-0.0532616105005408,V92K
67,D,N,0.722584524169588,D67N
80,P,T,0.848347688835961,P80T
38,L,R,-0.190755480804962,L38R
83,H,A,0.0274411380011061,H83A
19,D,A,0.748315846881567,D19A
52,P,A,1.06541195815982,P52A
75,C,F,1.37417848917835,C75F
68,Y,P,0.0172094927339039,Y68P
104,R,Q,0.104449069813835,R104Q
127,D,E,0.670636143984526,D127E
51,T,R,-0.215532231830538,T51R
104,R,A,0.595532958866466,R104A
149,R,L,0.527182072022444,R149L
65,K,I,1.11650241069967,K65I
74,K,F,1.51879045709317,K74F
111,Q,C,1.34655974983675,Q111C
14,K,M,0.145843559386524,K14M
101,K,A,1.56818940573288,K101A
39,M,Y,0.501790899722352,M39Y
102,D,E,0.598222413733821,D102E
117,Q,S,0.706109555082533,Q117S
142,V,K,1.38090247769369,V142K
134,Y,W,0.287513930761705,Y134W
118,E,A,0.493678332236897,E118A
125,I,Y,0.0148882312128409,I125Y
80,P,A,1.01009792165881,P80A
128,P,K,-0.132464725317717,P128K
115,G,N,-0.0845372885307278,G115N
74,K,T,1.25568209434884,K74T
116,I,A,1.58815991519366,I116A
40,N,S,1.0238453100209,N40S
150,A,S,0.814945473600078,A150S
10,A,E,-0.05242790130846,A10E
121,N,W,0.483004765475607,N121W
111,Q,S,1.49075530903895,Q111S
34,G,E,0.514188560213777,G34E
151,Q,E,0.093269282168348,Q151E
68,Y,E,-0.0136063088690557,Y68E
108,T,I,1.24076225185395,T108I
30,K,A,0.530837100541569,K30A
104,R,V,0.133297259155758,R104V
34,G,Y,0.110324997536556,G34Y
33,D,T,0.108094897139985,D33T
4,I,W,0.423151134506685,I4W
12,E,P,0.0005390681580172,E12P
121,N,V,0.922795642481432,N121V
114,L,V,1.26256819164831,L114V
5,A,R,0.111021187312494,A5R
111,Q,A,1.04763261467177,Q111A
22,F,T,-0.0768508545232575,F22T
54,E,R,0.19988399613689,E54R
131,A,S,1.05047604157849,A131S
99,E,P,0.729079779510603,E99P
33,D,R,-0.067698811110501,D33R
7,S,D,0.193050506632705,S7D
10,A,Y,-0.0528134616141086,A10Y
28,P,H,0.325785653039761,P28H
59,K,T,0.753313830352194,K59T
76,K,P,-0.0445810857161555,K76P
129,A,E,-0.069060070014313,A129E
56,G,S,-0.0118834597981328,G56S
140,N,Q,0.982635110010107,N140Q
149,R,H,0.602281262314359,R149H
140,N,C,0.0701737679340348,N140C
46,P,T,0.229633703593684,P46T
97,L,T,2.9960741680552,L97T
18,K,Y,0.0368213750819001,K18Y
138,C,R,0.846541110882279,C138R
90,G,M,0.561432039600766,G90M
81,L,G,0.0557272681177678,L81G
114,L,K,0.702297137838541,L114K
16,W,L,0.145010001997611,W16L
99,E,N,0.458069760956664,E99N
48,K,P,1.21995072326417,K48P
5,A,Q,0.884330254283701,A5Q
122,E,I,0.433568610334239,E122I
48,K,S,0.0578074678907962,K48S
15,A,Q,1.10493021569122,A15Q
103,W,L,-0.0281297664785725,W103L
80,P,I,0.324733972674573,P80I
103,W,M,0.147994148252333,W103M
123,P,K,-0.235366338367498,P123K
133,A,R,0.0671998442545116,A133R
125,I,L,0.570359425619918,I125L
74,K,P,0.376416596821101,K74P
51,T,L,-0.0902407660578879,T51L
157,P,I,0.179016294580394,P157I
156,A,C,0.588671356885326,A156C
95,S,L,0.0639759540553056,S95L
78,E,N,1.04411345997683,E78N
79,P,N,1.33412408610825,P79N
53,W,S,-0.367961603384457,W53S
37,N,M,0.704779843809966,N37M
132,E,P,0.282902602623324,E132P
12,E,W,0.128127814335585,E12W
159,Y,L,0.832329996978087,Y159L
147,R,I,0.423695737413153,R147I
23,G,D,-0.0954225850061076,G23D
113,L,M,0.660383732877832,L113M
105,P,S,0.682595859802914,P105S
142,V,I,0.984744641248655,V142I
150,A,T,0.754219027745138,A150T
96,I,G,0.20519118323784,I96G
51,T,Q,1.0281795501777,T51Q
133,A,D,0.0451546924675729,A133D
124,N,G,0.241663848362798,N124G
17,R,K,0.62198380633551,R17K
86,V,C,0.471391685518299,V86C
56,G,D,-0.0306559956777527,G56D
52,P,S,0.963389645658787,P52S
126,Q,C,0.988961828371405,Q126C
71,S,R,0.421619405516674,S71R
55,G,F,1.26986904890293,G55F
101,K,L,0.97932209932195,K101L
121,N,F,0.0186485637143687,N121F
82,F,S,-0.0986377664653978,F82S
118,E,F,1.42817156275453,E118F
81,L,I,0.953761503115234,L81I
30,K,P,0.480303148279966,K30P
133,A,T,0.117898721973596,A133T
30,K,L,0.25587657385103,K30L
118,E,K,0.590691796476908,E118K
106,A,D,0.0551447558247699,A106D
15,A,G,0.589639172666588,A15G
159,Y,I,0.845556619296397,Y159I
13,R,K,0.102360324021131,R13K
143,E,N,0.73598147000241,E143N
27,V,Q,-0.0044149506256521,V27Q
72,P,A,0.92196982722603,P72A
135,T,H,0.109422823404575,T135H
136,I,E,0.737383283163189,I136E
126,Q,G,0.70761789176563,Q126G
72,P,N,0.857621344364636,P72N
3,G,F,0.696644515793672,G3F
85,N,P,-0.0136220543132794,N85P
19,D,P,0.149046924523749,D19P
37,N,T,0.770003653125149,N37T
72,P,W,0.0341919661558689,P72W
119,L,R,-0.0532681839785645,L119R
87,Y,D,-0.0624355930184179,Y87D
106,A,H,-0.0536399678819888,A106H
71,S,V,0.173104913680934,S71V
17,R,A,-0.0886160611778027,R17A
81,L,F,0.270871880102768,L81F
18,K,M,0.2971119528093,K18M
96,I,E,-0.160321919227311,I96E
23,G,F,0.0440415655101352,G23F
112,I,P,0.0078626523006902,I112P
71,S,P,0.259494673406979,S71P
110,K,E,0.293499721136903,K110E
35,T,Y,-0.020280886145649,T35Y
148,V,G,0.0006650869081579,V148G
90,G,V,-0.117871970418764,G90V
106,A,I,0.351528318967184,A106I
73,P,L,0.100680631930467,P73L
142,V,T,0.890890327363602,V142T
154,K,V,0.997434006133622,K154V
87,Y,N,-0.0131530702249152,Y87N
158,S,P,0.927008584361527,S158P
50,G,I,0.148037414560547,G50I
33,D,E,0.338192584490798,D33E
38,L,Y,0.936830711652235,L38Y
70,S,L,1.0200047355726,S70L
95,S,V,0.0221450983675606,S95V
117,Q,F,0.810876082757474,Q117F
130,Q,C,0.362644736005865,Q130C
124,N,C,0.745805748944218,N124C
85,N,D,-0.0827656120161686,N85D
159,Y,M,0.872871965361227,Y159M
149,R,C,0.17701461764058,R149C
43,C,W,0.228687736790422,C43W
86,V,Q,0.254995810700352,V86Q
44,A,N,0.4300074710636,A44N
4,I,H,0.634181780695082,I4H
61,R,N,1.00525029790373,R61N
139,Q,R,0.981609470603679,Q139R
58,F,P,0.212791379493375,F58P
34,G,C,0.360822614647834,G34C
101,K,N,1.28261728091517,K101N
26,A,V,-0.0181864197774337,A26V
90,G,F,0.0046687745626147,G90F
115,G,P,0.076593984696738,G115P
23,G,H,0.224975752484323,G23H
95,S,Y,0.187464913861828,S95Y
41,W,D,-0.122162172388605,W41D
44,A,F,0.0359668839988949,A44F
6,L,Y,1.09963012721605,L6Y
61,R,A,0.604993427051883,R61A
79,P,R,1.25359396356604,P79R
123,P,G,-0.154782958961299,P123G
104,R,G,0.0608334695361535,R104G
84,P,W,0.0620852037160936,P84W
53,W,F,0.17649801794639,W53F
141,R,N,0.939805858345929,R141N
115,G,I,-0.100880482622725,G115I
118,E,G,0.604047982355846,E118G
45,I,K,-0.0602161386569135,I45K
108,T,K,0.990239175377197,T108K
149,R,T,0.499629485310687,R149T
28,P,V,0.187456753540028,P28V
151,Q,M,-0.0061267756222853,Q151M
132,E,C,0.471321443416263,E132C
95,S,I,-0.119311177987458,S95I
154,K,M,0.48073489738974,K154M
123,P,R,-0.0132844270433621,P123R
65,K,Q,1.11682746226104,K65Q
72,P,M,-0.173825458531451,P72M
106,A,M,-0.185960709497705,A106M
93,C,K,0.0142337879713232,C93K
90,G,E,-0.182915558632397,G90E
94,L,F,0.557964705982741,L94F
107,I,N,1.15946357601468,I107N
93,C,F,-0.291792884839761,C93F
157,P,C,0.623790142215682,P157C
86,V,A,0.439489504272053,V86A
32,P,F,0.203159965420352,P32F
154,K,L,0.783689016467074,K154L
11,Q,E,0.654755934501087,Q11E
115,G,T,-0.210782009168823,G115T
147,R,Y,0.372428684705129,R147Y
118,E,T,0.541001822285079,E118T
15,A,N,0.445833810569639,A15N
40,N,R,0.521329738503596,N40R
124,N,R,0.0355816983049516,N124R
93,C,D,0.240030876938331,C93D
132,E,I,0.193378065771906,E132I
154,K,A,0.820276347796808,K154A
127,D,L,-0.089954131824004,D127L
71,S,C,0.642230028655781,S71C
58,F,C,0.12143842195118,F58C
20,H,C,0.127881177201158,H20C
132,E,V,0.392501773910465,E132V
33,D,A,0.0093274024901243,D33A
68,Y,L,-0.0065103337851426,Y68L
66,D,Q,0.712129123453955,D66Q
132,E,F,0.215350232433913,E132F
156,A,N,0.115845930260324,A156N
126,Q,A,0.728831617605122,Q126A
65,K,R,1.22096594994521,K65R
62,M,T,0.444476688958374,M62T
82,F,V,0.0265703570780406,F82V
151,Q,L,0.292733558060061,Q151L
130,Q,V,0.117017975135436,Q130V
54,E,V,0.446560575529975,E54V
156,A,Q,0.797832276902325,A156Q
35,T,S,1.16373802351556,T35S
91,T,M,0.605759183427523,T91M
91,T,V,1.41491939747389,T91V
46,P,G,0.347859006103619,P46G
21,P,C,0.0440260257491065,P21C
16,W,P,-0.0780259503192727,W16P
71,S,K,0.743431689823143,S71K
79,P,H,1.26823915701644,P79H
109,I,E,0.0017478145324307,I109E
62,M,Q,0.0885592831600802,M62Q
35,T,Q,0.0646561762116593,T35Q
7,S,H,0.287963905196312,S7H
127,D,K,-0.11229544857874,D127K
123,P,D,-0.0586322813164506,P123D
112,I,T,1.68687250354694,I112T
87,Y,W,0.209300452679328,Y87W
156,A,M,0.478469878334375,A156M
118,E,H,0.761601327664892,E118H
85,N,S,0.617558291994787,N85S
14,K,T,0.278609531528329,K14T
28,P,N,0.194266245953872,P28N
71,S,H,1.09694741295737,S71H
57,L,K,0.526768782977009,L57K
130,Q,Y,0.241315018763759,Q130Y
34,G,P,-0.284932205231951,G34P
103,W,A,-0.0760712313933727,W103A
86,V,W,0.0241249760101991,V86W
115,G,A,0.207242295042872,G115A
102,D,F,0.401962337417338,D102F
66,D,Y,0.3993284093322,D66Y
67,D,M,0.705433811303049,D67M
89,S,G,1.06895332746764,S89G
96,I,R,0.460576160336964,I96R
33,D,F,-0.0453596992483951,D33F
61,R,W,0.373466677537938,R61W
137,Y,D,-0.0093923131331646,Y137D
80,P,Q,0.543410399114622,P80Q
67,D,T,0.635691236404868,D67T
117,Q,Y,0.546620520834828,Q117Y
3,G,A,0.0650641058359258,G3A
19,D,K,0.198196561869062,D19K
89,S,E,1.1460514863621,S89E
25,V,L,0.532378075517805,V25L
117,Q,L,0.465608364357499,Q117L
26,A,D,0.060328377075857,A26D
154,K,C,-0.109001745696934,K154C
16,W,D,-0.0980069727461869,W16D
126,Q,L,0.661956901083228,Q126L
72,P,H,0.11946096759053,P72H
55,G,K,0.536283190299302,G55K
108,T,W,1.14556601263178,T108W
116,I,T,0.962026334001214,I116T
125,I,M,0.453545794314717,I125M
58,F,L,0.117630460245014,F58L
11,Q,R,0.976487865315213,Q11R
153,K,G,-0.0043242072354415,K153G
112,I,V,0.991545293118529,I112V
28,P,Q,0.0782012833458362,P28Q
54,E,C,0.0492601978004068,E54C
147,R,W,0.41201400704358,R147W
31,N,L,1.01885430155983,N31L
63,L,S,1.01885267143431,L63S
77,F,R,0.0099179901483412,F77R
114,L,R,0.521934774901865,L114R
127,D,V,-0.143849157756771,D127V
27,V,A,0.200280481374965,V27A
115,G,K,-0.334245502311728,G115K
12,E,L,0.104528826839027,E12L
131,A,F,0.0386719257749542,A131F
48,K,M,0.585071759244402,K48M
100,D,H,1.13103473538593,D100H
11,Q,Y,0.945221501611922,Q11Y
7,S,C,0.590890417490197,S7C
86,V,D,-0.0141705482350484,V86D
57,L,I,0.586394800899189,L57I
157,P,G,0.576639667374861,P157G
83,H,P,-0.0195847800864223,H83P
106,A,N,-0.0145797444509427,A106N
31,N,M,0.869778421477162,N31M
46,P,L,0.352420678861519,P46L
59,K,M,0.334529032902048,K59M
109,I,A,0.779713589872399,I109A
110,K,T,0.14704271652256,K110T
6,L,R,0.160532680953515,L6R
61,R,G,0.486676528813189,R61G
108,T,Q,1.43479153008898,T108Q
127,D,S,0.381470105858851,D127S
72,P,I,-0.083686024094451,P72I
54,E,S,0.746445302599296,E54S
103,W,D,-0.0732157613114778,W103D
90,G,I,-0.0030542013358205,G90I
101,K,S,0.949221287788295,K101S
147,R,N,0.151606722296721,R147N
10,A,M,1.13601209802344,A10M
113,L,I,0.823412240873333,L113I
90,G,Q,0.0642692534281031,G90Q
106,A,R,-0.102046430982751,A106R
2,S,N,0.392798058219799,S2N
105,P,C,0.802210182251486,P105C
92,V,R,0.0029881812364718,V92R
6,L,I,0.202298569459326,L6I
116,I,D,0.30657350102671,I116D
159,Y,N,0.898199280134565,Y159N
130,Q,S,0.448256559250746,Q130S
126,Q,E,0.924630076930238,Q126E
101,K,M,0.374416487871435,K101M
99,E,K,0.664057605196677,E99K
84,P,K,-0.1199508144081,P84K
97,L,C,3.84522020532449,L97C
18,K,Q,0.489506649441618,K18Q
22,F,V,0.0709273748146888,F22V
156,A,P,0.583103234033134,A156P
89,S,M,1.58785382113221,S89M
145,E,F,0.483047829313808,E145F
70,S,Q,0.311093254033778,S70Q
68,Y,N,-0.0861309511134426,Y68N
51,T,C,0.92589748717798,T51C
121,N,C,0.628212491200853,N121C
96,I,L,0.64504097076197,I96L
1,M,K,0.180156221770552,M1K
6,L,T,0.583587536529689,L6T
82,F,K,-0.110272475313081,F82K
96,I,H,0.199503466893084,I96H
49,K,W,0.429450142314598,K49W
15,A,T,0.871539116284262,A15T
69,P,A,0.0937746503408907,P69A
113,L,D,0.019289420150718,L113D
78,E,R,1.16074560682266,E78R
103,W,C,-0.118528473916463,W103C
65,K,G,0.699503845375102,K65G
155,F,L,0.549689287867264,F155L
108,T,M,1.10034485198416,T108M
60,L,G,0.446484165011169,L60G
76,K,N,1.38112017170155,K76N
31,N,F,0.457270897324147,N31F
104,R,E,0.18335117593412,R104E
33,D,H,-0.119266537236459,D33H
40,N,H,1.0247803271453,N40H
20,H,R,0.410075668754841,H20R
114,L,S,0.804043905895011,L114S
150,A,M,0.481193899443659,A150M
98,E,C,0.250113810064157,E98C
87,Y,A,0.0384282594445969,Y87A
97,L,I,1.5542919400328,L97I
1,M,S,0.268709831833284,M1S
41,W,F,0.188308854257898,W41F
36,M,Y,0.301243190217622,M36Y
116,I,Y,0.424100733900447,I116Y
114,L,D,0.502667777894847,L114D
9,L,H,-0.0472009702097802,L9H
48,K,T,0.662542376273888,K48T
27,V,L,0.851705177692629,V27L
85,N,E,0.189625965936149,N85E
67,D,F,1.22408285905299,D67F
110,K,M,0.214029643786688,K110M
87,Y,G,0.051846910141935,Y87G
31,N,Q,0.57583892154327,N31Q
154,K,R,0.926669401646312,K154R
74,K,S,1.55426022575232,K74S
12,E,M,0.171299571896139,E12M
88,P,Q,2.09061833385636,P88Q
58,F,V,0.451152192046845,F58V
38,L,W,0.379532708838851,L38W
112,I,D,0.169470288604381,I112D
78,E,F,0.105919374345721,E78F
141,R,D,0.623801596419387,R141D
94,L,W,0.124730480557397,L94W
88,P,G,0.820145064022943,P88G
30,K,W,0.0488690395976272,K30W
28,P,C,-0.0474659151674389,P28C
42,E,S,0.693392557982143,E42S
139,Q,V,0.0573950560692365,Q139V
120,L,I,0.338956668933465,L120I
59,K,G,0.397969748889973,K59G
10,A,N,1.03936070708006,A10N
28,P,R,0.381576446430092,P28R
7,S,T,0.646145915188495,S7T
81,L,N,-0.200005071629479,L81N
40,N,F,0.329584317502965,N40F
55,G,N,0.462267795824065,G55N
51,T,M,0.0045580535570536,T51M
139,Q,P,0.267884594322076,Q139P
34,G,D,0.560730886767541,G34D
158,S,H,0.665449119883451,S158H
5,A,K,0.250958273575772,A5K
122,E,K,0.404606279110494,E122K
72,P,V,0.167078414637418,P72V
111,Q,V,1.17256984183395,Q111V
48,K,G,0.0174707526922516,K48G
59,K,D,0.446885823466019,K59D
90,G,Y,0.780556472843891,G90Y
16,W,R,-0.0743516256015577,W16R
101,K,V,0.932890202409441,K101V
34,G,I,0.201771486043257,G34I
102,D,P,-0.0102308486019205,D102P
139,Q,H,0.681732190848015,Q139H
60,L,T,0.48978977623642,L60T
45,I,L,0.217766223500967,I45L
150,A,C,0.62072391309219,A150C
85,N,I,0.0463800919278481,N85I
151,Q,V,0.0027846945919315,Q151V
31,N,K,0.700370574374898,N31K
150,A,E,0.597048557999686,A150E
127,D,F,0.0809490348776333,D127F
128,P,D,0.0820919033772264,P128D
108,T,R,1.25641977293383,T108R
39,M,A,0.35012808154173,M39A
49,K,H,1.01466626329959,K49H
94,L,E,0.228777617179011,L94E
55,G,P,0.548071463771911,G55P
142,V,H,0.920797971437519,V142H
31,N,V,0.252742453714003,N31V
24,F,L,0.0956885611023603,F24L
154,K,P,-0.0368433776314254,K154P
114,L,M,0.880767762819579,L114M
117,Q,A,1.07891751574021,Q117A
17,R,G,-0.0132349084367525,R17G
76,K,H,1.41127023235697,K76H
116,I,V,0.880663528734752,I116V
152,A,R,-0.0506327354165515,A152R
68,Y,W,0.259320203402663,Y68W
67,D,A,0.785822358285611,D67A
145,E,D,0.907348413951825,E145D
153,K,A,1.48043211592132,K153A
36,M,E,0.147755002567839,M36E
34,G,N,0.319694080178939,G34N
20,H,L,0.0300850724160658,H20L
84,P,Y,0.0167568281139423,P84Y
109,I,C,0.255924114081802,I109C
64,F,E,0.171128308972294,F64E
16,W,F,0.5021514118833,W16F
21,P,Y,0.0743255117757472,P21Y
98,E,N,2.76286433897989,E98N
120,L,D,-0.199044832445721,L120D
129,A,S,0.164639808001055,A129S
1,M,L,0.477931032486363,M1L
137,Y,K,0.208267925207592,Y137K
52,P,W,0.691703551623885,P52W
129,A,T,-0.0013159377358073,A129T
43,C,K,-0.0263190380832154,C43K
110,K,Q,0.432148947280409,K110Q
149,R,V,0.46070198852235,R149V
50,G,K,1.07733971972357,G50K
99,E,I,0.0309137436382617,E99I
49,K,N,0.990064656547073,K49N
102,D,T,0.191295038860344,D102T
66,D,G,0.656587111778963,D66G
63,L,H,0.820284869235408,L63H
92,V,Q,-0.0980393619381508,V92Q
91,T,N,0.686014329833846,T91N
14,K,G,0.0542490869957143,K14G
138,C,H,0.438837372202179,C138H
122,E,D,0.86867259834107,E122D
2,S,C,1.40781732076587,S2C
19,D,I,0.0907088071507688,D19I
15,A,Y,1.77193396788244,A15Y
63,L,G,0.972757824898041,L63G
84,P,G,0.0351804399237953,P84G
22,F,Y,0.607023796296744,F22Y
95,S,G,-0.0311265501097767,S95G
140,N,P,0.606016188524432,N140P
44,A,Y,1.97983370095931,A44Y
120,L,M,0.688025274909913,L120M
12,E,Q,0.459315954552946,E12Q
49,K,E,1.04977255364736,K49E
123,P,H,-0.068684728265044,P123H
77,F,M,0.111216579382119,F77M
54,E,F,0.934723623653091,E54F
56,G,N,-0.0148078910645111,G56N
107,I,E,0.646505723731607,I107E
63,L,V,1.20758581853608,L63V
43,C,I,-0.0138908853709628,C43I
145,E,L,1.05299696178282,E145L
37,N,H,0.81672653853627,N37H
131,A,V,0.932090207817829,A131V
108,T,C,1.17138143519059,T108C
54,E,I,0.377259863123517,E54I
152,A,K,0.0031924570739932,A152K
137,Y,Q,0.172031556569729,Y137Q
137,Y,A,-0.0597855993674778,Y137A
90,G,N,-0.006759242055462,G90N
53,W,Q,0.012446575083672,W53Q
80,P,N,0.927529893414045,P80N
82,F,G,0.0844790037127134,F82G
40,N,T,0.525808289783274,N40T
68,Y,C,0.138747535370604,Y68C
63,L,N,0.672125466029279,L63N
154,K,T,0.724612204229753,K154T
96,I,A,0.011266732692462,I96A
65,K,T,1.21068694860852,K65T
53,W,C,0.0048297448154314,W53C
8,R,Y,0.451999031910365,R8Y
123,P,E,-0.162497918171584,P123E
129,A,P,0.0450640370248438,A129P
100,D,Q,0.695411092469253,D100Q
9,L,E,0.270638044922604,L9E
58,F,N,-0.0367579763247854,F58N
88,P,W,0.219694760751716,P88W
159,Y,R,0.831370551541446,Y159R
137,Y,N,-0.130714516865054,Y137N
50,G,D,0.242751293996661,G50D
85,N,C,0.0909950180383102,N85C
111,Q,W,1.1113764361755,Q111W
29,T,S,1.11079885187818,T29S
109,I,G,0.152086785520192,I109G
30,K,G,0.456875456694363,K30G
116,I,E,0.136290464618801,I116E
44,A,R,-0.0140504969625784,A44R
93,C,R,-0.018248500632963,C93R
102,D,A,0.885317037781825,D102A
86,V,R,-0.0222547952449021,V86R
115,G,M,0.0722301104562577,G115M
24,F,M,0.578995851130927,F24M
46,P,I,0.463080303113285,P46I
64,F,K,0.0210916840806743,F64K
137,Y,S,0.020471028015372,Y137S
9,L,V,-0.0460432611880876,L9V
32,P,Q,1.09826070886183,P32Q
69,P,M,-0.0476095210607765,P69M
38,L,H,-0.0896733511764954,L38H
86,V,F,0.792887438978563,V86F
94,L,S,0.346774817613126,L94S
80,P,L,0.424354759178926,P80L
79,P,S,1.12873170976444,P79S
1,M,N,0.233195064790451,M1N
96,I,T,1.38174424371154,I96T
34,G,W,0.325289925982294,G34W
130,Q,H,0.669952144704803,Q130H
24,F,G,0.282859151847771,F24G
63,L,F,0.947836926167384,L63F
136,I,D,0.611998693961684,I136D
12,E,K,0.0082753683310197,E12K
59,K,H,1.14339220877538,K59H
105,P,T,0.25009036045979,P105T
8,R,V,0.959223934288395,R8V
1,M,Q,0.247963560131295,M1Q
14,K,I,0.458833185203512,K14I
77,F,W,-0.0708363602183547,F77W
94,L,D,0.279200841590284,L94D
159,Y,K,0.833404296789098,Y159K
68,Y,V,0.0857834089962921,Y68V
75,C,Y,0.0450174091449946,C75Y
125,I,G,0.0048093355892111,I125G
77,F,N,-0.175010768853618,F77N
28,P,E,0.0113072501574664,P28E
49,K,C,0.368059653391606,K49C
86,V,T,-0.105246409501773,V86T
52,P,D,0.646893452651474,P52D
51,T,K,0.163249172169492,T51K
73,P,K,0.0081499711556445,P73K
117,Q,H,0.948294829462269,Q117H
36,M,T,-0.0990449763959991,M36T
92,V,I,0.304287608654593,V92I
5,A,M,0.854334365832228,A5M
91,T,D,0.259351552423331,T91D
1,M,I,0.248902423745489,M1I
150,A,D,0.848481877314252,A150D
145,E,N,1.35073199316386,E145N
82,F,D,0.0014210531950529,F82D
99,E,R,0.579581343961246,E99R
129,A,G,0.0864577423726706,A129G
133,A,E,-0.0484667297830117,A133E
36,M,Q,0.0498385733255232,M36Q
57,L,N,0.52280228253285,L57N
142,V,C,0.886752058479051,V142C
49,K,A,0.899400231382377,K49A
50,G,M,-0.0143687501009075,G50M
3,G,I,0.569940666191397,G3I
11,Q,V,0.87956927614317,Q11V
134,Y,N,0.113150816199488,Y134N
48,K,A,0.678504367742308,K48A
95,S,F,-0.0961441535056313,S95F
100,D,E,0.384809947418807,D100E
77,F,K,-0.017539872914405,F77K
39,M,K,0.277834384236506,M39K
11,Q,S,0.715560973407213,Q11S
118,E,M,0.583947588349476,E118M
87,Y,S,-0.0721057389417505,Y87S
69,P,H,0.0162813502112126,P69H
59,K,L,0.643803920413245,K59L
85,N,Y,-0.176369479370988,N85Y
104,R,T,0.400196700541738,R104T
23,G,L,0.221601208452631,G23L
139,Q,G,0.314640430206057,Q139G
71,S,W,1.1211381455774,S71W
82,F,C,0.0824927628776767,F82C
153,K,H,0.412099184940356,K153H
82,F,N,-0.0931933545374566,F82N
73,P,A,0.801217058090364,P73A
104,R,N,-0.0416983870555884,R104N
145,E,C,0.427031886822265,E145C
155,F,T,0.140631231358027,F155T
123,P,F,-0.046757152348925,P123F
83,H,E,-0.17390895602296,H83E
26,A,K,0.123624422681479,A26K
27,V,R,0.977970730741761,V27R
38,L,N,-0.100996914825464,L38N
56,G,H,0.280119291564675,G56H
5,A,C,1.46419890947495,A5C
86,V,Y,0.153996179848036,V86Y
119,L,S,0.166830457117799,L119S
41,W,R,-0.142297066044543,W41R
109,I,R,0.083596319576949,I109R
22,F,C,-0.0318503286767638,F22C
10,A,P,0.0882707022835557,A10P
28,P,D,0.183117909085517,P28D
17,R,W,0.0609085311299244,R17W
157,P,W,0.921583593100912,P157W
123,P,S,0.0102499420962692,P123S
133,A,W,0.0208112310448125,A133W
143,E,A,0.790494708195052,E143A
44,A,V,0.443653932258536,A44V
83,H,N,-0.0918918394547134,H83N
64,F,R,-0.0745834836374074,F64R
130,Q,W,0.876970810272949,Q130W
120,L,Y,0.276112234611967,L120Y
93,C,T,-0.194261700821666,C93T
70,S,I,1.18342392381492,S70I
22,F,D,0.236161964256499,F22D
109,I,Q,0.130762767096074,I109Q
1,M,G,0.289156862771227,M1G
41,W,H,0.5636267221623,W41H
90,G,A,0.139065229442208,G90A
83,H,G,0.0558173830585729,H83G
9,L,C,0.501959982116256,L9C
140,N,I,-0.142985334832767,N140I
104,R,K,0.696771165442987,R104K
149,R,M,0.519817348834856,R149M
85,N,A,0.401751923432412,N85A
109,I,M,0.733395051392398,I109M
46,P,K,0.25815569973381,P46K
85,N,G,-0.0364675212161162,N85G
131,A,L,0.668687820689163,A131L
138,C,Q,0.65837117405508,C138Q
49,K,G,0.990727947845402,K49G
155,F,G,0.251646288483734,F155G
143,E,V,0.559370439551079,E143V
103,W,E,-0.235289785988577,W103E
98,E,G,1.8553423784762,E98G
57,L,H,1.33552417100019,L57H
8,R,L,1.34099187867824,R8L
61,R,H,0.59752201416746,R61H
83,H,F,0.183904336146564,H83F
143,E,M,0.783553630766415,E143M
8,R,H,0.426519450660928,R8H
123,P,V,0.3588831556506,P123V
121,N,P,0.258055697692739,N121P
149,R,K,0.786383935477964,R149K
78,E,A,0.706865217032801,E78A
99,E,D,1.47711794500714,E99D
127,D,M,-0.0685940398563938,D127M
29,T,P,0.0946593272043331,T29P
18,K,W,0.0087029875159351,K18W
46,P,F,0.169816785526567,P46F
65,K,L,1.16814724438159,K65L
91,T,H,1.30540952752427,T91H
75,C,R,0.0803758388551438,C75R
69,P,S,0.0100038297668882,P69S
76,K,V,0.931903451515851,K76V
121,N,D,1.00701133670705,N121D
83,H,Q,0.0250365011638823,H83Q
152,A,C,0.0543477135601538,A152C
32,P,T,0.959081121957444,P32T
86,V,K,0.346161890067989,V86K
116,I,F,0.315825009494885,I116F
82,F,E,0.113587788088602,F82E
38,L,S,-0.0433552788430674,L38S
20,H,N,-0.115767389189638,H20N
4,I,L,0.42629331413639,I4L
90,G,P,0.243611611913842,G90P
158,S,L,0.74608493144211,S158L
9,L,R,-0.0593883065688452,L9R
158,S,Y,-0.0072631889897503,S158Y
42,E,V,0.902790907299037,E42V
60,L,W,0.073586949099196,L60W
101,K,W,0.371409837217599,K101W
70,S,C,0.953506456261661,S70C
122,E,F,0.648996605351616,E122F
151,Q,G,0.216994572573054,Q151G
84,P,F,-0.0127001891161988,P84F
131,A,N,0.984548416457989,A131N
55,G,D,1.03244468408679,G55D
95,S,D,-0.0850449835862885,S95D
57,L,A,0.200394011789732,L57A
80,P,K,0.640625260623817,P80K
73,P,F,0.0515571973814311,P73F
37,N,W,0.534990427192163,N37W
148,V,K,-0.0795721768998896,V148K
18,K,H,0.422981833086031,K18H
46,P,Y,0.290362532301366,P46Y
139,Q,E,0.863209823065257,Q139E
35,T,C,-0.0243798140802866,T35C
81,L,Q,-0.0542054681252897,L81Q
92,V,Y,0.0658399007539226,V92Y
63,L,R,0.848555111752389,L63R
38,L,A,0.309170995626125,L38A
63,L,I,0.74953473720466,L63I
87,Y,F,1.16378749501201,Y87F
86,V,S,0.565781507005651,V86S
154,K,D,0.784880824095474,K154D
50,G,W,0.168724550798091,G50W
25,V,N,0.0852441748968238,V25N
18,K,R,1.03372964504597,K18R
97,L,G,0.208491261465186,L97G
118,E,D,0.899616784594261,E118D
65,K,A,0.127118103788518,K65A
65,K,H,0.810331539605539,K65H
107,I,F,0.677208131542367,I107F
62,M,Y,0.217492244825335,M62Y
52,P,L,0.486879203932154,P52L
12,E,N,0.249439010285517,E12N
17,R,C,-0.104110977101928,R17C
139,Q,I,0.351464865681856,Q139I
152,A,H,0.0062524085538831,A152H
128,P,L,-0.185158413802989,P128L
32,P,E,0.629307001211776,P32E
148,V,M,0.0077472308671163,V148M
121,N,H,0.514328742941441,N121H
73,P,H,0.0087716377358675,P73H
109,I,S,0.0818010445655784,I109S
19,D,C,0.0666885128949625,D19C
102,D,M,0.797634766198785,D102M
65,K,Y,0.475503490353466,K65Y
12,E,T,-0.0438060274247741,E12T
9,L,N,0.778934103277875,L9N
45,I,M,0.891857601700182,I45M
143,E,L,0.590853464276175,E143L
1,M,T,-0.270830602040284,M1T
146,K,W,0.0215738822589206,K146W
20,H,P,-0.16354914489272,H20P
118,E,N,0.805501535205853,E118N
138,C,D,0.469198260799847,C138D
98,E,T,0.398701585010097,E98T
87,Y,P,-0.122025523326268,Y87P
99,E,G,1.19794419731541,E99G
67,D,Y,0.238939770306796,D67Y
21,P,D,0.0831857507469894,P21D
76,K,R,1.14059742904671,K76R
55,G,C,0.758382590022873,G55C
72,P,K,0.1126211260895,P72K
106,A,Y,-0.0992365342379456,A106Y
33,D,L,0.0629805780616575,D33L
97,L,K,-0.0178354708110754,L97K
118,E,V,0.741121955744896,E118V
66,D,K,0.515583649950258,D66K
3,G,R,0.214168429811784,G3R
88,P,H,1.11849506789113,P88H
67,D,L,0.30267885116623,D67L
97,L,R,0.0279811078462273,L97R
155,F,V,0.752570209012582,F155V
88,P,K,0.722318280328139,P88K
138,C,I,0.91444262955885,C138I
158,S,Q,0.743585571623902,S158Q
110,K,I,0.297899158921988,K110I
40,N,L,0.965590290825265,N40L
43,C,Q,0.0193758961457339,C43Q
74,K,E,1.42267095142586,K74E
152,A,T,0.335353502112665,A152T
142,V,F,0.779631839185237,V142F
116,I,G,0.131051011287391,I116G
154,K,Y,0.507628797241141,K154Y
5,A,W,0.592363957195122,A5W
145,E,V,0.952680055954073,E145V
73,P,N,-0.0120856914555153,P73N
80,P,H,0.832804521004232,P80H
73,P,G,-0.0804790769132073,P73G
147,R,P,0.0554202307466153,R147P
29,T,G,0.824298370194636,T29G
77,F,Y,0.0439382093238005,F77Y
23,G,E,0.48818907254625,G23E
62,M,V,0.829860059894137,M62V
9,L,D,1.28343110389292,L9D
24,F,W,0.14067298529062,F24W
133,A,H,0.114380631697852,A133H
49,K,T,0.413885892501187,K49T
72,P,S,0.632297207958831,P72S
70,S,F,0.528356789397845,S70F
131,A,P,0.618953806740779,A131P
25,V,K,0.489498988197955,V25K
5,A,D,0.15431286464298,A5D
29,T,Y,1.34110734341982,T29Y
148,V,Y,0.0204121877728891,V148Y
151,Q,I,0.455824738692255,Q151I
44,A,E,0.904755454910801,A44E
78,E,W,0.682875980617956,E78W
64,F,S,-0.156998200750379,F64S
53,W,L,-0.142072958264992,W53L
154,K,H,0.470131181879922,K154H
122,E,M,0.809374171604384,E122M
119,L,Y,1.18660066116545,L119Y
17,R,H,-0.0552231080909624,R17H
105,P,A,1.10560704885738,P105A
61,R,K,0.969919602792544,R61K
83,H,D,0.0695294209322873,H83D
73,P,T,0.617863637598703,P73T
83,H,W,0.0202531797898102,H83W
122,E,R,0.66711086552508,E122R
23,G,V,-0.126097814938683,G23V
28,P,F,0.175074918107539,P28F
144,Y,K,-0.0113111391188144,Y144K
22,F,N,0.0822126016649773,F22N
79,P,I,1.22246325326838,P79I
153,K,V,0.0755773025882962,K153V
16,W,H,0.0591651146793075,W16H
16,W,C,0.247130377642073,W16C
145,E,W,0.306064826424399,E145W
71,S,G,1.34044605832954,S71G
107,I,D,0.636176572254745,I107D
21,P,F,-0.221406549565313,P21F
3,G,V,0.577277938878407,G3V
100,D,T,0.939107460915563,D100T
115,G,S,-0.0532699191948625,G115S
82,F,P,0.0071763350151578,F82P
139,Q,T,0.823699512454282,Q139T
25,V,A,0.550458297570732,V25A
26,A,F,0.817175247088697,A26F
127,D,N,0.147059738039663,D127N
138,C,V,0.428067429274895,C138V
58,F,R,0.0845271760837557,F58R
9,L,T,0.0603255905596146,L9T
79,P,A,1.3899043294346,P79A
142,V,P,1.01290256306999,V142P
100,D,K,0.796094343010769,D100K
146,K,M,1.14061495859145,K146M
152,A,M,0.103042209353221,A152M
39,M,E,1.03167826749396,M39E
2,S,D,0.612962829009396,S2D
157,P,R,0.423378779870398,P157R
149,R,Q,0.899058225660971,R149Q
65,K,S,0.879698566836289,K65S
34,G,K,0.289914610564533,G34K
15,A,L,0.769848129531009,A15L
108,T,V,1.26870990528208,T108V
67,D,E,0.878395053685631,D67E
107,I,G,0.764888141005127,I107G
34,G,T,0.0764136650700072,G34T
144,Y,D,0.410577913103774,Y144D
157,P,F,0.751939086779613,P157F
56,G,E,-0.0386985656064489,G56E
10,A,I,0.240666980766087,A10I
68,Y,I,-0.0043013642353154,Y68I
99,E,T,0.176863363498497,E99T
56,G,T,-0.296477305673796,G56T
147,R,E,0.60281514487617,R147E
13,R,I,0.0339001572451351,R13I
29,T,R,1.12020825946878,T29R
27,V,E,0.0968350086884951,V27E
82,F,H,0.264263746393758,F82H
147,R,S,0.947347120800994,R147S
123,P,Q,-0.124585304056904,P123Q
63,L,D,1.02018017328727,L63D
13,R,Q,0.336139745688623,R13Q
153,K,Q,0.518478709197171,K153Q
150,A,K,0.892528052529815,A150K
47,G,I,0.15694755956587,G47I
137,Y,M,0.712465094094456,Y137M
102,D,W,0.591088593552499,D102W
105,P,K,-0.0831673567763803,P105K
111,Q,N,1.00496209983918,Q111N
54,E,G,0.685326149298353,E54G
75,C,W,0.165458576689636,C75W
70,S,A,0.970557808298158,S70A
48,K,L,0.840567138371996,K48L
146,K,Y,0.790639945353036,K146Y
148,V,F,-0.224862618419266,V148F
144,Y,C,-0.125156274276809,Y144C
144,Y,W,0.214495688820196,Y144W
113,L,W,0.0684967186662236,L113W
98,E,Y,2.42785192611033,E98Y
67,D,R,0.358969022301769,D67R
137,Y,F,0.47238947866707,Y137F
119,L,K,-0.0197964495008546,L119K
109,I,F,0.351211697302016,I109F
69,P,L,0.0109663436171336,P69L
153,K,M,0.935570955748906,K153M
24,F,E,0.335401791217849,F24E
118,E,P,0.152609012035473,E118P
11,Q,H,0.799968571055267,Q11H
13,R,P,-0.0240638575474794,R13P
55,G,M,0.850385616050693,G55M
5,A,E,0.694931510434894,A5E
112,I,E,0.0877443284839025,I112E
11,Q,G,0.426183091349988,Q11G
6,L,Q,0.655484280672497,L6Q
139,Q,W,0.542420600060923,Q139W
125,I,W,0.592833848696727,I125W
86,V,M,0.798638006689584,V86M
5,A,Y,0.895039429470918,A5Y
23,G,Y,0.507492248971196,G23Y
55,G,W,0.510013928680078,G55W
71,S,D,1.71971230601345,S71D
8,R,C,0.542739894204021,R8C
76,K,M,0.893394629711023,K76M
80,P,V,0.305073193573465,P80V
90,G,T,0.0795589254481971,G90T
45,I,D,0.0899978645667031,I45D
156,A,I,0.426313113381682,A156I
122,E,Q,0.832341637579888,E122Q
45,I,R,0.192878987026385,I45R
133,A,Y,0.198299527693653,A133Y
96,I,P,-0.0444454250319469,I96P
77,F,C,0.0328316435082145,F77C
133,A,V,0.14609339621234,A133V
2,S,W,0.015454654155927,S2W
44,A,P,-0.0899305179842243,A44P
144,Y,V,-0.044182183343663,Y144V
13,R,H,0.103991791495559,R13H
79,P,W,1.16979044149239,P79W
52,P,Y,0.726988370179985,P52Y
48,K,I,0.309514619106197,K48I
74,K,G,1.30345686915592,K74G
16,W,E,0.0116431275420144,W16E
137,Y,R,0.0227269652849956,Y137R
13,R,T,-0.0989908456578347,R13T
91,T,R,0.465894945042027,T91R
14,K,Q,0.105953866729123,K14Q
52,P,G,1.18962532387928,P52G
78,E,T,0.608619638614109,E78T
156,A,W,0.475175148595886,A156W
152,A,N,0.531134145061094,A152N
151,Q,A,0.0289308381916224,Q151A
15,A,F,0.786482626213488,A15F
123,P,C,0.0929846970131441,P123C
15,A,D,1.31423444862036,A15D
128,P,Q,-0.014172180936556,P128Q
65,K,N,1.30430645717544,K65N
95,S,E,0.11135845457364,S95E
17,R,M,0.0387434091951365,R17M
39,M,I,0.269516080994173,M39I
101,K,C,0.99186351687028,K101C
87,Y,M,0.376768073865109,Y87M
98,E,K,1.19356664894287,E98K
19,D,R,0.0958238765982946,D19R
44,A,L,0.667249787882675,A44L
104,R,L,0.0535603911533956,R104L
112,I,W,0.0521021148965242,I112W
76,K,F,1.40646084457629,K76F
150,A,G,0.847092492682735,A150G
16,W,V,-0.0053066454357576,W16V
2,S,E,0.688039206768545,S2E
95,S,T,0.502778583819514,S95T
123,P,Y,0.0924859823168772,P123Y
34,G,V,0.117084763846572,G34V
114,L,Y,0.820474457311316,L114Y
24,F,R,-0.0118547240816604,F24R
18,K,G,0.288239929528564,K18G
45,I,G,0.0589573402528466,I45G
133,A,P,0.697017754892134,A133P
155,F,W,-0.0758807730398752,F155W
62,M,I,0.560640793871029,M62I
135,T,V,1.2039497047063,T135V
59,K,I,0.594324549658769,K59I
125,I,P,0.332498782717419,I125P
59,K,V,0.794415955224765,K59V
119,L,Q,-0.001691243862535,L119Q
31,N,P,0.347220592376311,N31P
62,M,W,-0.0799557129570579,M62W
49,K,R,1.08492897586313,K49R
114,L,T,0.848487328026987,L114T
129,A,Y,0.171836924856966,A129Y
150,A,W,0.490948749583856,A150W
8,R,K,-0.160780124965073,R8K
71,S,E,1.83653575661081,S71E
151,Q,T,0.101888836539949,Q151T
84,P,N,0.87519145708115,P84N
41,W,M,0.326832385798774,W41M
16,W,I,0.0171094709801945,W16I
96,I,K,0.0762130856289118,I96K
90,G,C,0.276199256062774,G90C
32,P,C,0.492032574771173,P32C
50,G,C,0.487703708033033,G50C
150,A,L,0.966663549164209,A150L
139,Q,K,0.598424387362899,Q139K
104,R,W,0.0541696965787018,R104W
105,P,N,-0.0903271851156518,P105N
75,C,E,0.0303447358658298,C75E
85,N,V,0.186335942426966,N85V
141,R,G,0.357433004501021,R141G
48,K,H,0.446746987192199,K48H
84,P,E,-0.0097760073046436,P84E
129,A,R,0.0088523458261386,A129R
88,P,M,0.864357646966211,P88M
94,L,N,0.0932288062456447,L94N
42,E,Y,0.800127040600527,E42Y
75,C,M,0.701624002098068,C75M
86,V,H,0.473828689052775,V86H
150,A,V,0.726094796343982,A150V
15,A,K,1.20167874731154,A15K
93,C,Y,-0.0006542377061672,C93Y
143,E,F,0.279325863058264,E143F
91,T,Y,0.674127793250178,T91Y
117,Q,P,0.377373642316542,Q117P
112,I,F,1.28725306111335,I112F
24,F,D,0.745587869690418,F24D
64,F,C,0.375326356031695,F64C
78,E,V,1.39442097596776,E78V
42,E,L,0.195205816009716,E42L
81,L,M,0.643200370828397,L81M
69,P,C,0.0473270323363743,P69C
80,P,S,0.581278429061819,P80S
103,W,R,-0.200410361747769,W103R
110,K,A,0.0764328717649989,K110A
141,R,P,0.917894231934149,R141P
28,P,I,-0.0275190238913205,P28I
9,L,S,-0.0995399593957943,L9S
119,L,G,-0.0074766067690509,L119G
87,Y,R,-0.0601685927333728,Y87R
59,K,N,0.792856318417457,K59N
21,P,K,0.214946679597198,P21K
55,G,E,0.746448838692697,G55E
114,L,I,0.731441213443655,L114I
41,W,V,0.135389172739259,W41V
85,N,W,0.0507589467702566,N85W
7,S,Q,0.51913808201086,S7Q
18,K,P,-0.108115719914114,K18P
123,P,N,-0.0788381706659036,P123N
47,G,C,0.799113567171968,G47C
120,L,S,0.0166822489372918,L120S
142,V,W,0.605573857691982,V142W
18,K,D,0.0608052700826975,K18D
79,P,E,1.10067073644442,P79E
43,C,R,-0.103213822666695,C43R
127,D,A,0.135660873511661,D127A
43,C,D,0.305138503425868,C43D
26,A,R,0.019156253463305,A26R
63,L,Q,1.09214982269911,L63Q
99,E,V,0.645252154316831,E99V
135,T,W,0.843463536833762,T135W
146,K,V,0.944366605413317,K146V
6,L,M,1.38860982043309,L6M
35,T,V,0.0291452462103011,T35V
116,I,H,0.54041186654692,I116H
20,H,A,-0.272086896713389,H20A
116,I,K,-0.175685978496003,I116K
53,W,T,-0.0937544801930925,W53T
90,G,W,-0.0944131226067795,G90W
30,K,H,0.494340139081425,K30H
53,W,V,0.157693427791654,W53V
97,L,P,0.631041278235559,L97P
58,F,K,0.125587039147652,F58K
157,P,S,0.801862434414517,P157S
89,S,R,0.17096495822979,S89R
65,K,V,0.279255108529265,K65V
54,E,Q,0.79074041893601,E54Q
74,K,M,1.5231283185954,K74M
102,D,R,0.0078388029431034,D102R
46,P,H,0.31185320809921,P46H
133,A,N,-0.0473078789142012,A133N
44,A,W,0.454807946366045,A44W
103,W,Y,1.25832215099736,W103Y
17,R,V,-0.109176754488193,R17V
24,F,N,0.162810591664959,F24N
77,F,I,0.0564919809482377,F77I
32,P,R,1.3441235629091,P32R
76,K,G,0.974082464183898,K76G
156,A,L,0.266667534629491,A156L
13,R,E,0.0454880521675639,R13E
5,A,P,0.364526359513305,A5P
69,P,R,-0.087962524197924,P69R
89,S,W,0.475127107487921,S89W
12,E,G,-0.0139932491074779,E12G
7,S,E,0.47823956563859,S7E
105,P,D,-0.0443202751817974,P105D
23,G,W,0.323032470480766,G23W
76,K,A,1.22137524321781,K76A
106,A,F,-0.0579027574374744,A106F
36,M,L,1.04215248280277,M36L
56,G,R,-0.0397371995050708,G56R
75,C,A,0.602831871118988,C75A
148,V,E,0.0140960195755485,V148E
131,A,H,0.606261452798075,A131H
4,I,V,0.379675476790024,I4V
56,G,P,0.471732544178699,G56P
27,V,G,0.388396550607926,V27G
151,Q,K,0.151123279317413,Q151K
49,K,F,0.889376235203986,K49F
94,L,G,-0.153814954607882,L94G
6,L,H,0.430940283819943,L6H
157,P,Q,0.975776696516426,P157Q
20,H,Y,0.0265660829707649,H20Y
4,I,C,0.733806235000786,I4C
51,T,W,-0.0154014603320506,T51W
101,K,D,1.01243367736791,K101D
111,Q,R,1.39643452681045,Q111R
106,A,T,0.852279093288322,A106T
156,A,G,0.415443028276291,A156G
5,A,N,0.793307295734703,A5N
115,G,L,-0.0999941371561198,G115L
138,C,N,1.34103304868672,C138N
14,K,C,1.06231621428165,K14C
117,Q,G,0.78402631252714,Q117G
78,E,I,0.599513507019726,E78I
60,L,I,0.954089595187177,L60I
82,F,L,0.117698150803354,F82L
32,P,V,0.636905889033642,P32V
97,L,M,0.758053590309391,L97M
149,R,Y,0.401665811522246,R149Y
101,K,I,0.422960997780852,K101I
28,P,M,0.132854351927185,P28M
67,D,Q,0.592213152852193,D67Q
3,G,C,0.80382293346821,G3C
111,Q,H,1.12829545783532,Q111H
98,E,L,0.63560508852685,E98L
47,G,T,0.169843101238561,G47T
157,P,M,0.345251162362188,P157M
41,W,A,0.425773254337894,W41A
111,Q,I,1.1574659827088,Q111I
133,A,C,0.517151773782618,A133C
130,Q,F,0.30091926765163,Q130F
150,A,P,0.45829712670377,A150P
125,I,F,0.556018424814223,I125F
110,K,G,0.155486255237448,K110G
94,L,C,0.399405974143998,L94C
18,K,L,0.0713618712045889,K18L
47,G,A,0.101368419389965,G47A
12,E,I,-0.0418134035241461,E12I
134,Y,R,-0.130910630010679,Y134R
51,T,D,0.0125097693470039,T51D
3,G,Q,0.181138608694956,G3Q
26,A,T,-0.242508754980008,A26T
78,E,L,0.60331937948617,E78L
88,P,N,0.454216749957994,P88N
28,P,W,-0.152274094708774,P28W
157,P,A,0.941104424236251,P157A
33,D,M,0.11713329708459,D33M
1,M,R,-0.0835684984460776,M1R
111,Q,E,0.80423038314042,Q111E
23,G,A,0.263042320360764,G23A
91,T,K,0.159072901134952,T91K
121,N,Y,0.496434855554016,N121Y
96,I,N,-0.000127371410396,I96N
46,P,C,0.55114130723064,P46C
43,C,A,0.757400929936087,C43A
148,V,D,-0.183898339414789,V148D
14,K,F,0.253080094996661,K14F
73,P,R,0.0402648109353499,P73R
15,A,M,0.255738070942249,A15M
150,A,Q,2.01119351612727,A150Q
60,L,R,0.110245125903559,L60R
125,I,C,0.683427265691787,I125C
56,G,Y,0.0673421742870824,G56Y
106,A,L,0.345341521313137,A106L
75,C,S,0.770122285714418,C75S
92,V,C,0.394453698457047,V92C
138,C,L,0.309012693086907,C138L
35,T,F,-0.140699503901043,T35F
38,L,I,0.550862819324849,L38I
115,G,C,0.218882796148057,G115C
90,G,R,-0.0792454179337079,G90R
149,R,G,0.22774026472931,R149G
74,K,R,1.08724875569426,K74R
12,E,R,0.0113446420820754,E12R
117,Q,N,0.553449977741272,Q117N
28,P,A,0.615254530575244,P28A
3,G,M,1.47168918568648,G3M
30,K,M,0.497607271327977,K30M
146,K,S,1.35576735483418,K146S
56,G,K,0.165708885716957,G56K
42,E,K,0.812129989029903,E42K
51,T,V,-0.0341198467299817,T51V
158,S,A,1.06163776399723,S158A
153,K,Y,0.153890841152578,K153Y
26,A,I,0.279829502227339,A26I
137,Y,H,0.0718500526351481,Y137H
139,Q,F,0.336151187362365,Q139F
146,K,I,0.70239549748977,K146I
51,T,A,-0.0125133335803527,T51A
81,L,H,-0.112074846120033,L81H
20,H,M,-0.10610571925111,H20M
140,N,H,0.54260952401946,N140H
130,Q,T,0.437777983056172,Q130T
134,Y,C,0.328641079896213,Y134C
31,N,C,0.698776507977627,N31C
75,C,D,0.0537665572558717,C75D
105,P,V,0.368224369040152,P105V
140,N,R,0.568855691890137,N140R
124,N,V,0.0212244051685533,N124V
89,S,C,1.7304689142621,S89C
145,E,Q,0.650226034979706,E145Q
150,A,Y,0.940092943119777,A150Y
125,I,Q,0.26386507504522,I125Q
63,L,P,-0.0902154597262282,L63P
144,Y,E,-0.0380478468341252,Y144E
100,D,S,2.59239407045988,D100S
22,F,S,0.0714127390278192,F22S
120,L,C,0.159730124213878,L120C
41,W,P,0.0205011927195724,W41P
134,Y,K,0.0923056331519558,Y134K
86,V,N,-0.0985304612585578,V86N
129,A,N,-0.323059194439972,A129N
63,L,W,-0.0776290775964513,L63W
51,T,E,-0.0031442780390789,T51E
155,F,E,0.0099975305893409,F155E
94,L,M,0.0994701774628483,L94M
20,H,S,-0.0815811636823209,H20S
40,N,V,0.758558890750004,N40V
147,R,G,0.0727830680721583,R147G
58,F,W,0.0599523730005122,F58W
128,P,E,0.0474508875837285,P128E
97,L,V,1.18171896196094,L97V
142,V,R,1.02224975081966,V142R
110,K,L,0.18154136993984,K110L
146,K,T,0.970293003519641,K146T
2,S,R,0.121281329056888,S2R
84,P,D,0.292411192335034,P84D
91,T,G,2.01907220985998,T91G
132,E,W,0.15319840105349,E132W
11,Q,P,0.683142086782039,Q11P
35,T,E,-0.163079238993359,T35E
29,T,M,0.731422814419367,T29M
129,A,C,0.0985485617862728,A129C
13,R,D,0.0188292561442918,R13D
70,S,T,0.784346259828493,S70T
122,E,H,0.619917728754245,E122H
154,K,E,0.702318164860134,K154E
104,R,D,0.219141325686162,R104D
136,I,S,0.83941277914794,I136S
75,C,P,1.36345184585128,C75P
61,R,S,0.775410382414488,R61S
92,V,H,-0.0572495842594452,V92H
124,N,F,0.420597271853089,N124F
158,S,V,0.705562673852595,S158V
89,S,H,2.39834783761743,S89H
98,E,P,0.652571960808762,E98P
11,Q,D,0.814391134730749,Q11D
22,F,K,-0.0627159326922859,F22K
144,Y,A,-0.178829427316903,Y144A
159,Y,V,0.841661026340955,Y159V
29,T,A,0.55144007482579,T29A
17,R,Q,0.0191250179033665,R17Q
31,N,D,0.182381749276503,N31D
136,I,T,0.511875260387847,I136T
74,K,Q,1.16667266269651,K74Q
13,R,V,-0.0826355149537145,R13V
84,P,M,1.17465957823719,P84M
149,R,P,0.141145181595736,R149P
144,Y,H,0.0250691556431975,Y144H
156,A,E,0.97385675586257,A156E
13,R,G,-0.122376608772114,R13G
133,A,M,-0.0409650942105176,A133M
10,A,S,0.612813342845852,A10S
17,R,L,-0.0435482213893136,R17L
50,G,S,0.835830950211702,G50S
75,C,Q,-0.0238334830893245,C75Q
21,P,Q,-0.290901802387776,P21Q
22,F,E,-0.0558943494682725,F22E
119,L,A,-0.106216307102529,L119A
66,D,S,0.556926625493696,D66S
72,P,R,0.195726484843649,P72R
127,D,I,-0.155982857749117,D127I
58,F,S,0.0151940339619676,F58S
120,L,A,0.19535587295596,L120A
135,T,N,0.360439608417888,T135N
28,P,G,1.37534937857877,P28G
144,Y,L,-0.0351834191185521,Y144L
81,L,S,0.035188690002599,L81S
122,E,T,1.00076136909493,E122T
12,E,F,-0.0117240187779173,E12F
118,E,W,0.409177655732417,E118W
22,F,Q,0.0483094253929926,F22Q
158,S,E,0.19928615871866,S158E
48,K,Y,-0.0107305398157309,K48Y
135,T,I,0.713182351905262,T135I
121,N,E,0.837761792176258,N121E
22,F,L,0.108100691419507,F22L
20,H,I,0.142411024305159,H20I
53,W,A,-0.0807992645878537,W53A
126,Q,R,1.07903641976517,Q126R
15,A,I,0.602233226772533,A15I
143,E,G,0.48614567388389,E143G
115,G,W,-0.107735100227676,G115W
77,F,E,0.0352373966280532,F77E
125,I,N,0.436695202915275,I125N
41,W,N,0.340309234023233,W41N
1,M,H,0.219723316423707,M1H
132,E,S,0.356630134334343,E132S
13,R,M,-0.0250455850029939,R13M
52,P,F,0.599042533105899,P52F
7,S,Y,0.286989446511381,S7Y
58,F,H,0.02481107389934,F58H
58,F,I,0.15355489469216,F58I
148,V,P,0.116456129873495,V148P
126,Q,I,0.832910099046139,Q126I
128,P,R,0.654730084395598,P128R
64,F,V,0.800759261048598,F64V
40,N,G,0.102619041031688,N40G
48,K,F,0.623066792804574,K48F
153,K,R,0.969071370360585,K153R
17,R,N,-0.0351836712300047,R17N
24,F,C,0.392131055639121,F24C
98,E,F,0.390324465570091,E98F
29,T,V,0.297744491536672,T29V
18,K,V,0.837944870001551,K18V
86,V,I,0.398146070400819,V86I
52,P,R,0.542246795581871,P52R
32,P,L,1.06012677843705,P32L
111,Q,K,1.4098600997002,Q111K
124,N,A,0.17187317742514,N124A
37,N,Y,1.0368189962213,N37Y
35,T,R,-0.0223660262279362,T35R
137,Y,L,0.262687346718283,Y137L
17,R,T,-0.0609491579367562,R17T
47,G,V,-0.178032896833697,G47V
116,I,M,1.21224471435103,I116M
32,P,Y,0.985867729088663,P32Y
41,W,E,0.388123697658177,W41E
69,P,Q,-0.0712938642303481,P69Q
25,V,R,0.896894303856216,V25R
31,N,S,0.69466921767957,N31S
46,P,V,0.488118178023972,P46V
22,F,W,0.0858575984235661,F22W
114,L,P,1.10369379129944,L114P
140,N,S,0.586518515050899,N140S
128,P,A,0.946475569597052,P128A
157,P,Y,0.515542305261578,P157Y
79,P,T,0.949228022374281,P79T
36,M,H,0.170333991531314,M36H
143,E,P,0.170221848129917,E143P
42,E,I,0.0355748089561926,E42I
117,Q,R,0.694771483524045,Q117R
17,R,E,0.0459124552783449,R17E
140,N,L,0.007120669582742,N140L
107,I,L,1.06810196475377,I107L
102,D,K,0.339720763858922,D102K
122,E,Y,0.724407001206461,E122Y
43,C,Y,0.119930889908017,C43Y
39,M,V,0.902911766015847,M39V
21,P,I,-0.0926497036706437,P21I
108,T,F,1.40258006664414,T108F
29,T,F,1.30560321911497,T29F
100,D,G,0.900872232554766,D100G
70,S,G,1.05033334561889,S70G
158,S,M,1.11469582299352,S158M
150,A,R,0.787675417159644,A150R
5,A,V,0.964165322342376,A5V
54,E,M,0.808486658636244,E54M
4,I,T,0.261677189058447,I4T
134,Y,Q,0.149954430754302,Y134Q
50,G,V,0.428375662769797,G50V
68,Y,A,0.0944989532473514,Y68A
33,D,N,0.339995593842248,D33N
154,K,W,0.198751394656524,K154W
107,I,T,0.571246333232084,I107T
16,W,S,0.12260360071334,W16S
83,H,S,-0.0155555199228162,H83S
101,K,T,0.885723749339098,K101T
68,Y,R,0.319988120936017,Y68R
154,K,G,0.0300497710098384,K154G
145,E,A,0.793060743126414,E145A
66,D,A,0.700971851870986,D66A
106,A,K,-0.15426252190986,A106K
148,V,Q,-0.0307589157630171,V148Q
4,I,K,0.217289996059697,I4K
158,S,N,0.74498009048759,S158N
49,K,M,0.493071523191209,K49M
24,F,V,0.173023252437902,F24V
143,E,Y,0.552949615448214,E143Y
62,M,S,0.0736285905753427,M62S
89,S,D,0.892279186479243,S89D
93,C,G,0.0135764753518395,C93G
158,S,F,0.495780020105979,S158F
100,D,A,0.960112992389116,D100A
117,Q,T,0.8103118158731,Q117T
60,L,V,0.484540545199943,L60V
109,I,V,0.74802156753293,I109V
135,T,M,0.552012129634141,T135M
41,W,C,-0.325320517224166,W41C
84,P,R,0.0135877679504886,P84R
27,V,Y,0.614353492253358,V27Y
51,T,S,0.870323421749183,T51S
34,G,F,0.0924434738328694,G34F
154,K,N,0.547810677085432,K154N
59,K,P,0.48387697020081,K59P
47,G,M,0.336532872893451,G47M
22,F,R,-0.134310978376127,F22R
73,P,V,1.02413945364645,P73V
92,V,P,0.372674122443918,V92P
57,L,Y,0.290902744908674,L57Y
135,T,D,0.330240930290552,T135D
108,T,E,1.00391661679799,T108E
97,L,F,0.331251101180769,L97F
130,Q,N,0.881488107986739,Q130N
125,I,V,0.677286050509283,I125V
7,S,A,-0.0445762656462839,S7A
124,N,Y,0.535928460151801,N124Y
122,E,W,0.405738565767072,E122W
11,Q,F,0.368338883410486,Q11F
118,E,C,0.558712444605955,E118C
113,L,V,0.74699058044571,L113V
143,E,S,0.936254045514098,E143S
10,A,T,0.683773690568073,A10T
93,C,L,0.0817934636224323,C93L
156,A,R,0.851987817499394,A156R
117,Q,W,0.363401844689814,Q117W
42,E,W,0.443099854656658,E42W
67,D,H,1.27377027128106,D67H
103,W,S,-0.0569937565847758,W103S
110,K,V,0.555156960759055,K110V
50,G,E,0.995978376616985,G50E
59,K,C,0.865997318134342,K59C
147,R,D,-0.0334157638568214,R147D
119,L,F,1.67921270820067,L119F
83,H,L,0.0370247497048777,H83L
38,L,Q,-0.130406961963909,L38Q
4,I,R,0.537777441934394,I4R
34,G,S,0.230555885212977,G34S
93,C,E,0.19940254286944,C93E
77,F,H,-0.0575126412438576,F77H
21,P,M,0.198724369985305,P21M
154,K,I,0.366739289097445,K154I
153,K,C,0.496161110370333,K153C
43,C,G,0.726702486930948,C43G
108,T,Y,1.6897465844664,T108Y
38,L,G,0.009784537678734,L38G
111,Q,M,0.953945735146254,Q111M
112,I,N,0.924444806648419,I112N
8,R,I,-0.103705155110425,R8I
156,A,T,0.657066702754445,A156T
130,Q,I,0.01856082888195,Q130I
138,C,F,0.43549697678965,C138F
72,P,L,-0.0733209131294391,P72L
61,R,Q,0.734503951983459,R61Q
124,N,S,0.235251689805507,N124S
144,Y,F,0.109726986019869,Y144F
55,G,T,0.154032566670492,G55T
63,L,A,0.679034989813836,L63A
59,K,S,0.82474294775781,K59S
6,L,G,0.616282520019444,L6G
137,Y,I,0.230140749886368,Y137I
88,P,E,1.72569501694822,P88E
102,D,G,1.3490458362575,D102G
39,M,H,0.481885697471724,M39H
125,I,T,0.484139628524991,I125T
15,A,C,0.856048718721435,A15C
95,S,M,-0.0495965613301629,S95M
4,I,N,0.235152628156999,I4N
67,D,I,0.167598551976061,D67I
48,K,Q,0.526741525022388,K48Q
19,D,M,0.413081766683575,D19M
137,Y,P,-0.102624825195755,Y137P
140,N,D,1.04297234031463,N140D
128,P,H,0.0025481493204642,P128H
98,E,S,3.52917382745556,E98S
1,M,F,0.304648030971264,M1F
96,I,C,0.0582891632066855,I96C
39,M,W,0.45460088007814,M39W
57,L,W,0.400870449113046,L57W
53,W,M,0.0845491763979356,W53M
146,K,L,0.621823027660786,K146L
111,Q,D,0.852074353714273,Q111D
129,A,H,0.078317738700949,A129H
109,I,D,0.0379542658102957,I109D
141,R,I,0.727026706541492,R141I
110,K,C,0.246075428169268,K110C
158,S,C,0.385057316669017,S158C
143,E,D,0.691755941533476,E143D
68,Y,D,-0.183056161707948,Y68D
52,P,I,0.687691508553519,P52I
63,L,K,0.912010678585918,L63K
116,I,R,0.157268992310731,I116R
65,K,E,1.35723901430025,K65E
104,R,P,-0.199537545928645,R104P
99,E,S,0.699464631463779,E99S
29,T,E,0.931830320098332,T29E
96,I,W,0.0587196472701049,I96W
80,P,R,0.693267999955309,P80R
12,E,A,-0.105644712343341,E12A
76,K,W,0.843183322183502,K76W
14,K,D,0.0676756345580209,K14D
71,S,F,0.241348658642597,S71F
153,K,D,1.56900385261497,K153D
67,D,C,0.767302415120168,D67C
146,K,F,0.430436640663163,K146F
136,I,W,0.860927576059592,I136W
23,G,I,0.0330666156039638,G23I
41,W,I,0.0743858732850405,W41I
93,C,Q,0.174639279554454,C93Q
149,R,E,0.5100442668998,R149E
78,E,D,0.801274047609133,E78D
1,M,P,0.162716950072784,M1P
153,K,E,1.04725953773208,K153E
25,V,G,0.186746854975313,V25G
128,P,F,-0.0692379568617618,P128F
43,C,E,0.357735536852392,C43E
107,I,S,0.911427559848285,I107S
124,N,I,0.055169407305137,N124I
158,S,R,0.660107286835592,S158R
56,G,L,-0.014210436266301,G56L
97,L,N,-0.0391840916616133,L97N
142,V,N,1.65330007903984,V142N
66,D,C,0.855072479747088,D66C
130,Q,R,0.60175480277904,Q130R
70,S,E,0.549362264962537,S70E
2,S,Y,0.796579936847548,S2Y
3,G,E,0.739456792711163,G3E
48,K,E,0.422296373972218,K48E
97,L,Y,0.157796600526784,L97Y
159,Y,S,0.828979865812121,Y159S
63,L,T,0.445107059214611,L63T
52,P,V,0.384429964810285,P52V
64,F,N,0.216662743428739,F64N
23,G,C,-0.142224451761262,G23C
138,C,S,0.948914447251092,C138S
98,E,H,1.36479295232377,E98H
6,L,D,0.355270768038124,L6D
44,A,Q,-0.0271943500399746,A44Q
10,A,F,0.685345014778046,A10F
129,A,D,0.10048832081939,A129D
128,P,V,-0.102445470325063,P128V
64,F,Q,0.215705203594645,F64Q
37,N,P,0.0515715197315871,N37P
85,N,K,0.0218870772443515,N85K
6,L,P,0.317352593710508,L6P
36,M,V,0.249186045451754,M36V
128,P,T,0.374588206516557,P128T
115,G,F,-0.0934112958816874,G115F
108,T,G,0.619879977723831,T108G
8,R,W,0.109047508385281,R8W
11,Q,M,0.961022115277521,Q11M
133,A,S,0.727994346658495,A133S
42,E,F,0.624577383939154,E42F
103,W,Q,-0.128192830508472,W103Q
151,Q,S,0.0405368490344058,Q151S
38,L,E,0.308610321707355,L38E
8,R,P,0.343170172580681,R8P
119,L,C,0.153711756945744,L119C
62,M,K,0.155523073686763,M62K
99,E,A,0.744791619310366,E99A
148,V,T,0.0805505153089565,V148T
93,C,W,-0.112181140509908,C93W
86,V,G,-0.0589470731913856,V86G
23,G,R,0.0792846146796545,G23R
58,F,T,0.199557011026718,F58T
4,I,Q,0.645014279057653,I4Q
123,P,L,-0.04941301143803,P123L
49,K,Y,0.498925722081085,K49Y
54,E,N,0.0939464499665771,E54N
153,K,T,0.384272566196043,K153T
49,K,I,0.598742296788434,K49I
129,A,L,-0.161108066649938,A129L
126,Q,S,0.936380565877468,Q126S
63,L,C,0.265199034594997,L63C
152,A,Y,-0.165251878141216,A152Y
46,P,Q,0.07895008274163,P46Q
121,N,I,0.546061183215023,N121I
140,N,V,-0.0379169483018936,N140V
59,K,R,0.926529593544765,K59R
2,S,V,1.18693678085622,S2V
85,N,H,-0.0634406156372791,N85H
53,W,R,0.0393268319471317,W53R
76,K,E,1.32104484884906,K76E
102,D,L,0.0634119622262311,D102L
132,E,N,0.416595122113252,E132N
9,L,K,0.371503123096856,L9K
95,S,Q,0.0398009592715399,S95Q
118,E,Q,0.538131835728373,E118Q
33,D,P,-0.0378098413908427,D33P
94,L,A,0.101926311108383,L94A
59,K,F,0.946668131316734,K59F
132,E,G,0.666470672456077,E132G
91,T,E,1.04714152799087,T91E
46,P,W,0.0065518130438965,P46W
7,S,V,0.637924000252843,S7V
123,P,I,0.112740373402969,P123I
122,E,C,0.944475571863147,E122C
60,L,F,1.21298493573709,L60F
73,P,E,-0.0075914807958468,P73E
52,P,E,1.11872114611152,P52E
99,E,H,0.318683708423222,E99H
134,Y,I,0.2761575557841,Y134I
58,F,D,0.18675221599905,F58D
70,S,V,0.541910164776989,S70V
50,G,A,0.672534758686312,G50A
61,R,I,0.481564990156268,R61I
138,C,M,0.702450584082768,C138M
79,P,F,0.791736890253026,P79F
56,G,F,-0.125325524480278,G56F
37,N,V,0.901543104886634,N37V
33,D,C,0.11567319340939,D33C
151,Q,N,0.29698407342373,Q151N
121,N,G,0.400779969144268,N121G
88,P,R,1.2190359945992,P88R
77,F,Q,-0.121947811285912,F77Q
115,G,Y,0.158773353361995,G115Y
124,N,T,-0.0087098733971144,N124T
7,S,N,1.16259552900855,S7N
89,S,Y,1.63555001936291,S89Y
117,Q,D,0.298687427100234,Q117D
44,A,I,0.678456494776775,A44I
126,Q,K,0.809040742351209,Q126K
148,V,I,1.3122735142644,V148I
141,R,K,0.640346781361631,R141K
40,N,D,1.11511525396104,N40D
92,V,F,0.0852154794978285,V92F
37,N,L,0.551536978365923,N37L
138,C,W,0.433488850080372,C138W
18,K,T,0.32050813100411,K18T
10,A,G,0.389554666053762,A10G
44,A,T,0.46428661372242,A44T
89,S,F,0.812311289251342,S89F
32,P,A,0.866791346345802,P32A
11,Q,I,1.00982517582691,Q11I
138,C,Y,-0.159507734877812,C138Y
66,D,V,0.341652705946794,D66V
124,N,W,0.510340013338396,N124W
64,F,D,0.134854273233485,F64D
61,R,C,0.71986676858922,R61C
43,C,V,1.31113721817624,C43V
97,L,H,0.681575799692927,L97H
115,G,V,-0.261549255802616,G115V
35,T,G,0.319890756584012,T35G
20,H,D,0.139573514347921,H20D
153,K,S,0.634227379087302,K153S
143,E,W,0.425147304392289,E143W
14,K,P,-0.0783677101529977,K14P
136,I,L,0.603177397699821,I136L
46,P,E,0.252513952949235,P46E
120,L,F,0.244380718765479,L120F
35,T,W,0.0166806758680691,T35W
124,N,M,0.064241165337972,N124M
88,P,L,1.05389202648494,P88L
62,M,A,0.537808690305474,M62A
125,I,A,0.355425618001091,I125A
19,D,L,0.0624762575502524,D19L
87,Y,Q,0.132080708612931,Y87Q
87,Y,H,0.123929751513487,Y87H
88,P,A,1.03502160031001,P88A
57,L,M,0.532127744903983,L57M
30,K,D,0.189703091047663,K30D
143,E,K,0.62946532712573,E143K
147,R,V,0.71896138398062,R147V
92,V,D,0.244550550810013,V92D
113,L,R,-0.0411867946557814,L113R
155,F,C,0.711258730840458,F155C
36,M,C,0.308492712703115,M36C
101,K,P,0.430005596524075,K101P
134,Y,V,0.376485647324634,Y134V
12,E,V,0.057233962456221,E12V
9,L,Q,0.0254577174982881,L9Q
119,L,V,0.271458021539225,L119V
137,Y,W,-0.169980125345371,Y137W
94,L,V,1.43267486030996,L94V
132,E,H,0.498566489631445,E132H
72,P,G,0.406717599412924,P72G
66,D,I,0.554529522264624,D66I
91,T,A,1.49450843915992,T91A
45,I,Y,0.235291058236582,I45Y
121,N,Q,0.884260766196858,N121Q
41,W,K,0.164873127145465,W41K
9,L,I,0.187654929901306,L9I
130,Q,M,-0.010480961928602,Q130M
100,D,I,2.05618393457439,D100I
153,K,I,1.20119959777692,K153I
141,R,C,0.715473150313713,R141C
21,P,V,-0.0992928156017971,P21V
52,P,Q,0.725194496262541,P52Q
153,K,F,0.413188336533996,K153F
116,I,W,0.0122645238713316,I116W
52,P,K,0.660505503202189,P52K
104,R,M,0.0199096322717267,R104M
131,A,D,0.416305368017637,A131D
55,G,Q,0.71394310401581,G55Q
158,S,I,0.736923417913248,S158I
15,A,E,0.814991244880495,A15E
26,A,N,0.0804526710373558,A26N
125,I,E,0.189577405151008,I125E
61,R,V,0.595439332136512,R61V
130,Q,D,0.0301712059605628,Q130D
124,N,P,0.0617450904337642,N124P
88,P,T,1.21700144989225,P88T
116,I,Q,0.216410795232531,I116Q
147,R,M,0.831026469250093,R147M
107,I,Q,0.728758666544277,I107Q
44,A,K,1.72718910363125,A44K
11,Q,C,1.12626011258908,Q11C
103,W,F,0.645354913658489,W103F
27,V,S,0.411155489160602,V27S
53,W,G,-0.115645509347982,W53G
47,G,F,0.212026788009655,G47F
117,Q,C,0.794076111956633,Q117C
54,E,P,-0.0764379111259745,E54P
122,E,L,0.56904075957513,E122L
67,D,S,0.869766960827628,D67S
9,L,A,0.333705414059884,L9A
130,Q,P,-0.204841002209791,Q130P
24,F,I,0.191566732805737,F24I
49,K,V,1.18144774022255,K49V
135,T,G,0.227559352839581,T135G
80,P,F,0.774276071964571,P80F
102,D,H,1.05523158780864,D102H
102,D,C,0.682224857095368,D102C
70,S,M,0.62298980045867,S70M
75,C,T,0.408278951004862,C75T
90,G,D,0.173720060511071,G90D
88,P,S,1.09630455675974,P88S
15,A,V,0.637261001465717,A15V
145,E,M,0.690066098367967,E145M
58,F,G,0.109277991975381,F58G
131,A,I,0.0949838732443733,A131I
152,A,G,0.287432985647329,A152G
10,A,L,0.559734498186229,A10L
25,V,D,0.569421015189346,V25D
94,L,Y,0.0683428197233297,L94Y
23,G,Q,-0.253665435886762,G23Q
128,P,W,0.093066913099735,P128W
94,L,P,-0.184074762640888,L94P
84,P,I,1.0482508161317,P84I
59,K,E,0.695139889287619,K59E
64,F,I,0.707722844925408,F64I
81,L,W,-0.0278793351587814,L81W
20,H,G,-0.0717761858236973,H20G
25,V,F,0.641166345291098,V25F
119,L,I,0.123259957465474,L119I
24,F,A,0.0189208358916488,F24A
71,S,L,0.225588088719765,S71L
121,N,S,0.759073066063853,N121S
126,Q,D,0.618310915100631,Q126D
65,K,D,0.130808619190651,K65D
24,F,T,0.104141807784246,F24T
62,M,P,0.0656213977478099,M62P
44,A,D,0.322560501630066,A44D
53,W,K,-0.0876957147026669,W53K
8,R,F,0.513648886113347,R8F
100,D,L,0.782790826044126,D100L
64,F,P,0.212221274314648,F64P
10,A,C,-0.0635021363452604,A10C
50,G,Q,0.616813371929446,G50Q
38,L,K,-0.162901684436087,L38K
43,C,H,-0.082082436828624,C43H
3,G,Y,0.841080954704632,G3Y
128,P,M,0.0487854793079331,P128M
147,R,F,0.0531936772400237,R147F
152,A,D,-0.161840947356476,A152D
65,K,M,1.56359181499697,K65M
36,M,D,0.197293001576409,M36D
106,A,C,0.564008034559928,A106C
39,M,D,0.381710113740476,M39D
138,C,G,0.395801803087369,C138G
26,A,W,0.456135665082877,A26W
98,E,M,0.961139334438869,E98M
15,A,W,0.447082661720598,A15W
129,A,F,-0.148131078395866,A129F
2,S,P,0.548451065378766,S2P
65,K,C,0.724579011717049,K65C
20,H,W,-0.0502050583795693,H20W
99,E,W,0.373496566123056,E99W
27,V,C,1.08638361031361,V27C
50,G,H,0.683377553962572,G50H
74,K,L,1.35271359198421,K74L
12,E,H,0.159793142937294,E12H
113,L,E,-0.0029322495025288,L113E
60,L,Q,0.102444699850704,L60Q
98,E,W,0.58651467893337,E98W
36,M,A,0.048753471864502,M36A
99,E,Y,1.05305566149222,E99Y
115,G,H,-0.114312913388115,G115H
66,D,M,0.662741861323652,D66M
136,I,P,-0.0632821512935234,I136P
8,R,G,-0.0387715074873186,R8G
29,T,H,0.796232459351764,T29H
8,R,Q,0.19058116040136,R8Q
40,N,W,0.177286769657275,N40W
135,T,A,0.776930758877992,T135A
8,R,A,0.591469577579759,R8A
21,P,L,0.128744582752777,P21L
80,P,W,0.99085983235134,P80W
68,Y,M,0.153037350964068,Y68M
109,I,N,-0.008088740639579,I109N
110,K,N,0.453760405864183,K110N
20,H,V,-0.171120738795267,H20V
154,K,F,0.0950926503914889,K154F
13,R,F,-0.005296988695553,R13F
69,P,N,-0.0853746442924815,P69N
157,P,H,0.568100999950879,P157H
100,D,V,1.43649660633825,D100V
96,I,D,0.66330983146885,I96D
13,R,W,-0.0935349232299444,R13W
47,G,K,0.026580161909299,G47K
157,P,D,0.575002221903014,P157D
98,E,R,0.308144181363481,E98R
85,N,M,0.587059473996889,N85M
89,S,L,0.508345661740231,S89L
1,M,Y,0.279318852952811,M1Y
62,M,F,1.08567057302029,M62F
5,A,L,0.489097111741782,A5L
105,P,G,0.614180973124689,P105G
125,I,S,0.495905789133187,I125S
136,I,K,0.359759356186267,I136K
4,I,P,0.378443915154597,I4P
73,P,S,0.180405004360201,P73S
130,Q,K,0.0572454438910235,Q130K
114,L,G,0.759085188440321,L114G
95,S,P,-0.0701233030865981,S95P
156,A,Y,0.394941864642544,A156Y
92,V,M,-0.0385748527921438,V92M
115,G,D,-0.0942259794207562,G115D
47,G,P,-0.0619984127721651,G47P
123,P,T,-0.121709163121909,P123T
102,D,N,0.452539210655042,D102N
103,W,K,-0.0660138349050319,W103K
83,H,V,0.0265678735787038,H83V
38,L,M,0.269018146297411,L38M
49,K,D,0.4683786366799,K49D
69,P,I,-0.0598583724294166,P69I
120,L,T,0.276593174716651,L120T
105,P,E,0.560566763995229,P105E
55,G,Y,1.20526639445068,G55Y
60,L,Y,0.494126668004868,L60Y
47,G,Q,0.208986193166065,G47Q
110,K,F,0.0913116068152498,K110F
141,R,A,0.612521190979411,R141A
113,L,N,0.128875559634195,L113N
36,M,P,-0.0032884493054054,M36P
109,I,W,0.436391211433603,I109W
104,R,H,-0.0321708406263327,R104H
134,Y,M,0.525367483889457,Y134M
26,A,M,-0.0268637800572202,A26M
70,S,H,0.340134556962611,S70H
54,E,Y,0.331043021936887,E54Y
25,V,T,0.30333716753807,V25T
21,P,S,0.344854763095629,P21S
138,C,E,1.3491263519542,C138E
135,T,K,0.24027798477111,T135K
72,P,D,0.151650154193448,P72D
39,M,S,0.154728367631536,M39S
78,E,S,0.682828876342207,E78S
44,A,G,1.12438180734713,A44G
63,L,M,0.997496374719154,L63M
42,E,M,0.32031173279526,E42M
132,E,R,0.440449743197442,E132R
68,Y,Q,-0.159757102656997,Y68Q
6,L,C,0.692639681218628,L6C
128,P,Y,-0.0238256820019089,P128Y
155,F,I,0.452715902580782,F155I
8,R,D,0.493781180375983,R8D
8,R,E,0.95418573541433,R8E
1,M,C,0.395800302167054,M1C
8,R,M,0.694421143018018,R8M
45,I,Q,0.0234352202784794,I45Q
110,K,D,0.285799051975935,K110D
49,K,P,0.169666634983805,K49P
131,A,W,-0.079085804632144,A131W
99,E,Q,1.09474175512178,E99Q
149,R,D,0.421008777155131,R149D
86,V,E,-0.134995031489011,V86E
135,T,S,0.70065647108271,T135S
23,G,M,0.0128682883758304,G23M
81,L,Y,-0.0171569421148824,L81Y
88,P,D,1.67504291050256,P88D
25,V,P,0.0869423428395095,V25P
5,A,G,1.02785077211881,A5G
113,L,P,0.114549731437174,L113P
142,V,A,0.698544985910737,V142A
113,L,H,0.0166977779814152,L113H
147,R,C,0.682085716280763,R147C
27,V,W,0.234116904425386,V27W
156,A,F,0.664263628668862,A156F
39,M,P,0.214212320754319,M39P
85,N,L,-0.132704529918581,N85L
44,A,M,1.01614842940299,A44M
42,E,P,0.0449405354026443,E42P
140,N,G,0.0404569259853173,N140G
156,A,D,1.35304499835355,A156D
57,L,G,0.19921512652503,L57G
101,K,G,0.523138401915534,K101G
2,S,I,0.388532304174072,S2I
75,C,V,2.04639969386252,C75V
27,V,F,0.0763772111461299,V27F
78,E,P,0.0335669426250393,E78P
136,I,G,0.0120309802342529,I136G
47,G,R,-0.0630247661341248,G47R
105,P,H,-0.0555597527890632,P105H
66,D,F,0.533513557312395,D66F
2,S,H,0.842288083059715,S2H
62,M,L,0.437548135924407,M62L
148,V,S,0.0404656380246307,V148S
38,L,C,0.333953735587523,L38C
82,F,A,0.0457837699389754,F82A
11,Q,L,0.883003020769589,Q11L
132,E,L,0.459849525582158,E132L
37,N,C,1.25815246546376,N37C
101,K,Y,1.3296389401684,K101Y
139,Q,Y,1.05351092693658,Q139Y
82,F,Y,0.178483493981164,F82Y
63,L,Y,0.521546875242158,L63Y
27,V,T,0.0939722598269968,V27T
103,W,G,0.0361554638312345,W103G
102,D,S,1.02941253331519,D102S
29,T,C,0.911492850084838,T29C
158,S,K,0.382243372041002,S158K
92,V,A,0.543733765434198,V92A
143,E,H,0.580634943126689,E143H
3,G,S,0.12424749517047,G3S
97,L,S,0.511361645475147,L97S
68,Y,G,-0.0245240143305037,Y68G
136,I,H,0.334178412497043,I136H
73,P,D,-0.129710856556719,P73D
28,P,L,0.319834943058103,P28L
45,I,N,0.0793025072976127,I45N
27,V,K,0.917730161335641,V27K
21,P,T,-0.0060381897075411,P21T
24,F,P,-0.233532641920701,F24P
99,E,F,0.517956688172642,E99F
119,L,W,0.544514317984519,L119W
27,V,H,0.816168371177381,V27H
111,Q,Y,1.31025525376879,Q111Y
54,E,H,0.394366011146774,E54H
126,Q,M,0.695549510798531,Q126M
112,I,M,1.2808074973405,I112M
16,W,A,0.147795450899344,W16A
20,H,T,0.0284782227644659,H20T
9,L,W,0.189669848863238,L9W
11,Q,W,0.702056539971624,Q11W
42,E,R,0.619255224354828,E42R
46,P,D,0.154078983890581,P46D
18,K,S,0.50774419912741,K18S
79,P,V,1.18654316437342,P79V
48,K,W,-0.0667574132457954,K48W
150,A,F,0.602740733206029,A150F
146,K,R,0.837543463424251,K146R
39,M,C,0.498530336199653,M39C
19,D,Y,0.0543017474354122,D19Y
47,G,W,0.414292045508228,G47W
78,E,K,1.25829627458349,E78K
67,D,G,1.04386839668566,D67G
147,R,K,0.865623203083412,R147K
34,G,R,0.522570719821304,G34R
6,L,W,0.506818338404089,L6W
16,W,K,0.141676829956552,W16K
13,R,C,-0.0490030821920163,R13C
102,D,V,0.424210925609928,D102V
148,V,R,-0.0002637801196272,V148R
104,R,Y,-0.0487011465641063,R104Y
42,E,A,0.993305203686648,E42A
98,E,I,2.28284476509321,E98I
159,Y,H,0.787380213719388,Y159H
101,K,H,1.10142956335014,K101H
133,A,F,0.210689858837996,A133F
16,W,Y,0.183475047652881,W16Y
31,N,H,0.681584068499324,N31H
125,I,R,0.023522982905538,I125R
67,D,V,0.54274895037784,D67V
107,I,W,-0.094907891219368,I107W
122,E,N,0.92344527055803,E122N
26,A,E,-0.0002431027331053,A26E
151,Q,Y,0.42613100764248,Q151Y
156,A,K,0.158622203039267,A156K
42,E,C,0.543724663515377,E42C
100,D,Y,1.09033890703944,D100Y
112,I,L,1.30696516232903,I112L
132,E,M,0.48424608817243,E132M
27,V,N,0.440748077790036,V27N
36,M,I,0.480516761912328,M36I
127,D,Y,0.767012985693553,D127Y
31,N,G,0.25851358001707,N31G
42,E,T,0.793449961671273,E42T
19,D,Q,-0.0799048310081561,D19Q
111,Q,F,1.21672708560664,Q111F
57,L,C,0.813576946056238,L57C
88,P,Y,0.315409700136823,P88Y
145,E,G,0.186078371625227,E145G
131,A,T,1.00014220343988,A131T
67,D,K,0.344974450040432,D67K
27,V,I,0.75108080033775,V27I
149,R,I,0.899144523641179,R149I
40,N,I,0.295275526828996,N40I
2,S,K,0.143333021294869,S2K
46,P,R,0.284119252032851,P46R
79,P,Y,1.4481571559772,P79Y
9,L,Y,0.828613431536581,L9Y
11,Q,K,0.698899091914938,Q11K
47,G,L,-0.035823612009723,G47L
62,M,E,-0.0168417819490236,M62E
139,Q,L,0.662244633282194,Q139L
70,S,R,0.488914853470047,S70R
141,R,W,0.274740716048991,R141W
138,C,A,1.54139415056101,C138A
84,P,Q,-0.0551312088796668,P84Q
42,E,D,0.787697529142839,E42D
43,C,T,1.50840946788387,C43T
29,T,N,1.56780975765198,T29N
157,P,E,0.213691035520142,P157E
119,L,D,0.0922261595007707,L119D
143,E,R,0.225015915369796,E143R
101,K,Q,0.528714303624527,K101Q
11,Q,N,0.532588642287354,Q11N
3,G,H,0.453758132639678,G3H
69,P,Y,-0.0492530155582274,P69Y
40,N,Q,0.290437742523254,N40Q
15,A,H,0.659642097743612,A15H
89,S,V,0.288839224336022,S89V
146,K,N,0.670057360055571,K146N
106,A,G,0.691361985126309,A106G
39,M,T,0.556186980247154,M39T
99,E,M,0.656333570027369,E99M
100,D,N,1.11566493164854,D100N
2,S,L,-0.0015564689538543,S2L
83,H,I,0.0254078723882222,H83I
60,L,M,0.789092568495971,L60M
70,S,W,0.545421868942928,S70W
143,E,T,0.349098875241857,E143T
139,Q,D,0.892325993605013,Q139D
107,I,K,0.176754065812974,I107K
50,G,P,-0.0694362492355025,G50P
126,Q,W,0.653852247999288,Q126W
134,Y,T,0.150466694062234,Y134T
153,K,N,1.03634644762498,K153N
42,E,G,0.686704429053559,E42G
128,P,I,0.114840486023264,P128I
20,H,F,0.0756767858696249,H20F
100,D,W,0.165201182489175,D100W
3,G,W,0.789712214199688,G3W
126,Q,P,0.103039912811284,Q126P
40,N,P,0.215444752199343,N40P
61,R,Y,0.519754642387722,R61Y
87,Y,V,0.283401181043808,Y87V
27,V,P,0.430942035995758,V27P
157,P,K,1.25936097376586,P157K
41,W,G,-0.0413150157243175,W41G
38,L,D,-0.0799652761380623,L38D
65,K,F,0.398181853131283,K65F
90,G,K,0.0120770206331324,G90K
151,Q,P,-0.0421469508455912,Q151P
120,L,P,0.0011947249432756,L120P
115,G,Q,0.0001345023708935,G115Q
152,A,I,0.06277411891054,A152I
140,N,T,0.0178522821391394,N140T
88,P,F,0.522136016935759,P88F
37,N,G,0.809490559789,N37G
90,G,L,-0.0278821975731588,G90L
11,Q,A,1.23918933516783,Q11A
103,W,N,-0.0877192462171969,W103N
74,K,Y,1.47273158391711,K74Y
69,P,V,0.107689798351806,P69V
16,W,T,0.0763420180782179,W16T
109,I,H,0.0719494334976974,I109H
149,R,F,0.463361736037766,R149F
97,L,E,0.128839592656268,L97E
95,S,A,0.0817554511191298,S95A
157,P,T,0.71641918824968,P157T
54,E,T,0.585937778208107,E54T
142,V,Y,1.00365165489143,V142Y
114,L,F,0.73195094826506,L114F
64,F,M,1.94858619347113,F64M
49,K,L,0.260198702480042,K49L
93,C,S,-0.198918083023476,C93S
159,Y,E,0.807432896218862,Y159E
141,R,F,0.734347853856079,R141F
92,V,W,0.0655017574847525,V92W
152,A,S,0.409490469408022,A152S
144,Y,P,0.0689529231138733,Y144P
110,K,R,0.815475334221245,K110R
133,A,I,0.0555458918983154,A133I
9,L,M,0.120832737298453,L9M
135,T,C,1.37608298351781,T135C
67,D,W,0.201437750828904,D67W
6,L,N,0.862689498216833,L6N
49,K,S,0.111703143558627,K49S
141,R,E,0.0871378636406491,R141E
144,Y,T,-0.217371198374873,Y144T
105,P,I,0.311625911143486,P105I
84,P,H,-0.159799527595728,P84H
25,V,C,0.603042308111979,V25C
97,L,W,0.535766786682928,L97W
10,A,D,-0.158761531359689,A10D
106,A,Q,0.155983552644995,A106Q
6,L,F,0.604801266333571,L6F
134,Y,D,0.175094321496595,Y134D
112,I,Q,0.919451793711786,I112Q
129,A,Q,0.0972526030225044,A129Q
34,G,M,0.431967305497016,G34M
4,I,G,0.279044046582863,I4G
62,M,R,-0.164340120222101,M62R
149,R,A,0.211582818612146,R149A
70,S,K,0.273424315600548,S70K
47,G,D,0.166746825061861,G47D
53,W,N,0.356252813317922,W53N
135,T,Q,0.757835996791294,T135Q
57,L,F,0.444392429309995,L57F
112,I,C,0.73391587876447,I112C
153,K,P,0.224766717659898,K153P
20,H,K,0.0754380477655951,H20K
127,D,P,-0.152406097196467,D127P
31,N,I,0.548869147535273,N31I
70,S,P,0.123522041062513,S70P
106,A,P,0.15986208946704,A106P
5,A,I,1.40298704265353,A5I
127,D,G,0.438262389968229,D127G
14,K,R,1.40612897247001,K14R
34,G,A,0.295652130877813,G34A
106,A,E,0.11224678133847,A106E
1,M,E,0.232060085406369,M1E
66,D,H,0.806952595347647,D66H
80,P,G,0.864203439804577,P80G
155,F,S,0.620272911699679,F155S
156,A,V,0.44273485798405,A156V
61,R,T,0.934989579323163,R61T
19,D,H,0.260996558874118,D19H
121,N,K,0.612602192880358,N121K
148,V,W,0.0430803390637965,V148W
96,I,Y,0.161114290292878,I96Y
10,A,Q,0.551402593269167,A10Q
33,D,G,0.0087438635380045,D33G
39,M,G,0.462496807591079,M39G
30,K,R,1.14715798718887,K30R
103,W,T,0.0249601758379476,W103T
31,N,Y,0.875384534461134,N31Y
136,I,M,0.66579632075441,I136M
6,L,E,0.608857908978857,L6E
79,P,G,1.04879105426148,P79G
73,P,W,-0.0216897590102478,P73W
136,I,N,0.301424432742249,I136N
77,F,V,-0.0284938922013346,F77V
110,K,S,0.270116507088307,K110S
108,T,A,1.56049301078552,T108A
152,A,F,0.271289655431677,A152F
82,F,I,0.0659305980692319,F82I
72,P,Y,-0.117083096530427,P72Y
60,L,H,0.116651902688773,L60H
146,K,E,0.980839522848957,K146E
5,A,H,3.36290230849048,A5H
64,F,G,0.0458765841889842,F64G
17,R,S,0.330711956275718,R17S
159,Y,G,0.810619218545953,Y159G
119,L,P,-0.047764795925193,L119P
89,S,A,0.989999274912982,S89A
157,P,V,0.114525420825431,P157V
23,G,K,0.433192307952018,G23K
40,N,A,1.58315191459108,N40A
111,Q,P,1.50367738178127,Q111P
81,L,R,0.0563228982087181,L81R
130,Q,G,-0.130483996129108,Q130G
132,E,D,1.01437056762744,E132D
110,K,Y,0.13923368287066,K110Y
87,Y,L,0.0145225602269478,Y87L
58,F,E,0.151647215165598,F58E
89,S,Q,1.90182189643829,S89Q
25,V,Q,0.739656533882243,V25Q
64,F,L,0.672868017589351,F64L
89,S,K,0.691894077947628,S89K
96,I,Q,0.239825686327564,I96Q
6,L,S,0.320900906059466,L6S
127,D,Q,-0.12995432601096,D127Q
112,I,R,0.27598812872151,I112R
133,A,Q,0.0415726847162313,A133Q
144,Y,M,-0.164103057772618,Y144M
36,M,W,-0.121476251398803,M36W
120,L,K,0.0162927889051277,L120K
29,T,L,1.205579834272,T29L
146,K,D,1.09424905783025,K146D
21,P,H,0.154479455047797,P21H
14,K,Y,0.208559971456878,K14Y
136,I,Y,0.668058555280279,I136Y
131,A,R,0.161533977406254,A131R
88,P,V,0.439544813188597,P88V
71,S,A,1.24509768678785,S71A
134,Y,P,0.117951347343683,Y134P
30,K,I,0.582807485998062,K30I
114,L,W,0.95930718660764,L114W
129,A,V,-0.138812048628999,A129V
79,P,D,1.03740730913065,P79D
94,L,K,-0.0982479456505982,L94K
35,T,M,0.0972546117123203,T35M
126,Q,V,1.11442197488854,Q126V
88,P,C,-0.0093057473010371,P88C
89,S,N,0.299223464951049,S89N
151,Q,R,-0.126521970684552,Q151R
81,L,A,0.188840338706152,L81A
86,V,P,-0.0246375636334383,V86P
105,P,M,0.517940228851339,P105M
107,I,A,0.902413974364597,I107A
9,L,F,-0.169738896706051,L9F
72,P,F,-0.298711248253246,P72F
3,G,T,0.405291142275501,G3T
62,M,N,-0.0037435210596349,M62N
137,Y,E,-0.0198411759556406,Y137E
136,I,C,0.504066316253163,I136C
127,D,W,-0.0843591472923827,D127W
28,P,K,0.195548800472961,P28K
159,Y,F,0.834225853886657,Y159F
133,A,K,0.0813273800833039,A133K
25,V,H,0.520254627214559,V25H
38,L,V,0.485553079625372,L38V
34,G,H,1.19402231741712,G34H
100,D,M,2.27688053780806,D100M
22,F,H,0.419895489662025,F22H
141,R,M,1.37685273417723,R141M
91,T,W,1.01850850100608,T91W
41,W,S,0.0239532849717549,W41S
29,T,D,0.585503523070997,T29D
32,P,S,1.0733078339112,P32S
93,C,H,0.0870290714018122,C93H
45,I,H,-0.304131579898461,I45H
114,L,Q,0.794744155772672,L114Q
32,P,M,1.12579062685795,P32M
81,L,C,0.130370698438996,L81C
57,L,S,0.507759420887552,L57S
108,T,S,1.20483095720457,T108S
40,N,C,0.138317525922131,N40C
105,P,F,-0.0836915081372799,P105F
12,E,Y,-0.0307311968573929,E12Y
105,P,Y,0.0400164899979025,P105Y
48,K,V,0.120005667157224,K48V
52,P,H,1.06036415444583,P52H
118,E,L,0.659858101852332,E118L
124,N,L,-0.21969252461732,N124L
13,R,A,0.0084015652195913,R13A
23,G,N,0.670745643000246,G23N
128,P,C,0.391071774462571,P128C
143,E,Q,0.699598848572731,E143Q
22,F,I,-0.0431991977322214,F22I
131,A,G,0.899456462262264,A131G
24,F,K,-0.0537319579379454,F24K
36,M,G,0.0698490760297337,M36G
89,S,P,0.583451030222375,S89P
108,T,D,0.558156671390096,T108D
121,N,A,0.635528054052777,N121A
95,S,H,-0.228460184793451,S95H
120,L,H,-0.126289654596955,L120H
12,E,D,-0.143423061997409,E12D
107,I,M,0.84883121350819,I107M
71,S,Q,0.783287397337288,S71Q
92,V,E,-0.197892700969232,V92E
155,F,M,0.185461529055255,F155M
66,D,R,0.01704364431405,D66R
59,K,Y,0.619993151313588,K59Y
17,R,P,0.0594178087312816,R17P
97,L,D,0.343256619983846,L97D
54,E,K,0.372502771675475,E54K
155,F,Y,0.758880530606054,F155Y
19,D,N,0.280738719021395,D19N
50,G,R,0.920920924977366,G50R
32,P,I,0.86448335079649,P32I
77,F,P,-0.0356996139392243,F77P
72,P,Q,0.506088458112537,P72Q
62,M,C,0.377366530635471,M62C
148,V,A,0.510031909235196,V148A
76,K,S,1.35600870826864,K76S
